 
****************************************
Report : constraint
        -all_violators
Design : ws_core_top_4x4
Version: O-2018.06-SP1
Date   : Mon Apr 20 20:35:50 2026
****************************************


   max_delay/setup ('clk' group)

                             Required        Actual
   Endpoint                 Path Delay     Path Delay        Slack
   -----------------------------------------------------------------
   u_ws_array/gen_row[0].gen_col[0].pe_inst/clk_gate_accumulator_reg/latch/E
                                0.34           0.64 r        -0.30  (VIOLATED)
   u_ws_array/gen_row[0].gen_col[0].pe_inst/clk_gate_partial_out_reg/latch/E
                                0.34           0.63 r        -0.30  (VIOLATED)
   u_ws_array/gen_row[0].gen_col[2].pe_inst/clk_gate_stored_weight_reg/latch/E
                                0.33           0.63 r        -0.30  (VIOLATED)
   u_ws_array/gen_row[0].gen_col[0].pe_inst/clk_gate_input_reg_reg/latch/E
                                0.34           0.63 r        -0.30  (VIOLATED)
   u_ws_array/gen_row[1].gen_col[1].pe_inst/clk_gate_input_reg_reg/latch/E
                                0.34           0.63 r        -0.29  (VIOLATED)
   u_ws_array/gen_row[1].gen_col[1].pe_inst/clk_gate_input_out_reg_reg/latch/E
                                0.34           0.63 r        -0.29  (VIOLATED)
   u_ws_array/gen_row[1].gen_col[1].pe_inst/clk_gate_partial_reg_reg/latch/E
                                0.34           0.63 r        -0.29  (VIOLATED)
   u_ws_array/gen_row[0].gen_col[1].pe_inst/clk_gate_input_reg_reg/latch/E
                                0.33           0.62 r        -0.29  (VIOLATED)
   u_ws_array/gen_row[1].gen_col[1].pe_inst/clk_gate_partial_out_reg/latch/E
                                0.34           0.63 r        -0.29  (VIOLATED)
   u_ws_array/gen_row[0].gen_col[1].pe_inst/clk_gate_partial_out_reg/latch/E
                                0.33           0.62 r        -0.29  (VIOLATED)
   u_ws_array/gen_row[2].gen_col[0].pe_inst/clk_gate_input_out_reg_reg/latch/E
                                0.34           0.63 r        -0.29  (VIOLATED)
   u_ws_array/gen_row[2].gen_col[0].pe_inst/clk_gate_partial_out_reg/latch/E
                                0.34           0.63 r        -0.29  (VIOLATED)
   u_ws_array/gen_row[1].gen_col[1].pe_inst/clk_gate_accumulator_reg/latch/E
                                0.34           0.63 r        -0.29  (VIOLATED)
   u_ws_array/gen_row[2].gen_col[0].pe_inst/clk_gate_accumulator_reg/latch/E
                                0.35           0.63 f        -0.29  (VIOLATED)
   u_ws_array/gen_row[2].gen_col[2].pe_inst/clk_gate_accumulator_reg/latch/E
                                0.34           0.63 r        -0.29  (VIOLATED)
   u_ws_array/gen_row[2].gen_col[0].pe_inst/clk_gate_partial_reg_reg/latch/E
                                0.34           0.63 r        -0.29  (VIOLATED)
   u_ws_array/gen_row[0].gen_col[0].pe_inst/clk_gate_stored_weight_reg/latch/E
                                0.33           0.62 r        -0.29  (VIOLATED)
   u_ws_array/gen_row[2].gen_col[0].pe_inst/clk_gate_stored_weight_reg/latch/E
                                0.34           0.62 r        -0.29  (VIOLATED)
   u_ws_array/gen_row[1].gen_col[0].pe_inst/clk_gate_input_reg_reg/latch/E
                                0.33           0.62 r        -0.29  (VIOLATED)
   u_ws_array/gen_row[1].gen_col[0].pe_inst/clk_gate_accumulator_reg/latch/E
                                0.33           0.62 r        -0.29  (VIOLATED)
   u_ws_array/gen_row[1].gen_col[0].pe_inst/clk_gate_partial_out_reg/latch/E
                                0.33           0.62 r        -0.29  (VIOLATED)
   u_ws_array/gen_row[1].gen_col[0].pe_inst/clk_gate_partial_reg_reg/latch/E
                                0.33           0.62 r        -0.29  (VIOLATED)
   u_ws_array/gen_row[2].gen_col[2].pe_inst/clk_gate_input_reg_reg/latch/E
                                0.34           0.62 r        -0.29  (VIOLATED)
   u_ws_array/gen_row[2].gen_col[2].pe_inst/clk_gate_partial_reg_reg/latch/E
                                0.34           0.62 r        -0.28  (VIOLATED)
   u_ws_array/gen_row[2].gen_col[2].pe_inst/clk_gate_partial_out_reg/latch/E
                                0.34           0.62 r        -0.28  (VIOLATED)
   u_ws_array/gen_row[0].gen_col[2].pe_inst/clk_gate_input_reg_reg/latch/E
                                0.34           0.62 r        -0.28  (VIOLATED)
   u_ws_array/gen_row[0].gen_col[2].pe_inst/clk_gate_accumulator_reg/latch/E
                                0.35           0.63 f        -0.28  (VIOLATED)
   u_ws_array/gen_row[1].gen_col[2].pe_inst/clk_gate_partial_out_reg/latch/E
                                0.35           0.63 f        -0.28  (VIOLATED)
   u_ws_array/gen_row[1].gen_col[2].pe_inst/clk_gate_partial_reg_reg/latch/E
                                0.35           0.63 f        -0.28  (VIOLATED)
   u_ws_array/gen_row[1].gen_col[2].pe_inst/clk_gate_input_reg_reg/latch/E
                                0.35           0.63 f        -0.28  (VIOLATED)
   u_ws_array/gen_row[1].gen_col[0].pe_inst/clk_gate_input_out_reg_reg/latch/E
                                0.34           0.62 f        -0.28  (VIOLATED)
   u_ws_array/gen_row[0].gen_col[2].pe_inst/clk_gate_partial_out_reg/latch/E
                                0.35           0.62 f        -0.28  (VIOLATED)
   u_ws_array/gen_row[2].gen_col[1].pe_inst/clk_gate_partial_out_reg/latch/E
                                0.34           0.61 r        -0.28  (VIOLATED)
   u_ws_array/gen_row[2].gen_col[1].pe_inst/clk_gate_input_reg_reg/latch/E
                                0.34           0.61 r        -0.28  (VIOLATED)
   u_ws_array/gen_row[0].gen_col[1].pe_inst/clk_gate_accumulator_reg/latch/E
                                0.35           0.62 f        -0.28  (VIOLATED)
   u_ws_array/gen_row[2].gen_col[1].pe_inst/clk_gate_partial_reg_reg/latch/E
                                0.34           0.61 r        -0.28  (VIOLATED)
   u_ws_array/gen_row[1].gen_col[3].pe_inst/clk_gate_partial_reg_reg/latch/E
                                0.33           0.61 r        -0.27  (VIOLATED)
   u_ws_array/gen_row[2].gen_col[2].pe_inst/clk_gate_input_out_reg_reg/latch/E
                                0.34           0.61 r        -0.27  (VIOLATED)
   DP_OP_619J1_130_2344/clk_r_REG136_S8/D
                                0.89           1.16 f        -0.27  (VIOLATED)
   DP_OP_612J1_123_2344/clk_r_REG277_S2/D
                                0.85           1.12 r        -0.27  (VIOLATED)
   DP_OP_616J1_127_2344/clk_r_REG485_S2/D
                                0.86           1.13 r        -0.27  (VIOLATED)
   u_ws_array/gen_row[3].gen_col[1].pe_inst/clk_gate_accumulator_reg/latch/E
                                0.34           0.61 r        -0.27  (VIOLATED)
   DP_OP_620J1_131_2344/clk_r_REG696_S2/D
                                0.89           1.16 f        -0.27  (VIOLATED)
   u_ws_array/gen_row[0].gen_col[1].pe_inst/clk_gate_stored_weight_reg/latch/E
                                0.35           0.62 f        -0.27  (VIOLATED)
   DP_OP_612J1_123_2344/clk_r_REG300_S2/D
                                0.89           1.16 f        -0.27  (VIOLATED)
   DP_OP_618J1_129_2344/clk_r_REG626_S2/D
                                0.89           1.16 f        -0.27  (VIOLATED)
   DP_OP_618J1_129_2344/clk_r_REG633_S2/D
                                0.89           1.16 r        -0.27  (VIOLATED)
   DP_OP_616J1_127_2344/clk_r_REG456_S2/D
                                0.85           1.12 r        -0.27  (VIOLATED)
   DP_OP_616J1_127_2344/clk_r_REG491_S2/D
                                0.89           1.16 f        -0.27  (VIOLATED)
   DP_OP_612J1_123_2344/clk_r_REG306_S2/D
                                0.89           1.16 f        -0.27  (VIOLATED)
   DP_OP_618J1_129_2344/clk_r_REG618_S2/D
                                0.89           1.16 f        -0.26  (VIOLATED)
   u_ws_array/gen_row[2].gen_col[1].pe_inst/clk_gate_input_out_reg_reg/latch/E
                                0.34           0.60 r        -0.26  (VIOLATED)
   DP_OP_619J1_130_2344/clk_r_REG169_S8/D
                                0.89           1.16 f        -0.26  (VIOLATED)
   DP_OP_624J1_135_2344/clk_r_REG904_S2/D
                                0.85           1.12 r        -0.26  (VIOLATED)
   DP_OP_612J1_123_2344/clk_r_REG1202_S2/D
                                0.85           1.12 r        -0.26  (VIOLATED)
   DP_OP_617J1_128_2344/clk_r_REG556_S2/D
                                0.89           1.16 f        -0.26  (VIOLATED)
   DP_OP_619J1_130_2344/clk_r_REG148_S8/D
                                0.89           1.16 f        -0.26  (VIOLATED)
   u_ws_array/gen_row[2].gen_col[0].pe_inst/clk_gate_input_reg_reg/latch/E
                                0.34           0.60 r        -0.26  (VIOLATED)
   u_ws_array/gen_row[3].gen_col[0].pe_inst/clk_gate_partial_reg_reg/latch/E
                                0.34           0.60 r        -0.26  (VIOLATED)
   DP_OP_620J1_131_2344/clk_r_REG695_S2/D
                                0.89           1.15 f        -0.26  (VIOLATED)
   u_ws_array/gen_row[1].gen_col[3].pe_inst/clk_gate_input_reg_reg/latch/E
                                0.34           0.60 r        -0.26  (VIOLATED)
   DP_OP_613J1_124_2344/clk_r_REG354_S2/D
                                0.86           1.12 r        -0.26  (VIOLATED)
   DP_OP_615J1_126_2344/clk_r_REG187_S11/D
                                0.89           1.16 f        -0.26  (VIOLATED)
   DP_OP_623J1_134_2344/clk_r_REG205_S5/D
                                0.89           1.16 f        -0.26  (VIOLATED)
   DP_OP_616J1_127_2344/clk_r_REG1124_S2/D
                                0.85           1.12 r        -0.26  (VIOLATED)
   u_ws_array/gen_row[3].gen_col[0].pe_inst/clk_gate_partial_out_reg/latch/E
                                0.34           0.60 r        -0.26  (VIOLATED)
   DP_OP_623J1_134_2344/clk_r_REG1631_S5/D
                                0.85           1.11 r        -0.26  (VIOLATED)
   DP_OP_617J1_128_2344/clk_r_REG572_S2/D
                                0.89           1.15 f        -0.26  (VIOLATED)
   DP_OP_619J1_130_2344/clk_r_REG135_S8/D
                                0.89           1.15 f        -0.26  (VIOLATED)
   DP_OP_616J1_127_2344/clk_r_REG490_S2/D
                                0.89           1.15 f        -0.26  (VIOLATED)
   DP_OP_616J1_127_2344/clk_r_REG458_S2/D
                                0.86           1.12 r        -0.26  (VIOLATED)
   DP_OP_612J1_123_2344/clk_r_REG305_S2/D
                                0.89           1.15 f        -0.26  (VIOLATED)
   DP_OP_615J1_126_2344/clk_r_REG1627_S11/D
                                0.85           1.11 r        -0.26  (VIOLATED)
   DP_OP_617J1_128_2344/clk_r_REG564_S2/D
                                0.89           1.15 r        -0.26  (VIOLATED)
   u_ws_array/gen_row[3].gen_col[0].pe_inst/clk_gate_input_reg_reg/latch/E
                                0.34           0.60 r        -0.26  (VIOLATED)
   DP_OP_620J1_131_2344/clk_r_REG708_S2/D
                                0.89           1.15 r        -0.26  (VIOLATED)
   DP_OP_611J1_122_2344/clk_r_REG1364_S2/D
                                0.89           1.15 f        -0.26  (VIOLATED)
   DP_OP_618J1_129_2344/clk_r_REG625_S2/D
                                0.89           1.15 f        -0.26  (VIOLATED)
   DP_OP_612J1_123_2344/clk_r_REG299_S2/D
                                0.89           1.15 f        -0.26  (VIOLATED)
   DP_OP_617J1_128_2344/clk_r_REG555_S2/D
                                0.89           1.15 f        -0.26  (VIOLATED)
   DP_OP_618J1_129_2344/clk_r_REG632_S2/D
                                0.89           1.15 f        -0.26  (VIOLATED)
   DP_OP_616J1_127_2344/clk_r_REG474_S2/D
                                0.86           1.12 r        -0.26  (VIOLATED)
   DP_OP_616J1_127_2344/clk_r_REG482_S2/D
                                0.86           1.12 r        -0.26  (VIOLATED)
   clk_r_REG1774_S5/D           0.85           1.11 r        -0.26  (VIOLATED)
   DP_OP_612J1_123_2344/clk_r_REG296_S2/D
                                0.89           1.15 f        -0.26  (VIOLATED)
   DP_OP_622J1_133_2344/clk_r_REG1156_S2/D
                                0.89           1.15 r        -0.26  (VIOLATED)
   DP_OP_618J1_129_2344/clk_r_REG617_S2/D
                                0.89           1.15 f        -0.26  (VIOLATED)
   DP_OP_615J1_126_2344/clk_r_REG140_S11/D
                                0.89           1.15 f        -0.26  (VIOLATED)
   DP_OP_619J1_130_2344/clk_r_REG245_S8/D
                                0.89           1.15 f        -0.26  (VIOLATED)
   clk_r_REG311_S3/D            0.84           1.10 r        -0.26  (VIOLATED)
   DP_OP_618J1_129_2344/clk_r_REG624_S2/D
                                0.89           1.15 f        -0.26  (VIOLATED)
   clk_r_REG1801_S2/D           0.89           1.15 r        -0.26  (VIOLATED)
   DP_OP_615J1_126_2344/clk_r_REG213_S11/D
                                0.89           1.15 r        -0.26  (VIOLATED)
   DP_OP_618J1_129_2344/clk_r_REG607_S2/D
                                0.89           1.15 r        -0.26  (VIOLATED)
   DP_OP_611J1_122_2344/clk_r_REG1279_S2/D
                                0.89           1.15 f        -0.26  (VIOLATED)
   DP_OP_617J1_128_2344/clk_r_REG571_S2/D
                                0.89           1.15 f        -0.26  (VIOLATED)
   DP_OP_626J1_137_2344/clk_r_REG1358_S2/D
                                0.89           1.15 r        -0.26  (VIOLATED)
   DP_OP_624J1_135_2344/clk_r_REG922_S2/D
                                0.89           1.15 f        -0.26  (VIOLATED)
   DP_OP_625J1_136_2344/clk_r_REG1002_S2/D
                                0.89           1.15 f        -0.26  (VIOLATED)
   DP_OP_621J1_132_2344/clk_r_REG776_S2/D
                                0.89           1.15 f        -0.26  (VIOLATED)
   DP_OP_611J1_122_2344/clk_r_REG1363_S2/D
                                0.89           1.15 f        -0.26  (VIOLATED)
   DP_OP_613J1_124_2344/clk_r_REG353_S2/D
                                0.86           1.12 r        -0.26  (VIOLATED)
   u_ws_array/gen_row[1].gen_col[3].pe_inst/clk_gate_partial_out_reg/latch/E
                                0.34           0.59 r        -0.26  (VIOLATED)
   DP_OP_619J1_130_2344/clk_r_REG147_S8/D
                                0.89           1.15 f        -0.26  (VIOLATED)
   DP_OP_620J1_131_2344/clk_r_REG714_S2/D
                                0.86           1.11 r        -0.26  (VIOLATED)
   u_ws_array/gen_row[1].gen_col[3].pe_inst/clk_gate_accumulator_reg/latch/E
                                0.34           0.59 r        -0.26  (VIOLATED)
   DP_OP_623J1_134_2344/clk_r_REG204_S5/D
                                0.89           1.15 f        -0.26  (VIOLATED)
   DP_OP_611J1_122_2344/clk_r_REG256_S2/D
                                0.89           1.15 r        -0.26  (VIOLATED)
   DP_OP_617J1_128_2344/clk_r_REG528_S2/D
                                0.85           1.11 r        -0.26  (VIOLATED)
   DP_OP_612J1_123_2344/clk_r_REG294_S2/D
                                0.89           1.15 f        -0.26  (VIOLATED)
   DP_OP_617J1_128_2344/clk_r_REG536_S2/D
                                0.89           1.15 f        -0.26  (VIOLATED)
   DP_OP_625J1_136_2344/clk_r_REG1012_S2/D
                                0.89           1.15 r        -0.26  (VIOLATED)
   u_ws_array/gen_row[1].gen_col[0].pe_inst/clk_gate_stored_weight_reg/latch/E
                                0.34           0.59 r        -0.26  (VIOLATED)
   DP_OP_618J1_129_2344/clk_r_REG1230_S2/D
                                0.85           1.11 r        -0.26  (VIOLATED)
   u_ws_array/gen_row[2].gen_col[1].pe_inst/clk_gate_accumulator_reg/latch/E
                                0.34           0.59 r        -0.26  (VIOLATED)
   DP_OP_619J1_130_2344/clk_r_REG199_S8/D
                                0.89           1.15 f        -0.26  (VIOLATED)
   DP_OP_612J1_123_2344/clk_r_REG290_S2/D
                                0.89           1.15 f        -0.26  (VIOLATED)
   DP_OP_614J1_125_2344/clk_r_REG1117_S2/D
                                0.89           1.15 r        -0.26  (VIOLATED)
   DP_OP_619J1_130_2344/clk_r_REG244_S8/D
                                0.89           1.15 f        -0.26  (VIOLATED)
   DP_OP_616J1_127_2344/clk_r_REG1313_S2/D
                                0.86           1.11 r        -0.26  (VIOLATED)
   DP_OP_617J1_128_2344/clk_r_REG1222_S2/D
                                0.85           1.11 r        -0.25  (VIOLATED)
   clk_r_REG309_S3/D            0.84           1.10 r        -0.25  (VIOLATED)
   DP_OP_618J1_129_2344/clk_r_REG623_S2/D
                                0.89           1.15 f        -0.25  (VIOLATED)
   DP_OP_611J1_122_2344/clk_r_REG220_S2/D
                                0.86           1.11 r        -0.25  (VIOLATED)
   DP_OP_615J1_126_2344/clk_r_REG186_S11/D
                                0.89           1.15 f        -0.25  (VIOLATED)
   u_ws_array/gen_row[1].gen_col[2].pe_inst/clk_gate_accumulator_reg/latch/E
                                0.34           0.59 r        -0.25  (VIOLATED)
   DP_OP_619J1_130_2344/clk_r_REG209_S8/D
                                0.89           1.15 f        -0.25  (VIOLATED)
   DP_OP_618J1_129_2344/clk_r_REG599_S2/D
                                0.85           1.11 r        -0.25  (VIOLATED)
   DP_OP_612J1_123_2344/clk_r_REG295_S2/D
                                0.89           1.15 f        -0.25  (VIOLATED)
   clk_r_REG376_S3/D            0.84           1.10 r        -0.25  (VIOLATED)
   DP_OP_611J1_122_2344/clk_r_REG192_S2/D
                                0.86           1.11 r        -0.25  (VIOLATED)
   DP_OP_624J1_135_2344/clk_r_REG906_S2/D
                                0.89           1.15 f        -0.25  (VIOLATED)
   clk_r_REG1730_S2/D           0.85           1.10 r        -0.25  (VIOLATED)
   DP_OP_623J1_134_2344/clk_r_REG97_S5/D
                                0.85           1.11 r        -0.25  (VIOLATED)
   DP_OP_616J1_127_2344/clk_r_REG472_S2/D
                                0.89           1.15 f        -0.25  (VIOLATED)
   DP_OP_611J1_122_2344/clk_r_REG161_S2/D
                                0.86           1.11 r        -0.25  (VIOLATED)
   DP_OP_626J1_137_2344/clk_r_REG1065_S2/D
                                0.89           1.14 r        -0.25  (VIOLATED)
   u_ws_array/gen_row[3].gen_col[0].pe_inst/clk_gate_input_out_reg_reg/latch/E
                                0.34           0.59 r        -0.25  (VIOLATED)
   clk_r_REG369_S3/D            0.85           1.10 r        -0.25  (VIOLATED)
   DP_OP_620J1_131_2344/clk_r_REG720_S2/D
                                0.89           1.14 f        -0.25  (VIOLATED)
   DP_OP_612J1_123_2344/clk_r_REG275_S2/D
                                0.86           1.11 r        -0.25  (VIOLATED)
   DP_OP_621J1_132_2344/clk_r_REG775_S2/D
                                0.90           1.15 f        -0.25  (VIOLATED)
   DP_OP_613J1_124_2344/clk_r_REG349_S2/D
                                0.86           1.11 r        -0.25  (VIOLATED)
   DP_OP_626J1_137_2344/clk_r_REG1088_S2/D
                                0.89           1.14 r        -0.25  (VIOLATED)
   DP_OP_612J1_123_2344/clk_r_REG293_S2/D
                                0.89           1.14 f        -0.25  (VIOLATED)
   clk_r_REG1780_S11/D          0.89           1.14 r        -0.25  (VIOLATED)
   DP_OP_615J1_126_2344/clk_r_REG173_S11/D
                                0.89           1.14 f        -0.25  (VIOLATED)
   DP_OP_625J1_136_2344/clk_r_REG1259_S2/D
                                0.89           1.14 f        -0.25  (VIOLATED)
   clk_r_REG1653_S2/D           0.90           1.15 f        -0.25  (VIOLATED)
   DP_OP_617J1_128_2344/clk_r_REG535_S2/D
                                0.89           1.14 f        -0.25  (VIOLATED)
   DP_OP_619J1_130_2344/clk_r_REG168_S8/D
                                0.89           1.14 f        -0.25  (VIOLATED)
   DP_OP_622J1_133_2344/clk_r_REG851_S2/D
                                0.89           1.14 f        -0.25  (VIOLATED)
   clk_r_REG319_S3/D            0.85           1.10 r        -0.25  (VIOLATED)
   DP_OP_625J1_136_2344/clk_r_REG1258_S2/D
                                0.89           1.14 f        -0.25  (VIOLATED)
   DP_OP_616J1_127_2344/clk_r_REG502_S2/D
                                0.86           1.11 r        -0.25  (VIOLATED)
   DP_OP_624J1_135_2344/clk_r_REG918_S2/D
                                0.89           1.14 f        -0.25  (VIOLATED)
   clk_r_REG1681_S2/D           0.85           1.10 r        -0.25  (VIOLATED)
   DP_OP_617J1_128_2344/clk_r_REG548_S2/D
                                0.89           1.14 f        -0.25  (VIOLATED)
   DP_OP_622J1_133_2344/clk_r_REG841_S2/D
                                0.89           1.14 f        -0.25  (VIOLATED)
   DP_OP_613J1_124_2344/clk_r_REG350_S2/D
                                0.89           1.14 f        -0.25  (VIOLATED)
   DP_OP_615J1_126_2344/clk_r_REG212_S11/D
                                0.89           1.14 f        -0.25  (VIOLATED)
   DP_OP_625J1_136_2344/clk_r_REG1001_S2/D
                                0.89           1.14 f        -0.25  (VIOLATED)
   DP_OP_623J1_134_2344/clk_r_REG179_S5/D
                                0.89           1.14 f        -0.25  (VIOLATED)
   DP_OP_619J1_130_2344/clk_r_REG1630_S8/D
                                0.85           1.10 r        -0.25  (VIOLATED)
   clk_r_REG1699_S5/D           0.90           1.15 f        -0.25  (VIOLATED)
   DP_OP_620J1_131_2344/clk_r_REG1238_S2/D
                                0.85           1.10 r        -0.25  (VIOLATED)
   DP_OP_615J1_126_2344/clk_r_REG139_S11/D
                                0.89           1.14 f        -0.25  (VIOLATED)
   DP_OP_614J1_125_2344/clk_r_REG395_S2/D
                                0.89           1.14 r        -0.25  (VIOLATED)
   DP_OP_626J1_137_2344/clk_r_REG1078_S2/D
                                0.89           1.14 f        -0.25  (VIOLATED)
   DP_OP_624J1_135_2344/clk_r_REG905_S2/D
                                0.89           1.14 f        -0.25  (VIOLATED)
   DP_OP_624J1_135_2344/clk_r_REG936_S2/D
                                0.89           1.14 f        -0.25  (VIOLATED)
   DP_OP_623J1_134_2344/clk_r_REG249_S5/D
                                0.89           1.14 f        -0.25  (VIOLATED)
   DP_OP_619J1_130_2344/clk_r_REG183_S8/D
                                0.89           1.14 f        -0.25  (VIOLATED)
   DP_OP_619J1_130_2344/clk_r_REG198_S8/D
                                0.89           1.14 f        -0.25  (VIOLATED)
   DP_OP_612J1_123_2344/clk_r_REG289_S2/D
                                0.89           1.14 f        -0.25  (VIOLATED)
   DP_OP_615J1_126_2344/clk_r_REG96_S11/D
                                0.85           1.10 r        -0.25  (VIOLATED)
   DP_OP_616J1_127_2344/clk_r_REG1128_S2/D
                                0.86           1.11 r        -0.25  (VIOLATED)
   DP_OP_620J1_131_2344/clk_r_REG719_S2/D
                                0.89           1.14 f        -0.25  (VIOLATED)
   DP_OP_612J1_123_2344/clk_r_REG1297_S2/D
                                0.89           1.14 f        -0.25  (VIOLATED)
   clk_r_REG312_S3/D            0.85           1.10 r        -0.25  (VIOLATED)
   DP_OP_622J1_133_2344/clk_r_REG857_S2/D
                                0.89           1.14 f        -0.25  (VIOLATED)
   DP_OP_620J1_131_2344/clk_r_REG702_S2/D
                                0.89           1.14 f        -0.25  (VIOLATED)
   DP_OP_617J1_128_2344/clk_r_REG1656_S2/D
                                0.85           1.10 r        -0.25  (VIOLATED)
   DP_OP_611J1_122_2344/clk_r_REG221_S2/D
                                0.86           1.11 r        -0.25  (VIOLATED)
   DP_OP_614J1_125_2344/clk_r_REG419_S2/D
                                0.89           1.14 f        -0.25  (VIOLATED)
   DP_OP_619J1_130_2344/clk_r_REG208_S8/D
                                0.89           1.14 f        -0.25  (VIOLATED)
   DP_OP_615J1_126_2344/clk_r_REG240_S11/D
                                0.89           1.14 f        -0.25  (VIOLATED)
   DP_OP_612J1_123_2344/clk_r_REG1200_S2/D
                                0.86           1.11 r        -0.25  (VIOLATED)
   DP_OP_623J1_134_2344/clk_r_REG165_S5/D
                                0.89           1.14 f        -0.25  (VIOLATED)
   DP_OP_616J1_127_2344/clk_r_REG475_S2/D
                                0.89           1.14 f        -0.25  (VIOLATED)
   DP_OP_615J1_126_2344/clk_r_REG144_S11/D
                                0.89           1.14 f        -0.25  (VIOLATED)
   DP_OP_622J1_133_2344/clk_r_REG850_S2/D
                                0.89           1.14 f        -0.25  (VIOLATED)
   DP_OP_624J1_135_2344/clk_r_REG928_S2/D
                                0.89           1.14 f        -0.25  (VIOLATED)
   clk_r_REG1711_S2/D           0.85           1.09 r        -0.25  (VIOLATED)
   DP_OP_616J1_127_2344/clk_r_REG473_S2/D
                                0.89           1.14 f        -0.25  (VIOLATED)
   DP_OP_622J1_133_2344/clk_r_REG840_S2/D
                                0.90           1.15 f        -0.25  (VIOLATED)
   u_ws_array/gen_row[1].gen_col[1].pe_inst/clk_gate_stored_weight_reg/latch/E
                                0.34           0.58 r        -0.25  (VIOLATED)
   DP_OP_616J1_127_2344/clk_r_REG484_S2/D
                                0.89           1.14 f        -0.25  (VIOLATED)
   DP_OP_614J1_125_2344/clk_r_REG1482_S2/D
                                0.89           1.14 f        -0.25  (VIOLATED)
   DP_OP_622J1_133_2344/clk_r_REG1515_S2/D
                                0.86           1.10 r        -0.25  (VIOLATED)
   DP_OP_617J1_128_2344/clk_r_REG563_S2/D
                                0.89           1.14 f        -0.25  (VIOLATED)
   DP_OP_623J1_134_2344/clk_r_REG1292_S5/D
                                0.89           1.14 f        -0.25  (VIOLATED)
   DP_OP_612J1_123_2344/clk_r_REG284_S2/D
                                0.89           1.14 f        -0.25  (VIOLATED)
   DP_OP_624J1_135_2344/clk_r_REG935_S2/D
                                0.89           1.14 f        -0.25  (VIOLATED)
   DP_OP_625J1_136_2344/clk_r_REG1000_S2/D
                                0.89           1.14 r        -0.25  (VIOLATED)
   DP_OP_612J1_123_2344/clk_r_REG1636_S2/D
                                0.85           1.10 r        -0.25  (VIOLATED)
   clk_r_REG811_S3/D            0.85           1.10 r        -0.25  (VIOLATED)
   DP_OP_623J1_134_2344/clk_r_REG1183_S5/D
                                0.86           1.10 r        -0.25  (VIOLATED)
   DP_OP_620J1_131_2344/clk_r_REG701_S2/D
                                0.89           1.14 f        -0.25  (VIOLATED)
   DP_OP_621J1_132_2344/clk_r_REG791_S2/D
                                0.89           1.14 f        -0.25  (VIOLATED)
   clk_r_REG796_S3/D            0.85           1.10 r        -0.25  (VIOLATED)
   DP_OP_614J1_125_2344/clk_r_REG1391_S2/D
                                0.89           1.14 f        -0.25  (VIOLATED)
   DP_OP_616J1_127_2344/clk_r_REG1312_S2/D
                                0.89           1.14 f        -0.25  (VIOLATED)
   DP_OP_622J1_133_2344/clk_r_REG1431_S2/D
                                0.89           1.14 r        -0.25  (VIOLATED)
   DP_OP_623J1_134_2344/clk_r_REG178_S5/D
                                0.89           1.14 f        -0.25  (VIOLATED)
   clk_r_REG1702_S8/D           0.85           1.09 r        -0.24  (VIOLATED)
   DP_OP_621J1_132_2344/clk_r_REG781_S2/D
                                0.89           1.14 f        -0.24  (VIOLATED)
   DP_OP_615J1_126_2344/clk_r_REG239_S11/D
                                0.89           1.14 f        -0.24  (VIOLATED)
   clk_r_REG801_S3/D            0.85           1.10 r        -0.24  (VIOLATED)
   DP_OP_623J1_134_2344/clk_r_REG164_S5/D
                                0.89           1.14 f        -0.24  (VIOLATED)
   DP_OP_613J1_124_2344/clk_r_REG362_S2/D
                                0.86           1.10 r        -0.24  (VIOLATED)
   DP_OP_622J1_133_2344/clk_r_REG856_S2/D
                                0.89           1.14 r        -0.24  (VIOLATED)
   clk_r_REG799_S3/D            0.85           1.10 r        -0.24  (VIOLATED)
   u_ws_array/gen_row[1].gen_col[2].pe_inst/clk_gate_input_out_reg_reg/latch/E
                                0.34           0.59 f        -0.24  (VIOLATED)
   DP_OP_619J1_130_2344/clk_r_REG117_S8/D
                                0.89           1.14 f        -0.24  (VIOLATED)
   DP_OP_615J1_126_2344/clk_r_REG143_S11/D
                                0.89           1.14 f        -0.24  (VIOLATED)
   DP_OP_626J1_137_2344/clk_r_REG1069_S2/D
                                0.89           1.14 r        -0.24  (VIOLATED)
   DP_OP_626J1_137_2344/clk_r_REG1076_S2/D
                                0.89           1.14 r        -0.24  (VIOLATED)
   DP_OP_621J1_132_2344/clk_r_REG1151_S2/D
                                0.89           1.14 f        -0.24  (VIOLATED)
   DP_OP_626J1_137_2344/clk_r_REG1077_S2/D
                                0.89           1.14 f        -0.24  (VIOLATED)
   DP_OP_623J1_134_2344/clk_r_REG1708_S5/D
                                0.85           1.10 r        -0.24  (VIOLATED)
   DP_OP_618J1_129_2344/clk_r_REG611_S2/D
                                0.89           1.14 f        -0.24  (VIOLATED)
   DP_OP_623J1_134_2344/clk_r_REG248_S5/D
                                0.89           1.13 f        -0.24  (VIOLATED)
   DP_OP_614J1_125_2344/clk_r_REG399_S2/D
                                0.89           1.13 f        -0.24  (VIOLATED)
   DP_OP_614J1_125_2344/clk_r_REG418_S2/D
                                0.89           1.14 f        -0.24  (VIOLATED)
   DP_OP_620J1_131_2344/clk_r_REG707_S2/D
                                0.89           1.14 f        -0.24  (VIOLATED)
   DP_OP_625J1_136_2344/clk_r_REG1004_S2/D
                                0.89           1.13 r        -0.24  (VIOLATED)
   DP_OP_624J1_135_2344/clk_r_REG917_S2/D
                                0.89           1.13 f        -0.24  (VIOLATED)
   DP_OP_615J1_126_2344/clk_r_REG1193_S11/D
                                0.85           1.10 r        -0.24  (VIOLATED)
   DP_OP_617J1_128_2344/clk_r_REG566_S2/D
                                0.89           1.13 f        -0.24  (VIOLATED)
   DP_OP_612J1_123_2344/clk_r_REG283_S2/D
                                0.89           1.13 f        -0.24  (VIOLATED)
   DP_OP_625J1_136_2344/clk_r_REG999_S2/D
                                0.89           1.13 f        -0.24  (VIOLATED)
   DP_OP_620J1_131_2344/clk_r_REG694_S2/D
                                0.86           1.10 r        -0.24  (VIOLATED)
   DP_OP_621J1_132_2344/clk_r_REG782_S2/D
                                0.89           1.13 f        -0.24  (VIOLATED)
   DP_OP_625J1_136_2344/clk_r_REG984_S2/D
                                0.89           1.13 r        -0.24  (VIOLATED)
   DP_OP_619J1_130_2344/clk_r_REG232_S8/D
                                0.89           1.13 f        -0.24  (VIOLATED)
   DP_OP_611J1_122_2344/clk_r_REG224_S2/D
                                0.89           1.13 r        -0.24  (VIOLATED)
   DP_OP_621J1_132_2344/clk_r_REG790_S2/D
                                0.89           1.13 f        -0.24  (VIOLATED)
   DP_OP_623J1_134_2344/clk_r_REG228_S5/D
                                0.89           1.13 f        -0.24  (VIOLATED)
   DP_OP_613J1_124_2344/clk_r_REG1386_S2/D
                                0.89           1.13 r        -0.24  (VIOLATED)
   DP_OP_617J1_128_2344/clk_r_REG540_S2/D
                                0.89           1.13 f        -0.24  (VIOLATED)
   DP_OP_621J1_132_2344/clk_r_REG1152_S2/D
                                0.89           1.13 f        -0.24  (VIOLATED)
   DP_OP_614J1_125_2344/clk_r_REG412_S2/D
                                0.89           1.13 r        -0.24  (VIOLATED)
   DP_OP_619J1_130_2344/clk_r_REG116_S8/D
                                0.89           1.13 f        -0.24  (VIOLATED)
   DP_OP_611J1_122_2344/clk_r_REG98_S2/D
                                0.86           1.10 r        -0.24  (VIOLATED)
   DP_OP_611J1_122_2344/clk_r_REG1550_S2/D
                                0.85           1.10 r        -0.24  (VIOLATED)
   DP_OP_626J1_137_2344/clk_r_REG1075_S2/D
                                0.89           1.13 f        -0.24  (VIOLATED)
   DP_OP_618J1_129_2344/clk_r_REG641_S2/D
                                0.88           1.12 r        -0.24  (VIOLATED)
   DP_OP_612J1_123_2344/clk_r_REG274_S2/D
                                0.85           1.09 r        -0.24  (VIOLATED)
   DP_OP_617J1_128_2344/clk_r_REG523_S2/D
                                0.86           1.10 r        -0.24  (VIOLATED)
   DP_OP_618J1_129_2344/clk_r_REG1225_S2/D
                                0.86           1.10 r        -0.24  (VIOLATED)
   DP_OP_618J1_129_2344/clk_r_REG1323_S2/D
                                0.89           1.13 f        -0.24  (VIOLATED)
   DP_OP_611J1_122_2344/clk_r_REG99_S2/D
                                0.89           1.13 f        -0.24  (VIOLATED)
   DP_OP_620J1_131_2344/clk_r_REG676_S2/D
                                0.86           1.10 r        -0.24  (VIOLATED)
   DP_OP_617J1_128_2344/clk_r_REG1217_S2/D
                                0.86           1.10 r        -0.24  (VIOLATED)
   DP_OP_612J1_123_2344/clk_r_REG1295_S2/D
                                0.86           1.10 r        -0.24  (VIOLATED)
   DP_OP_619J1_130_2344/clk_r_REG182_S8/D
                                0.89           1.13 f        -0.24  (VIOLATED)
   DP_OP_617J1_128_2344/clk_r_REG547_S2/D
                                0.89           1.13 f        -0.24  (VIOLATED)
   DP_OP_616J1_127_2344/clk_r_REG466_S2/D
                                0.89           1.13 f        -0.24  (VIOLATED)
   DP_OP_624J1_135_2344/clk_r_REG927_S2/D
                                0.89           1.13 f        -0.24  (VIOLATED)
   DP_OP_620J1_131_2344/clk_r_REG667_S2/D
                                0.86           1.10 r        -0.24  (VIOLATED)
   DP_OP_626J1_137_2344/clk_r_REG1049_S2/D
                                0.89           1.13 f        -0.24  (VIOLATED)
   DP_OP_624J1_135_2344/clk_r_REG914_S2/D
                                0.89           1.13 r        -0.24  (VIOLATED)
   DP_OP_621J1_132_2344/clk_r_REG766_S2/D
                                0.89           1.13 f        -0.24  (VIOLATED)
   DP_OP_614J1_125_2344/clk_r_REG408_S2/D
                                0.89           1.13 r        -0.24  (VIOLATED)
   DP_OP_618J1_129_2344/clk_r_REG601_S2/D
                                0.89           1.13 r        -0.24  (VIOLATED)
   DP_OP_616J1_127_2344/clk_r_REG481_S2/D
                                0.89           1.13 f        -0.24  (VIOLATED)
   DP_OP_616J1_127_2344/clk_r_REG471_S2/D
                                0.86           1.10 r        -0.24  (VIOLATED)
   DP_OP_617J1_128_2344/clk_r_REG539_S2/D
                                0.89           1.13 f        -0.24  (VIOLATED)
   DP_OP_611J1_122_2344/clk_r_REG72_S2/D
                                0.86           1.09 r        -0.24  (VIOLATED)
   DP_OP_619J1_130_2344/clk_r_REG1194_S8/D
                                0.85           1.09 r        -0.24  (VIOLATED)
   DP_OP_623J1_134_2344/clk_r_REG227_S5/D
                                0.89           1.13 f        -0.24  (VIOLATED)
   DP_OP_614J1_125_2344/clk_r_REG400_S2/D
                                0.90           1.14 f        -0.24  (VIOLATED)
   DP_OP_623J1_134_2344/clk_r_REG88_S5/D
                                0.86           1.10 r        -0.24  (VIOLATED)
   DP_OP_618J1_129_2344/clk_r_REG1414_S2/D
                                0.85           1.09 r        -0.24  (VIOLATED)
   DP_OP_611J1_122_2344/clk_r_REG1278_S2/D
                                0.89           1.13 r        -0.24  (VIOLATED)
   DP_OP_620J1_131_2344/clk_r_REG684_S2/D
                                0.86           1.09 r        -0.24  (VIOLATED)
   DP_OP_626J1_137_2344/clk_r_REG1080_S2/D
                                0.89           1.13 r        -0.24  (VIOLATED)
   DP_OP_615J1_126_2344/clk_r_REG83_S11/D
                                0.85           1.09 r        -0.24  (VIOLATED)
   DP_OP_615J1_126_2344/clk_r_REG121_S11/D
                                0.89           1.13 f        -0.24  (VIOLATED)
   DP_OP_616J1_127_2344/clk_r_REG483_S2/D
                                0.89           1.13 f        -0.24  (VIOLATED)
   DP_OP_611J1_122_2344/clk_r_REG219_S2/D
                                0.89           1.13 f        -0.24  (VIOLATED)
   DP_OP_615J1_126_2344/clk_r_REG236_S11/D
                                0.89           1.13 f        -0.24  (VIOLATED)
   DP_OP_617J1_128_2344/clk_r_REG1318_S2/D
                                0.89           1.13 f        -0.24  (VIOLATED)
   DP_OP_618J1_129_2344/clk_r_REG1661_S2/D
                                0.89           1.12 r        -0.24  (VIOLATED)
   DP_OP_617J1_128_2344/clk_r_REG530_S2/D
                                0.85           1.09 r        -0.24  (VIOLATED)
   DP_OP_620J1_131_2344/clk_r_REG713_S2/D
                                0.89           1.13 f        -0.24  (VIOLATED)
   DP_OP_618J1_129_2344/clk_r_REG610_S2/D
                                0.89           1.13 f        -0.24  (VIOLATED)
   DP_OP_616J1_127_2344/clk_r_REG465_S2/D
                                0.89           1.13 f        -0.24  (VIOLATED)
   DP_OP_626J1_137_2344/clk_r_REG1616_S2/D
                                0.85           1.09 r        -0.24  (VIOLATED)
   DP_OP_622J1_133_2344/clk_r_REG849_S2/D
                                0.89           1.13 f        -0.24  (VIOLATED)
   DP_OP_617J1_128_2344/clk_r_REG554_S2/D
                                0.89           1.12 f        -0.23  (VIOLATED)
   DP_OP_624J1_135_2344/clk_r_REG930_S2/D
                                0.89           1.13 r        -0.23  (VIOLATED)
   DP_OP_621J1_132_2344/clk_r_REG765_S2/D
                                0.89           1.13 f        -0.23  (VIOLATED)
   DP_OP_619J1_130_2344/clk_r_REG231_S8/D
                                0.89           1.13 f        -0.23  (VIOLATED)
   DP_OP_613J1_124_2344/clk_r_REG327_S2/D
                                0.89           1.13 f        -0.23  (VIOLATED)
   DP_OP_613J1_124_2344/clk_r_REG325_S2/D
                                0.89           1.12 f        -0.23  (VIOLATED)
   DP_OP_622J1_133_2344/clk_r_REG1430_S2/D
                                0.89           1.13 r        -0.23  (VIOLATED)
   clk_r_REG1734_S2/D           0.85           1.08 r        -0.23  (VIOLATED)
   DP_OP_614J1_125_2344/clk_r_REG406_S2/D
                                0.90           1.13 f        -0.23  (VIOLATED)
   DP_OP_619J1_130_2344/clk_r_REG1707_S8/D
                                0.85           1.09 r        -0.23  (VIOLATED)
   DP_OP_616J1_127_2344/clk_r_REG500_S2/D
                                0.86           1.09 r        -0.23  (VIOLATED)
   DP_OP_622J1_133_2344/clk_r_REG836_S2/D
                                0.89           1.12 r        -0.23  (VIOLATED)
   DP_OP_618J1_129_2344/clk_r_REG635_S2/D
                                0.89           1.12 f        -0.23  (VIOLATED)
   DP_OP_615J1_126_2344/clk_r_REG120_S11/D
                                0.89           1.12 f        -0.23  (VIOLATED)
   u_ws_array/gen_row[1].gen_col[2].pe_inst/clk_gate_stored_weight_reg/latch/E
                                0.33           0.57 r        -0.23  (VIOLATED)
   DP_OP_615J1_126_2344/clk_r_REG235_S11/D
                                0.89           1.12 f        -0.23  (VIOLATED)
   DP_OP_612J1_123_2344/clk_r_REG302_S2/D
                                0.89           1.13 f        -0.23  (VIOLATED)
   DP_OP_617J1_128_2344/clk_r_REG546_S2/D
                                0.89           1.13 f        -0.23  (VIOLATED)
   DP_OP_614J1_125_2344/clk_r_REG1120_S2/D
                                0.89           1.12 f        -0.23  (VIOLATED)
   DP_OP_612J1_123_2344/clk_r_REG288_S2/D
                                0.89           1.12 f        -0.23  (VIOLATED)
   DP_OP_620J1_131_2344/clk_r_REG670_S2/D
                                0.88           1.12 r        -0.23  (VIOLATED)
   DP_OP_615J1_126_2344/clk_r_REG94_S11/D
                                0.86           1.09 r        -0.23  (VIOLATED)
   DP_OP_612J1_123_2344/clk_r_REG272_S2/D
                                0.86           1.09 r        -0.23  (VIOLATED)
   clk_r_REG1705_S11/D          0.85           1.08 r        -0.23  (VIOLATED)
   DP_OP_626J1_137_2344/clk_r_REG1048_S2/D
                                0.89           1.12 f        -0.23  (VIOLATED)
   DP_OP_613J1_124_2344/clk_r_REG361_S2/D
                                0.89           1.12 f        -0.23  (VIOLATED)
   DP_OP_614J1_125_2344/clk_r_REG404_S2/D
                                0.89           1.12 f        -0.23  (VIOLATED)
   DP_OP_613J1_124_2344/clk_r_REG1111_S2/D
                                0.89           1.12 r        -0.23  (VIOLATED)
   DP_OP_614J1_125_2344/clk_r_REG1390_S2/D
                                0.89           1.12 r        -0.23  (VIOLATED)
   DP_OP_625J1_136_2344/clk_r_REG993_S2/D
                                0.89           1.12 f        -0.23  (VIOLATED)
   DP_OP_614J1_125_2344/clk_r_REG407_S2/D
                                0.89           1.12 f        -0.23  (VIOLATED)
   DP_OP_611J1_122_2344/clk_r_REG222_S2/D
                                0.89           1.12 f        -0.23  (VIOLATED)
   DP_OP_618J1_129_2344/clk_r_REG1500_S2/D
                                0.89           1.12 f        -0.23  (VIOLATED)
   DP_OP_618J1_129_2344/clk_r_REG634_S2/D
                                0.89           1.12 f        -0.23  (VIOLATED)
   DP_OP_616J1_127_2344/clk_r_REG494_S2/D
                                0.89           1.12 f        -0.23  (VIOLATED)
   DP_OP_623J1_134_2344/clk_r_REG132_S5/D
                                0.89           1.12 f        -0.23  (VIOLATED)
   clk_r_REG320_S3/D            0.89           1.12 r        -0.23  (VIOLATED)
   DP_OP_623J1_134_2344/clk_r_REG1282_S5/D
                                0.86           1.09 r        -0.23  (VIOLATED)
   DP_OP_612J1_123_2344/clk_r_REG279_S2/D
                                0.89           1.12 f        -0.23  (VIOLATED)
   DP_OP_615J1_126_2344/clk_r_REG63_S11/D
                                0.89           1.12 f        -0.23  (VIOLATED)
   DP_OP_618J1_129_2344/clk_r_REG1409_S2/D
                                0.86           1.08 r        -0.23  (VIOLATED)
   DP_OP_614J1_125_2344/clk_r_REG405_S2/D
                                0.90           1.13 f        -0.23  (VIOLATED)
   DP_OP_614J1_125_2344/clk_r_REG411_S2/D
                                0.89           1.12 f        -0.23  (VIOLATED)
   DP_OP_614J1_125_2344/clk_r_REG386_S2/D
                                0.89           1.12 r        -0.23  (VIOLATED)
   DP_OP_617J1_128_2344/clk_r_REG545_S2/D
                                0.89           1.12 f        -0.23  (VIOLATED)
   clk_r_REG809_S3/D            0.90           1.12 r        -0.23  (VIOLATED)
   DP_OP_622J1_133_2344/clk_r_REG1155_S2/D
                                0.89           1.12 f        -0.23  (VIOLATED)
   DP_OP_612J1_123_2344/clk_r_REG1713_S2/D
                                0.85           1.08 r        -0.23  (VIOLATED)
   DP_OP_625J1_136_2344/clk_r_REG1352_S2/D
                                0.89           1.12 f        -0.23  (VIOLATED)
   DP_OP_623J1_134_2344/clk_r_REG85_S5/D
                                0.85           1.08 r        -0.23  (VIOLATED)
   DP_OP_615J1_126_2344/clk_r_REG81_S11/D
                                0.86           1.08 r        -0.23  (VIOLATED)
   DP_OP_622J1_133_2344/clk_r_REG821_S2/D
                                0.89           1.12 f        -0.23  (VIOLATED)
   clk_r_REG1805_S2/D           0.85           1.07 r        -0.23  (VIOLATED)
   DP_OP_620J1_131_2344/clk_r_REG1234_S2/D
                                0.86           1.09 r        -0.23  (VIOLATED)
   DP_OP_618J1_129_2344/clk_r_REG609_S2/D
                                0.89           1.12 f        -0.23  (VIOLATED)
   DP_OP_626J1_137_2344/clk_r_REG1087_S2/D
                                0.89           1.12 f        -0.23  (VIOLATED)
   DP_OP_612J1_123_2344/clk_r_REG301_S2/D
                                0.89           1.12 f        -0.23  (VIOLATED)
   DP_OP_617J1_128_2344/clk_r_REG1315_S2/D
                                0.86           1.08 r        -0.23  (VIOLATED)
   DP_OP_614J1_125_2344/clk_r_REG1645_S2/D
                                0.85           1.08 r        -0.23  (VIOLATED)
   DP_OP_623J1_134_2344/clk_r_REG1095_S5/D
                                0.89           1.12 r        -0.23  (VIOLATED)
   DP_OP_626J1_137_2344/clk_r_REG1613_S2/D
                                0.86           1.08 r        -0.23  (VIOLATED)
   DP_OP_625J1_136_2344/clk_r_REG1442_S2/D
                                0.89           1.12 f        -0.23  (VIOLATED)
   u_ws_array/gen_row[3].gen_col[0].pe_inst/clk_gate_accumulator_reg/latch/E
                                0.33           0.56 r        -0.23  (VIOLATED)
   DP_OP_611J1_122_2344/clk_r_REG156_S2/D
                                0.86           1.08 r        -0.23  (VIOLATED)
   DP_OP_624J1_135_2344/clk_r_REG1439_S2/D
                                0.89           1.12 f        -0.23  (VIOLATED)
   DP_OP_614J1_125_2344/clk_r_REG403_S2/D
                                0.89           1.12 r        -0.23  (VIOLATED)
   DP_OP_617J1_128_2344/clk_r_REG565_S2/D
                                0.89           1.12 f        -0.23  (VIOLATED)
   DP_OP_612J1_123_2344/clk_r_REG287_S2/D
                                0.89           1.12 f        -0.23  (VIOLATED)
   DP_OP_616J1_127_2344/clk_r_REG480_S2/D
                                0.89           1.12 f        -0.23  (VIOLATED)
   DP_OP_621J1_132_2344/clk_r_REG1673_S2/D
                                0.85           1.08 r        -0.23  (VIOLATED)
   DP_OP_614J1_125_2344/clk_r_REG1119_S2/D
                                0.89           1.12 f        -0.23  (VIOLATED)
   DP_OP_626J1_137_2344/clk_r_REG1357_S2/D
                                0.89           1.12 f        -0.23  (VIOLATED)
   DP_OP_618J1_129_2344/clk_r_REG1320_S2/D
                                0.86           1.08 r        -0.23  (VIOLATED)
   clk_r_REG1784_S2/D           0.85           1.07 r        -0.23  (VIOLATED)
   DP_OP_616J1_127_2344/clk_r_REG501_S2/D
                                0.89           1.12 f        -0.23  (VIOLATED)
   DP_OP_614J1_125_2344/clk_r_REG1561_S2/D
                                0.89           1.12 r        -0.22  (VIOLATED)
   DP_OP_611J1_122_2344/clk_r_REG1536_S2/D
                                0.86           1.08 r        -0.22  (VIOLATED)
   DP_OP_625J1_136_2344/clk_r_REG992_S2/D
                                0.89           1.12 f        -0.22  (VIOLATED)
   DP_OP_616J1_127_2344/clk_r_REG1309_S2/D
                                0.86           1.08 r        -0.22  (VIOLATED)
   DP_OP_618J1_129_2344/clk_r_REG1737_S2/D
                                0.86           1.08 r        -0.22  (VIOLATED)
   DP_OP_611J1_122_2344/clk_r_REG1458_S2/D
                                0.89           1.12 r        -0.22  (VIOLATED)
   DP_OP_612J1_123_2344/clk_r_REG278_S2/D
                                0.89           1.12 f        -0.22  (VIOLATED)
   DP_OP_620J1_131_2344/clk_r_REG712_S2/D
                                0.89           1.12 f        -0.22  (VIOLATED)
   DP_OP_622J1_133_2344/clk_r_REG847_S2/D
                                0.89           1.12 f        -0.22  (VIOLATED)
   DP_OP_613J1_124_2344/clk_r_REG326_S2/D
                                0.86           1.08 r        -0.22  (VIOLATED)
   DP_OP_624J1_135_2344/clk_r_REG1348_S2/D
                                0.85           1.08 r        -0.22  (VIOLATED)
   DP_OP_611J1_122_2344/clk_r_REG255_S2/D
                                0.89           1.12 f        -0.22  (VIOLATED)
   DP_OP_611J1_122_2344/clk_r_REG128_S2/D
                                0.89           1.12 r        -0.22  (VIOLATED)
   DP_OP_615J1_126_2344/clk_r_REG1191_S11/D
                                0.86           1.08 r        -0.22  (VIOLATED)
   DP_OP_620J1_131_2344/clk_r_REG1330_S2/D
                                0.89           1.12 f        -0.22  (VIOLATED)
   DP_OP_625J1_136_2344/clk_r_REG1011_S2/D
                                0.89           1.12 f        -0.22  (VIOLATED)
   DP_OP_620J1_131_2344/clk_r_REG683_S2/D
                                0.89           1.11 f        -0.22  (VIOLATED)
   clk_r_REG1995_S2/D           0.89           1.11 r        -0.22  (VIOLATED)
   DP_OP_611J1_122_2344/clk_r_REG71_S2/D
                                0.86           1.08 r        -0.22  (VIOLATED)
   DP_OP_624J1_135_2344/clk_r_REG1604_S2/D
                                0.89           1.11 r        -0.22  (VIOLATED)
   DP_OP_616J1_127_2344/clk_r_REG453_S2/D
                                0.89           1.11 r        -0.22  (VIOLATED)
   DP_OP_622J1_133_2344/clk_r_REG820_S2/D
                                0.89           1.11 f        -0.22  (VIOLATED)
   DP_OP_626J1_137_2344/clk_r_REG1079_S2/D
                                0.89           1.12 f        -0.22  (VIOLATED)
   DP_OP_611J1_122_2344/clk_r_REG101_S2/D
                                0.86           1.08 r        -0.22  (VIOLATED)
   DP_OP_619J1_130_2344/clk_r_REG1099_S8/D
                                0.89           1.11 r        -0.22  (VIOLATED)
   DP_OP_614J1_125_2344/clk_r_REG1116_S2/D
                                0.89           1.12 f        -0.22  (VIOLATED)
   DP_OP_613J1_124_2344/clk_r_REG1478_S2/D
                                0.89           1.11 f        -0.22  (VIOLATED)
   clk_r_REG377_S3/D            0.85           1.08 r        -0.22  (VIOLATED)
   DP_OP_615J1_126_2344/clk_r_REG61_S11/D
                                0.85           1.08 r        -0.22  (VIOLATED)
   DP_OP_625J1_136_2344/clk_r_REG1441_S2/D
                                0.89           1.11 f        -0.22  (VIOLATED)
   DP_OP_615J1_126_2344/clk_r_REG172_S11/D
                                0.89           1.11 f        -0.22  (VIOLATED)
   DP_OP_615J1_126_2344/clk_r_REG1290_S11/D
                                0.89           1.12 f        -0.22  (VIOLATED)
   DP_OP_626J1_137_2344/clk_r_REG1450_S2/D
                                0.89           1.11 r        -0.22  (VIOLATED)
   DP_OP_619J1_130_2344/clk_r_REG1187_S8/D
                                0.86           1.08 r        -0.22  (VIOLATED)
   clk_r_REG370_S3/D            0.85           1.08 r        -0.22  (VIOLATED)
   DP_OP_626J1_137_2344/clk_r_REG1064_S2/D
                                0.89           1.11 f        -0.22  (VIOLATED)
   DP_OP_615J1_126_2344/clk_r_REG1103_S11/D
                                0.89           1.11 r        -0.22  (VIOLATED)
   DP_OP_626J1_137_2344/clk_r_REG1055_S2/D
                                0.89           1.11 f        -0.22  (VIOLATED)
   DP_OP_614J1_125_2344/clk_r_REG375_S2/D
                                0.89           1.11 f        -0.22  (VIOLATED)
   DP_OP_619J1_130_2344/clk_r_REG84_S8/D
                                0.85           1.08 r        -0.22  (VIOLATED)
   clk_r_REG367_S3/D            0.85           1.08 r        -0.22  (VIOLATED)
   DP_OP_619J1_130_2344/clk_r_REG1291_S8/D
                                0.89           1.11 f        -0.22  (VIOLATED)
   clk_r_REG1796_S2/D           0.85           1.07 r        -0.22  (VIOLATED)
   DP_OP_620J1_131_2344/clk_r_REG1143_S2/D
                                0.89           1.11 r        -0.22  (VIOLATED)
   DP_OP_621J1_132_2344/clk_r_REG772_S2/D
                                0.89           1.11 r        -0.22  (VIOLATED)
   DP_OP_626J1_137_2344/clk_r_REG1068_S2/D
                                0.89           1.11 f        -0.22  (VIOLATED)
   DP_OP_619J1_130_2344/clk_r_REG109_S8/D
                                0.89           1.11 f        -0.22  (VIOLATED)
   DP_OP_623J1_134_2344/clk_r_REG1377_S5/D
                                0.85           1.07 r        -0.22  (VIOLATED)
   clk_r_REG393_S3/D            0.85           1.07 r        -0.22  (VIOLATED)
   DP_OP_620J1_131_2344/clk_r_REG681_S2/D
                                0.89           1.11 f        -0.22  (VIOLATED)
   DP_OP_617J1_128_2344/clk_r_REG529_S2/D
                                0.86           1.08 r        -0.22  (VIOLATED)
   DP_OP_616J1_127_2344/clk_r_REG499_S2/D
                                0.89           1.11 f        -0.22  (VIOLATED)
   DP_OP_623J1_134_2344/clk_r_REG65_S5/D
                                0.89           1.11 f        -0.22  (VIOLATED)
   DP_OP_615J1_126_2344/clk_r_REG1629_S11/D
                                0.85           1.07 r        -0.22  (VIOLATED)
   DP_OP_624J1_135_2344/clk_r_REG1253_S2/D
                                0.89           1.11 f        -0.22  (VIOLATED)
   DP_OP_616J1_127_2344/clk_r_REG452_S2/D
                                0.85           1.07 r        -0.22  (VIOLATED)
   DP_OP_623J1_134_2344/clk_r_REG105_S5/D
                                0.89           1.11 f        -0.22  (VIOLATED)
   DP_OP_616J1_127_2344/clk_r_REG1127_S2/D
                                0.89           1.11 f        -0.22  (VIOLATED)
   clk_r_REG401_S3/D            0.85           1.07 r        -0.22  (VIOLATED)
   DP_OP_614J1_125_2344/clk_r_REG394_S2/D
                                0.89           1.11 f        -0.22  (VIOLATED)
   DP_OP_618J1_129_2344/clk_r_REG1136_S2/D
                                0.89           1.11 r        -0.22  (VIOLATED)
   DP_OP_611J1_122_2344/clk_r_REG191_S2/D
                                0.86           1.07 r        -0.22  (VIOLATED)
   DP_OP_621J1_132_2344/clk_r_REG1148_S2/D
                                0.89           1.11 f        -0.22  (VIOLATED)
   DP_OP_623J1_134_2344/clk_r_REG75_S5/D
                                0.86           1.07 r        -0.22  (VIOLATED)
   clk_r_REG392_S3/D            0.85           1.07 r        -0.22  (VIOLATED)
   DP_OP_619J1_130_2344/clk_r_REG1470_S8/D
                                0.89           1.11 f        -0.22  (VIOLATED)
   DP_OP_623J1_134_2344/clk_r_REG1471_S5/D
                                0.89           1.11 f        -0.22  (VIOLATED)
   DP_OP_624J1_135_2344/clk_r_REG912_S2/D
                                0.89           1.11 f        -0.22  (VIOLATED)
   DP_OP_613J1_124_2344/clk_r_REG1385_S2/D
                                0.89           1.11 r        -0.22  (VIOLATED)
   DP_OP_620J1_131_2344/clk_r_REG1237_S2/D
                                0.89           1.10 r        -0.22  (VIOLATED)
   clk_r_REG388_S3/D            0.85           1.07 r        -0.22  (VIOLATED)
   clk_r_REG387_S3/D            0.85           1.07 r        -0.22  (VIOLATED)
   clk_r_REG382_S3/D            0.85           1.07 r        -0.22  (VIOLATED)
   clk_r_REG402_S3/D            0.85           1.07 r        -0.22  (VIOLATED)
   DP_OP_622J1_133_2344/clk_r_REG846_S2/D
                                0.89           1.11 f        -0.22  (VIOLATED)
   DP_OP_613J1_124_2344/clk_r_REG345_S2/D
                                0.86           1.07 r        -0.22  (VIOLATED)
   DP_OP_623J1_134_2344/clk_r_REG152_S5/D
                                0.89           1.11 f        -0.22  (VIOLATED)
   clk_r_REG324_S3/D            0.85           1.06 r        -0.22  (VIOLATED)
   DP_OP_619J1_130_2344/clk_r_REG108_S8/D
                                0.89           1.11 f        -0.22  (VIOLATED)
   DP_OP_619J1_130_2344/clk_r_REG1376_S8/D
                                0.85           1.07 r        -0.22  (VIOLATED)
   DP_OP_614J1_125_2344/clk_r_REG1481_S2/D
                                0.89           1.11 r        -0.22  (VIOLATED)
   DP_OP_616J1_127_2344/clk_r_REG1214_S2/D
                                0.89           1.10 r        -0.22  (VIOLATED)
   DP_OP_621J1_132_2344/clk_r_REG774_S2/D
                                0.89           1.11 r        -0.22  (VIOLATED)
   DP_OP_611J1_122_2344/clk_r_REG160_S2/D
                                0.89           1.11 f        -0.22  (VIOLATED)
   DP_OP_621J1_132_2344/clk_r_REG748_S2/D
                                0.89           1.11 f        -0.22  (VIOLATED)
   DP_OP_620J1_131_2344/clk_r_REG671_S2/D
                                0.90           1.12 r        -0.22  (VIOLATED)
   DP_OP_623J1_134_2344/clk_r_REG131_S5/D
                                0.89           1.11 f        -0.21  (VIOLATED)
   DP_OP_623J1_134_2344/clk_r_REG1195_S5/D
                                0.90           1.12 r        -0.21  (VIOLATED)
   DP_OP_624J1_135_2344/clk_r_REG921_S2/D
                                0.89           1.10 f        -0.21  (VIOLATED)
   DP_OP_612J1_123_2344/clk_r_REG1107_S2/D
                                0.89           1.11 r        -0.21  (VIOLATED)
   DP_OP_623J1_134_2344/clk_r_REG104_S5/D
                                0.89           1.11 f        -0.21  (VIOLATED)
   DP_OP_617J1_128_2344/clk_r_REG1131_S2/D
                                0.89           1.11 r        -0.21  (VIOLATED)
   DP_OP_620J1_131_2344/clk_r_REG1331_S2/D
                                0.86           1.07 r        -0.21  (VIOLATED)
   DP_OP_618J1_129_2344/clk_r_REG593_S2/D
                                0.86           1.07 r        -0.21  (VIOLATED)
   DP_OP_622J1_133_2344/clk_r_REG1514_S2/D
                                0.89           1.10 r        -0.21  (VIOLATED)
   DP_OP_622J1_133_2344/clk_r_REG823_S2/D
                                0.89           1.10 r        -0.21  (VIOLATED)
   DP_OP_616J1_127_2344/clk_r_REG1211_S2/D
                                0.89           1.10 f        -0.21  (VIOLATED)
   clk_r_REG1777_S8/D           0.85           1.06 r        -0.21  (VIOLATED)
   DP_OP_624J1_135_2344/clk_r_REG1684_S2/D
                                0.85           1.07 r        -0.21  (VIOLATED)
   DP_OP_617J1_128_2344/clk_r_REG1407_S2/D
                                0.85           1.07 r        -0.21  (VIOLATED)
   DP_OP_624J1_135_2344/clk_r_REG913_S2/D
                                0.89           1.11 f        -0.21  (VIOLATED)
   DP_OP_625J1_136_2344/clk_r_REG983_S2/D
                                0.89           1.10 r        -0.21  (VIOLATED)
   DP_OP_625J1_136_2344/clk_r_REG973_S2/D
                                0.89           1.10 f        -0.21  (VIOLATED)
   DP_OP_620J1_131_2344/clk_r_REG687_S2/D
                                0.89           1.10 f        -0.21  (VIOLATED)
   DP_OP_613J1_124_2344/clk_r_REG338_S2/D
                                0.89           1.10 r        -0.21  (VIOLATED)
   DP_OP_618J1_129_2344/clk_r_REG598_S2/D
                                0.89           1.10 r        -0.21  (VIOLATED)
   clk_r_REG336_S3/D            0.85           1.07 r        -0.21  (VIOLATED)
   DP_OP_621J1_132_2344/clk_r_REG1147_S2/D
                                0.89           1.11 f        -0.21  (VIOLATED)
   DP_OP_624J1_135_2344/clk_r_REG903_S2/D
                                0.89           1.10 r        -0.21  (VIOLATED)
   DP_OP_613J1_124_2344/clk_r_REG346_S2/D
                                0.90           1.11 f        -0.21  (VIOLATED)
   DP_OP_612J1_123_2344/clk_r_REG1382_S2/D
                                0.85           1.07 r        -0.21  (VIOLATED)
   DP_OP_626J1_137_2344/clk_r_REG1694_S2/D
                                0.85           1.07 r        -0.21  (VIOLATED)
   DP_OP_620J1_131_2344/clk_r_REG693_S2/D
                                0.89           1.10 f        -0.21  (VIOLATED)
   DP_OP_626J1_137_2344/clk_r_REG1449_S2/D
                                0.89           1.10 f        -0.21  (VIOLATED)
   DP_OP_625J1_136_2344/clk_r_REG1003_S2/D
                                0.89           1.10 f        -0.21  (VIOLATED)
   DP_OP_624J1_135_2344/clk_r_REG1345_S2/D
                                0.86           1.07 r        -0.21  (VIOLATED)
   DP_OP_625J1_136_2344/clk_r_REG953_S2/D
                                0.89           1.10 f        -0.21  (VIOLATED)
   clk_r_REG331_S3/D            0.85           1.06 r        -0.21  (VIOLATED)
   DP_OP_623J1_134_2344/clk_r_REG1367_S5/D
                                0.86           1.07 r        -0.21  (VIOLATED)
   DP_OP_622J1_133_2344/clk_r_REG1273_S5/D
                                0.90           1.11 f        -0.21  (VIOLATED)
   DP_OP_614J1_125_2344/clk_r_REG1643_S2/D
                                0.86           1.07 r        -0.21  (VIOLATED)
   DP_OP_621J1_132_2344/clk_r_REG1670_S2/D
                                0.86           1.07 r        -0.21  (VIOLATED)
   clk_r_REG330_S3/D            0.85           1.06 r        -0.21  (VIOLATED)
   clk_r_REG323_S3/D            0.85           1.06 r        -0.21  (VIOLATED)
   DP_OP_618J1_129_2344/clk_r_REG640_S2/D
                                0.89           1.10 r        -0.21  (VIOLATED)
   DP_OP_612J1_123_2344/clk_r_REG269_S2/D
                                0.89           1.10 f        -0.21  (VIOLATED)
   DP_OP_621J1_132_2344/clk_r_REG761_S2/D
                                0.89           1.10 r        -0.21  (VIOLATED)
   DP_OP_611J1_122_2344/clk_r_REG43_S2/D
                                0.89           1.10 f        -0.21  (VIOLATED)
   DP_OP_623J1_134_2344/clk_r_REG46_S5/D
                                0.86           1.07 r        -0.21  (VIOLATED)
   DP_OP_616J1_127_2344/clk_r_REG457_S2/D
                                0.86           1.07 r        -0.21  (VIOLATED)
   DP_OP_624J1_135_2344/clk_r_REG1250_S2/D
                                0.86           1.06 r        -0.21  (VIOLATED)
   DP_OP_614J1_125_2344/clk_r_REG1228_S5/D
                                0.89           1.10 f        -0.21  (VIOLATED)
   DP_OP_620J1_131_2344/clk_r_REG692_S2/D
                                0.86           1.07 r        -0.21  (VIOLATED)
   DP_OP_616J1_127_2344/clk_r_REG1400_S2/D
                                0.85           1.06 r        -0.21  (VIOLATED)
   DP_OP_619J1_130_2344/clk_r_REG1464_S8/D
                                0.86           1.06 r        -0.21  (VIOLATED)
   DP_OP_623J1_134_2344/clk_r_REG1461_S5/D
                                0.86           1.06 r        -0.21  (VIOLATED)
   DP_OP_625J1_136_2344/clk_r_REG952_S2/D
                                0.89           1.10 f        -0.21  (VIOLATED)
   u_ws_array/gen_row[3].gen_col[2].pe_inst/clk_gate_accumulator_reg/latch/E
                                0.35           0.55 f        -0.21  (VIOLATED)
   DP_OP_623J1_134_2344/clk_r_REG151_S5/D
                                0.89           1.10 f        -0.21  (VIOLATED)
   DP_OP_614J1_125_2344/clk_r_REG1229_S5/D
                                0.90           1.11 f        -0.21  (VIOLATED)
   DP_OP_625J1_136_2344/clk_r_REG1351_S2/D
                                0.89           1.10 r        -0.21  (VIOLATED)
   DP_OP_620J1_131_2344/clk_r_REG1142_S2/D
                                0.86           1.06 r        -0.21  (VIOLATED)
   DP_OP_620J1_131_2344/clk_r_REG666_S2/D
                                0.89           1.10 r        -0.21  (VIOLATED)
   DP_OP_619J1_130_2344/clk_r_REG78_S8/D
                                0.86           1.06 r        -0.21  (VIOLATED)
   clk_r_REG2016_S2/D           0.89           1.10 r        -0.21  (VIOLATED)
   DP_OP_626J1_137_2344/clk_r_REG1038_S2/D
                                0.89           1.10 f        -0.21  (VIOLATED)
   clk_r_REG1992_S2/D           0.89           1.10 r        -0.20  (VIOLATED)
   DP_OP_618J1_129_2344/clk_r_REG616_S2/D
                                0.89           1.10 f        -0.20  (VIOLATED)
   DP_OP_616J1_127_2344/clk_r_REG464_S2/D
                                0.86           1.06 r        -0.20  (VIOLATED)
   DP_OP_617J1_128_2344/clk_r_REG1402_S2/D
                                0.86           1.06 r        -0.20  (VIOLATED)
   DP_OP_615J1_126_2344/clk_r_REG1288_S11/D
                                0.86           1.06 r        -0.20  (VIOLATED)
   DP_OP_620J1_131_2344/clk_r_REG1422_S2/D
                                0.85           1.06 r        -0.20  (VIOLATED)
   DP_OP_620J1_131_2344/clk_r_REG1327_S2/D
                                0.86           1.06 r        -0.20  (VIOLATED)
   DP_OP_616J1_127_2344/clk_r_REG1308_S2/D
                                0.89           1.10 f        -0.20  (VIOLATED)
   DP_OP_621J1_132_2344/clk_r_REG1588_S2/D
                                0.89           1.10 f        -0.20  (VIOLATED)
   DP_OP_613J1_124_2344/clk_r_REG1221_S5/D
                                0.90           1.10 f        -0.20  (VIOLATED)
   u_ws_array/gen_row[2].gen_col[1].pe_inst/clk_gate_stored_weight_reg/latch/E
                                0.34           0.54 r        -0.20  (VIOLATED)
   u_ws_array/gen_row[0].gen_col[3].pe_inst/clk_gate_input_reg_reg/latch/E
                                0.34           0.54 r        -0.20  (VIOLATED)
   DP_OP_625J1_136_2344/clk_r_REG1610_S2/D
                                0.85           1.06 r        -0.20  (VIOLATED)
   DP_OP_619J1_130_2344/clk_r_REG1285_S8/D
                                0.86           1.06 r        -0.20  (VIOLATED)
   DP_OP_614J1_125_2344/clk_r_REG390_S2/D
                                0.90           1.10 f        -0.20  (VIOLATED)
   DP_OP_612J1_123_2344/clk_r_REG1380_S2/D
                                0.86           1.06 r        -0.20  (VIOLATED)
   DP_OP_620J1_131_2344/clk_r_REG686_S2/D
                                0.86           1.06 r        -0.20  (VIOLATED)
   DP_OP_619J1_130_2344/clk_r_REG1370_S8/D
                                0.86           1.06 r        -0.20  (VIOLATED)
   DP_OP_616J1_127_2344/clk_r_REG493_S2/D
                                0.86           1.06 r        -0.20  (VIOLATED)
   DP_OP_626J1_137_2344/clk_r_REG1691_S2/D
                                0.86           1.06 r        -0.20  (VIOLATED)
   DP_OP_611J1_122_2344/clk_r_REG127_S2/D
                                0.89           1.09 f        -0.20  (VIOLATED)
   DP_OP_613J1_124_2344/clk_r_REG1114_S2/D
                                0.89           1.09 r        -0.20  (VIOLATED)
   DP_OP_613J1_124_2344/clk_r_REG317_S2/D
                                0.86           1.06 r        -0.20  (VIOLATED)
   DP_OP_622J1_133_2344/clk_r_REG1754_S2/D
                                0.85           1.06 r        -0.20  (VIOLATED)
   DP_OP_616J1_127_2344/clk_r_REG492_S2/D
                                0.89           1.09 f        -0.20  (VIOLATED)
   DP_OP_620J1_131_2344/clk_r_REG682_S2/D
                                0.86           1.06 r        -0.20  (VIOLATED)
   clk_r_REG1757_S2/D           0.85           1.05 r        -0.20  (VIOLATED)
   DP_OP_622J1_133_2344/clk_r_REG1596_S2/D
                                0.89           1.09 f        -0.20  (VIOLATED)
   DP_OP_624J1_135_2344/clk_r_REG929_S2/D
                                0.89           1.09 f        -0.20  (VIOLATED)
   u_ws_array/gen_row[3].gen_col[3].pe_inst/clk_gate_partial_reg_reg/latch/E
                                0.34           0.54 r        -0.20  (VIOLATED)
   clk_r_REG1810_S2/D           0.85           1.05 r        -0.20  (VIOLATED)
   DP_OP_613J1_124_2344/clk_r_REG1557_S2/D
                                0.89           1.09 r        -0.20  (VIOLATED)
   DP_OP_619J1_130_2344/clk_r_REG64_S8/D
                                0.89           1.09 f        -0.20  (VIOLATED)
   DP_OP_614J1_125_2344/clk_r_REG368_S2/D
                                0.86           1.06 r        -0.20  (VIOLATED)
   u_ws_array/gen_row[0].gen_col[3].pe_inst/clk_gate_accumulator_reg/latch/E
                                0.34           0.54 r        -0.20  (VIOLATED)
   DP_OP_622J1_133_2344/clk_r_REG848_S2/D
                                0.89           1.09 f        -0.20  (VIOLATED)
   u_ws_array/gen_row[0].gen_col[3].pe_inst/clk_gate_partial_out_reg/latch/E
                                0.34           0.54 r        -0.20  (VIOLATED)
   DP_OP_616J1_127_2344/clk_r_REG1489_S2/D
                                0.89           1.09 f        -0.20  (VIOLATED)
   DP_OP_613J1_124_2344/clk_r_REG348_S2/D
                                0.91           1.10 r        -0.20  (VIOLATED)
   u_ws_array/gen_row[3].gen_col[1].pe_inst/clk_gate_partial_reg_reg/latch/E
                                0.34           0.53 r        -0.20  (VIOLATED)
   DP_OP_624J1_135_2344/clk_r_REG898_S2/D
                                0.86           1.05 r        -0.20  (VIOLATED)
   DP_OP_617J1_128_2344/clk_r_REG553_S2/D
                                0.89           1.09 f        -0.20  (VIOLATED)
   DP_OP_616J1_127_2344/clk_r_REG448_S2/D
                                0.86           1.05 r        -0.20  (VIOLATED)
   DP_OP_620J1_131_2344/clk_r_REG672_S2/D
                                0.86           1.05 r        -0.20  (VIOLATED)
   u_ws_array/gen_row[3].gen_col[1].pe_inst/clk_gate_partial_out_reg/latch/E
                                0.34           0.53 r        -0.20  (VIOLATED)
   DP_OP_612J1_123_2344/clk_r_REG1475_S2/D
                                0.89           1.09 f        -0.20  (VIOLATED)
   u_ws_array/gen_row[3].gen_col[1].pe_inst/clk_gate_input_reg_reg/latch/E
                                0.34           0.53 r        -0.20  (VIOLATED)
   DP_OP_617J1_128_2344/clk_r_REG1495_S2/D
                                0.89           1.09 f        -0.20  (VIOLATED)
   DP_OP_618J1_129_2344/clk_r_REG608_S2/D
                                0.89           1.09 f        -0.20  (VIOLATED)
   DP_OP_621J1_132_2344/clk_r_REG771_S2/D
                                0.89           1.09 r        -0.19  (VIOLATED)
   DP_OP_614J1_125_2344/clk_r_REG385_S2/D
                                0.89           1.09 f        -0.19  (VIOLATED)
   DP_OP_626J1_137_2344/clk_r_REG1037_S2/D
                                0.89           1.09 f        -0.19  (VIOLATED)
   DP_OP_625J1_136_2344/clk_r_REG1607_S2/D
                                0.86           1.05 r        -0.19  (VIOLATED)
   DP_OP_614J1_125_2344/clk_r_REG374_S2/D
                                0.89           1.08 f        -0.19  (VIOLATED)
   u_ws_array/gen_row[2].gen_col[2].pe_inst/clk_gate_stored_weight_reg/latch/E
                                0.34           0.53 r        -0.19  (VIOLATED)
   clk_r_REG1844_S2/D           0.89           1.08 r        -0.19  (VIOLATED)
   DP_OP_620J1_131_2344/clk_r_REG675_S2/D
                                0.86           1.05 r        -0.19  (VIOLATED)
   DP_OP_612J1_123_2344/clk_r_REG266_S2/D
                                0.86           1.05 r        -0.19  (VIOLATED)
   DP_OP_614J1_125_2344/clk_r_REG1560_S2/D
                                0.89           1.09 f        -0.19  (VIOLATED)
   DP_OP_611J1_122_2344/clk_r_REG1457_S2/D
                                0.89           1.09 f        -0.19  (VIOLATED)
   DP_OP_615J1_126_2344/clk_r_REG1375_S11/D
                                0.85           1.05 r        -0.19  (VIOLATED)
   DP_OP_619J1_130_2344/clk_r_REG55_S8/D
                                0.85           1.05 r        -0.19  (VIOLATED)
   DP_OP_622J1_133_2344/clk_r_REG1751_S2/D
                                0.86           1.05 r        -0.19  (VIOLATED)
   DP_OP_618J1_129_2344/clk_r_REG1575_S2/D
                                0.86           1.05 r        -0.19  (VIOLATED)
   DP_OP_612J1_123_2344/clk_r_REG271_S2/D
                                0.85           1.05 r        -0.19  (VIOLATED)
   DP_OP_620J1_131_2344/clk_r_REG1141_S2/D
                                0.89           1.08 f        -0.19  (VIOLATED)
   DP_OP_623J1_134_2344/clk_r_REG1094_S5/D
                                0.89           1.08 f        -0.19  (VIOLATED)
   clk_r_REG383_S3/D            0.85           1.04 r        -0.19  (VIOLATED)
   DP_OP_613J1_124_2344/clk_r_REG316_S2/D
                                0.89           1.08 f        -0.19  (VIOLATED)
   DP_OP_611J1_122_2344/clk_r_REG1632_S2/D
                                0.85           1.05 r        -0.19  (VIOLATED)
   DP_OP_613J1_124_2344/clk_r_REG318_S2/D
                                0.89           1.08 f        -0.19  (VIOLATED)
   DP_OP_622J1_133_2344/clk_r_REG835_S2/D
                                0.89           1.08 f        -0.19  (VIOLATED)
   DP_OP_613J1_124_2344/clk_r_REG329_S2/D
                                0.91           1.10 f        -0.19  (VIOLATED)
   u_ws_array/gen_row[3].gen_col[1].pe_inst/clk_gate_stored_weight_reg/latch/E
                                0.33           0.53 r        -0.19  (VIOLATED)
   DP_OP_613J1_124_2344/clk_r_REG1477_S2/D
                                0.89           1.08 r        -0.19  (VIOLATED)
   DP_OP_617J1_128_2344/clk_r_REG531_S2/D
                                0.89           1.08 r        -0.19  (VIOLATED)
   DP_OP_625J1_136_2344/clk_r_REG1526_S2/D
                                0.89           1.08 r        -0.19  (VIOLATED)
   clk_r_REG1932_S2/D           0.84           1.03 r        -0.19  (VIOLATED)
   DP_OP_624J1_135_2344/clk_r_REG1164_S2/D
                                0.89           1.08 f        -0.19  (VIOLATED)
   DP_OP_614J1_125_2344/clk_r_REG1722_S2/D
                                0.85           1.04 r        -0.19  (VIOLATED)
   DP_OP_612J1_123_2344/clk_r_REG1106_S2/D
                                0.89           1.08 f        -0.19  (VIOLATED)
   DP_OP_622J1_133_2344/clk_r_REG822_S2/D
                                0.90           1.09 f        -0.19  (VIOLATED)
   DP_OP_616J1_127_2344/clk_r_REG1799_S2/D
                                0.89           1.08 f        -0.19  (VIOLATED)
   DP_OP_619J1_130_2344/clk_r_REG1098_S8/D
                                0.89           1.08 f        -0.19  (VIOLATED)
   u_ws_array/gen_row[1].gen_col[3].pe_inst/clk_gate_stored_weight_reg/latch/E
                                0.33           0.52 r        -0.19  (VIOLATED)
   u_ws_array/gen_row[3].gen_col[3].pe_inst/clk_gate_partial_out_reg/latch/E
                                0.34           0.53 r        -0.19  (VIOLATED)
   DP_OP_616J1_127_2344/clk_r_REG442_S2/D
                                0.89           1.08 f        -0.19  (VIOLATED)
   DP_OP_615J1_126_2344/clk_r_REG1469_S11/D
                                0.89           1.08 f        -0.19  (VIOLATED)
   DP_OP_618J1_129_2344/clk_r_REG1578_S2/D
                                0.86           1.05 r        -0.19  (VIOLATED)
   DP_OP_620J1_131_2344/clk_r_REG662_S2/D
                                0.89           1.08 f        -0.19  (VIOLATED)
   u_ws_array/gen_row[3].gen_col[3].pe_inst/clk_gate_accumulator_reg/latch/E
                                0.34           0.53 r        -0.19  (VIOLATED)
   u_ws_array/gen_row[3].gen_col[3].pe_inst/clk_gate_input_reg_reg/latch/E
                                0.34           0.53 r        -0.19  (VIOLATED)
   u_ws_array/gen_row[3].gen_col[1].pe_inst/clk_gate_input_out_reg_reg/latch/E
                                0.34           0.53 r        -0.19  (VIOLATED)
   DP_OP_617J1_128_2344/clk_r_REG520_S2/D
                                0.89           1.08 f        -0.19  (VIOLATED)
   DP_OP_618J1_129_2344/clk_r_REG1497_S2/D
                                0.89           1.08 r        -0.19  (VIOLATED)
   DP_OP_626J1_137_2344/clk_r_REG1531_S2/D
                                0.89           1.08 r        -0.19  (VIOLATED)
   DP_OP_616J1_127_2344/clk_r_REG463_S2/D
                                0.89           1.08 f        -0.19  (VIOLATED)
   DP_OP_624J1_135_2344/clk_r_REG897_S2/D
                                0.85           1.04 r        -0.19  (VIOLATED)
   DP_OP_615J1_126_2344/clk_r_REG1102_S11/D
                                0.89           1.08 f        -0.19  (VIOLATED)
   clk_r_REG410_S3/D            0.85           1.03 r        -0.19  (VIOLATED)
   clk_r_REG343_S3/D            0.85           1.04 r        -0.19  (VIOLATED)
   clk_r_REG344_S3/D            0.85           1.04 r        -0.19  (VIOLATED)
   DP_OP_612J1_123_2344/clk_r_REG1473_S2/D
                                0.86           1.04 r        -0.19  (VIOLATED)
   DP_OP_618J1_129_2344/clk_r_REG600_S2/D
                                0.86           1.04 r        -0.19  (VIOLATED)
   clk_r_REG1959_S2/D           0.84           1.03 r        -0.19  (VIOLATED)
   DP_OP_614J1_125_2344/clk_r_REG371_S2/D
                                0.86           1.05 r        -0.19  (VIOLATED)
   DP_OP_625J1_136_2344/clk_r_REG972_S2/D
                                0.89           1.08 f        -0.19  (VIOLATED)
   DP_OP_617J1_128_2344/clk_r_REG1492_S2/D
                                0.86           1.04 r        -0.19  (VIOLATED)
   DP_OP_613J1_124_2344/clk_r_REG313_S2/D
                                0.89           1.08 f        -0.19  (VIOLATED)
   DP_OP_618J1_129_2344/clk_r_REG590_S2/D
                                0.89           1.08 f        -0.19  (VIOLATED)
   DP_OP_625J1_136_2344/clk_r_REG964_S2/D
                                0.90           1.08 f        -0.19  (VIOLATED)
   DP_OP_621J1_132_2344/clk_r_REG741_S2/D
                                0.89           1.08 f        -0.19  (VIOLATED)
   DP_OP_624J1_135_2344/clk_r_REG1520_S2/D
                                0.86           1.04 r        -0.19  (VIOLATED)
   DP_OP_616J1_127_2344/clk_r_REG451_S2/D
                                0.89           1.07 r        -0.18  (VIOLATED)
   DP_OP_624J1_135_2344/clk_r_REG1523_S2/D
                                0.86           1.04 r        -0.18  (VIOLATED)
   DP_OP_625J1_136_2344/clk_r_REG1689_S2/D
                                0.85           1.04 r        -0.18  (VIOLATED)
   DP_OP_618J1_129_2344/clk_r_REG1135_S2/D
                                0.89           1.08 f        -0.18  (VIOLATED)
   DP_OP_621J1_132_2344/clk_r_REG773_S2/D
                                0.89           1.08 r        -0.18  (VIOLATED)
   DP_OP_615J1_126_2344/clk_r_REG1373_S11/D
                                0.86           1.04 r        -0.18  (VIOLATED)
   DP_OP_624J1_135_2344/clk_r_REG1436_S2/D
                                0.89           1.07 r        -0.18  (VIOLATED)
   DP_OP_614J1_125_2344/clk_r_REG372_S2/D
                                0.86           1.04 r        -0.18  (VIOLATED)
   DP_OP_613J1_124_2344/clk_r_REG1110_S2/D
                                0.91           1.09 f        -0.18  (VIOLATED)
   DP_OP_612J1_123_2344/clk_r_REG270_S2/D
                                0.86           1.04 r        -0.18  (VIOLATED)
   DP_OP_621J1_132_2344/clk_r_REG1748_S2/D
                                0.85           1.04 r        -0.18  (VIOLATED)
   DP_OP_622J1_133_2344/clk_r_REG1513_S2/D
                                0.89           1.07 r        -0.18  (VIOLATED)
   DP_OP_620J1_131_2344/clk_r_REG1418_S2/D
                                0.86           1.04 r        -0.18  (VIOLATED)
   DP_OP_611J1_122_2344/clk_r_REG1618_S2/D
                                0.86           1.04 r        -0.18  (VIOLATED)
   DP_OP_619J1_130_2344/clk_r_REG58_S8/D
                                0.86           1.04 r        -0.18  (VIOLATED)
   DP_OP_612J1_123_2344/clk_r_REG282_S2/D
                                0.89           1.08 f        -0.18  (VIOLATED)
   DP_OP_613J1_124_2344/clk_r_REG1113_S2/D
                                0.89           1.07 f        -0.18  (VIOLATED)
   DP_OP_618J1_129_2344/clk_r_REG1658_S2/D
                                0.89           1.07 r        -0.18  (VIOLATED)
   u_ws_array/gen_row[3].gen_col[0].pe_inst/clk_gate_stored_weight_reg/latch/E
                                0.34           0.52 r        -0.18  (VIOLATED)
   DP_OP_624J1_135_2344/clk_r_REG911_S2/D
                                0.86           1.04 r        -0.18  (VIOLATED)
   clk_r_REG1869_S2/D           0.89           1.07 f        -0.18  (VIOLATED)
   DP_OP_616J1_127_2344/clk_r_REG1396_S2/D
                                0.86           1.04 r        -0.18  (VIOLATED)
   DP_OP_617J1_128_2344/clk_r_REG1130_S2/D
                                0.89           1.07 f        -0.18  (VIOLATED)
   DP_OP_614J1_125_2344/clk_r_REG1720_S2/D
                                0.86           1.04 r        -0.18  (VIOLATED)
   DP_OP_615J1_126_2344/clk_r_REG112_S11/D
                                0.89           1.07 r        -0.18  (VIOLATED)
   DP_OP_622J1_133_2344/clk_r_REG808_S2/D
                                0.89           1.07 f        -0.18  (VIOLATED)
   DP_OP_614J1_125_2344/clk_r_REG373_S2/D
                                0.89           1.06 r        -0.18  (VIOLATED)
   DP_OP_626J1_137_2344/clk_r_REG1040_S2/D
                                0.90           1.08 f        -0.18  (VIOLATED)
   DP_OP_621J1_132_2344/clk_r_REG730_S2/D
                                0.89           1.07 f        -0.18  (VIOLATED)
   DP_OP_620J1_131_2344/clk_r_REG1506_S2/D
                                0.89           1.07 f        -0.18  (VIOLATED)
   DP_OP_625J1_136_2344/clk_r_REG979_S2/D
                                0.89           1.07 f        -0.18  (VIOLATED)
   DP_OP_611J1_122_2344/clk_r_REG223_S2/D
                                0.86           1.04 r        -0.18  (VIOLATED)
   DP_OP_622J1_133_2344/clk_r_REG803_S2/D
                                0.89           1.07 f        -0.18  (VIOLATED)
   DP_OP_615J1_126_2344/clk_r_REG1467_S11/D
                                0.86           1.03 r        -0.18  (VIOLATED)
   DP_OP_624J1_135_2344/clk_r_REG893_S2/D
                                0.89           1.07 f        -0.18  (VIOLATED)
   DP_OP_617J1_128_2344/clk_r_REG515_S2/D
                                0.86           1.03 r        -0.18  (VIOLATED)
   clk_r_REG1826_S2/D           0.89           1.07 f        -0.18  (VIOLATED)
   DP_OP_619J1_130_2344/clk_r_REG49_S8/D
                                0.86           1.03 r        -0.18  (VIOLATED)
   DP_OP_616J1_127_2344/clk_r_REG1490_S2/D
                                0.86           1.04 r        -0.18  (VIOLATED)
   DP_OP_621J1_132_2344/clk_r_REG760_S2/D
                                0.89           1.07 f        -0.18  (VIOLATED)
   DP_OP_621J1_132_2344/clk_r_REG740_S2/D
                                0.89           1.07 f        -0.18  (VIOLATED)
   clk_r_REG1907_S2/D           0.89           1.07 r        -0.18  (VIOLATED)
   DP_OP_626J1_137_2344/clk_r_REG1054_S2/D
                                0.89           1.07 f        -0.18  (VIOLATED)
   DP_OP_625J1_136_2344/clk_r_REG1686_S2/D
                                0.86           1.03 r        -0.18  (VIOLATED)
   u_ws_array/gen_row[2].gen_col[3].pe_inst/clk_gate_accumulator_reg/latch/E
                                0.34           0.51 r        -0.17  (VIOLATED)
   DP_OP_626J1_137_2344/clk_r_REG1039_S2/D
                                0.89           1.07 f        -0.17  (VIOLATED)
   DP_OP_616J1_127_2344/clk_r_REG1399_S2/D
                                0.88           1.06 r        -0.17  (VIOLATED)
   DP_OP_622J1_133_2344/clk_r_REG807_S2/D
                                0.86           1.03 r        -0.17  (VIOLATED)
   DP_OP_622J1_133_2344/clk_r_REG1594_S2/D
                                0.89           1.06 f        -0.17  (VIOLATED)
   DP_OP_621J1_132_2344/clk_r_REG1745_S2/D
                                0.86           1.03 r        -0.17  (VIOLATED)
   DP_OP_613J1_124_2344/clk_r_REG315_S2/D
                                0.85           1.03 r        -0.17  (VIOLATED)
   clk_r_REG2020_S2/D           0.90           1.07 f        -0.17  (VIOLATED)
   DP_OP_614J1_125_2344/clk_r_REG389_S2/D
                                0.89           1.06 f        -0.17  (VIOLATED)
   DP_OP_626J1_137_2344/clk_r_REG1275_S2/D
                                0.89           1.06 f        -0.17  (VIOLATED)
   DP_OP_626J1_137_2344/clk_r_REG1029_S2/D
                                0.89           1.06 f        -0.17  (VIOLATED)
   clk_r_REG833_S3/D            0.89           1.06 r        -0.17  (VIOLATED)
   clk_r_REG1882_S2/D           0.89           1.06 f        -0.17  (VIOLATED)
   DP_OP_620J1_131_2344/clk_r_REG685_S2/D
                                0.89           1.06 f        -0.17  (VIOLATED)
   DP_OP_626J1_137_2344/clk_r_REG1022_S2/D
                                0.85           1.03 r        -0.17  (VIOLATED)
   DP_OP_621J1_132_2344/clk_r_REG747_S2/D
                                0.90           1.07 f        -0.17  (VIOLATED)
   DP_OP_620J1_131_2344/clk_r_REG1813_S2/D
                                0.89           1.06 f        -0.17  (VIOLATED)
   DP_OP_620J1_131_2344/clk_r_REG1507_S2/D
                                0.86           1.03 r        -0.17  (VIOLATED)
   clk_r_REG1857_S2/D           0.89           1.06 f        -0.17  (VIOLATED)
   DP_OP_620J1_131_2344/clk_r_REG1421_S2/D
                                0.89           1.06 r        -0.17  (VIOLATED)
   DP_OP_620J1_131_2344/clk_r_REG1326_S2/D
                                0.89           1.06 r        -0.17  (VIOLATED)
   DP_OP_611J1_122_2344/clk_r_REG39_S2/D
                                0.89           1.06 f        -0.17  (VIOLATED)
   DP_OP_622J1_133_2344/clk_r_REG829_S2/D
                                0.89           1.06 f        -0.17  (VIOLATED)
   DP_OP_626J1_137_2344/clk_r_REG1028_S2/D
                                0.89           1.06 f        -0.17  (VIOLATED)
   DP_OP_617J1_128_2344/clk_r_REG522_S2/D
                                0.85           1.02 r        -0.17  (VIOLATED)
   u_ws_array/gen_row[2].gen_col[3].pe_inst/clk_gate_partial_reg_reg/latch/E
                                0.34           0.50 r        -0.17  (VIOLATED)
   DP_OP_616J1_127_2344/clk_r_REG446_S2/D
                                0.85           1.02 r        -0.17  (VIOLATED)
   DP_OP_613J1_124_2344/clk_r_REG347_S2/D
                                0.91           1.08 r        -0.17  (VIOLATED)
   DP_OP_621J1_132_2344/clk_r_REG1263_S5/D
                                0.90           1.07 f        -0.17  (VIOLATED)
   DP_OP_616J1_127_2344/clk_r_REG443_S2/D
                                0.86           1.03 r        -0.17  (VIOLATED)
   DP_OP_613J1_124_2344/clk_r_REG1556_S2/D
                                0.89           1.06 f        -0.17  (VIOLATED)
   DP_OP_616J1_127_2344/clk_r_REG437_S2/D
                                0.86           1.03 r        -0.17  (VIOLATED)
   DP_OP_623J1_134_2344/clk_r_REG123_S5/D
                                0.89           1.06 f        -0.17  (VIOLATED)
   clk_r_REG735_S3/D            0.90           1.06 f        -0.17  (VIOLATED)
   DP_OP_620J1_131_2344/clk_r_REG657_S2/D
                                0.86           1.03 r        -0.17  (VIOLATED)
   DP_OP_620J1_131_2344/clk_r_REG663_S2/D
                                0.86           1.03 r        -0.17  (VIOLATED)
   DP_OP_613J1_124_2344/clk_r_REG1220_S5/D
                                0.90           1.06 f        -0.17  (VIOLATED)
   DP_OP_616J1_127_2344/clk_r_REG1568_S2/D
                                0.86           1.03 r        -0.17  (VIOLATED)
   DP_OP_621J1_132_2344/clk_r_REG1587_S2/D
                                0.89           1.06 f        -0.17  (VIOLATED)
   DP_OP_613J1_124_2344/clk_r_REG1716_S2/D
                                0.86           1.02 r        -0.17  (VIOLATED)
   DP_OP_624J1_135_2344/clk_r_REG889_S2/D
                                0.85           1.02 r        -0.17  (VIOLATED)
   clk_r_REG26_S3/D             0.89           1.06 r        -0.17  (VIOLATED)
   clk_r_REG1928_S2/D           0.89           1.06 r        -0.17  (VIOLATED)
   clk_r_REG824_S3/D            0.89           1.05 r        -0.17  (VIOLATED)
   DP_OP_616J1_127_2344/clk_r_REG1648_S2/D
                                0.86           1.02 r        -0.17  (VIOLATED)
   DP_OP_622J1_133_2344/clk_r_REG798_S2/D
                                0.86           1.02 r        -0.17  (VIOLATED)
   DP_OP_611J1_122_2344/clk_r_REG155_S2/D
                                0.89           1.06 f        -0.17  (VIOLATED)
   DP_OP_622J1_133_2344/clk_r_REG806_S2/D
                                0.89           1.05 f        -0.16  (VIOLATED)
   u_ws_array/gen_row[3].gen_col[2].pe_inst/clk_gate_partial_out_reg/latch/E
                                0.34           0.50 r        -0.16  (VIOLATED)
   DP_OP_611J1_122_2344/clk_r_REG1197_S2/D
                                0.90           1.06 f        -0.16  (VIOLATED)
   clk_r_REG1877_S2/D           0.89           1.06 r        -0.16  (VIOLATED)
   DP_OP_623J1_134_2344/clk_r_REG1182_S5/D
                                0.89           1.06 f        -0.16  (VIOLATED)
   DP_OP_619J1_130_2344/clk_r_REG1548_S8/D
                                0.86           1.02 r        -0.16  (VIOLATED)
   u_ws_array/gen_row[3].gen_col[2].pe_inst/clk_gate_partial_reg_reg/latch/E
                                0.34           0.50 r        -0.16  (VIOLATED)
   DP_OP_620J1_131_2344/clk_r_REG1584_S2/D
                                0.86           1.02 r        -0.16  (VIOLATED)
   u_ws_array/gen_row[3].gen_col[2].pe_inst/clk_gate_input_reg_reg/latch/E
                                0.34           0.50 r        -0.16  (VIOLATED)
   DP_OP_616J1_127_2344/clk_r_REG447_S2/D
                                0.89           1.05 r        -0.16  (VIOLATED)
   DP_OP_621J1_132_2344/clk_r_REG734_S2/D
                                0.89           1.05 f        -0.16  (VIOLATED)
   clk_r_REG816_S3/D            0.89           1.05 r        -0.16  (VIOLATED)
   clk_r_REG826_S3/D            0.89           1.05 r        -0.16  (VIOLATED)
   DP_OP_621J1_132_2344/clk_r_REG725_S2/D
                                0.86           1.02 r        -0.16  (VIOLATED)
   DP_OP_626J1_137_2344/clk_r_REG1017_S2/D
                                0.86           1.02 r        -0.16  (VIOLATED)
   DP_OP_622J1_133_2344/clk_r_REG1676_S2/D
                                0.90           1.06 f        -0.16  (VIOLATED)
   clk_r_REG1850_S8/D           0.89           1.05 f        -0.16  (VIOLATED)
   DP_OP_620J1_131_2344/clk_r_REG1417_S2/D
                                0.89           1.05 f        -0.16  (VIOLATED)
   u_ws_array/gen_row[2].gen_col[3].pe_inst/clk_gate_stored_weight_reg/latch/E
                                0.34           0.50 r        -0.16  (VIOLATED)
   DP_OP_613J1_124_2344/clk_r_REG328_S2/D
                                0.90           1.06 f        -0.16  (VIOLATED)
   DP_OP_622J1_133_2344/clk_r_REG1675_S2/D
                                0.89           1.05 f        -0.16  (VIOLATED)
   clk_r_REG1901_S2/D           0.84           1.00 r        -0.16  (VIOLATED)
   DP_OP_622J1_133_2344/clk_r_REG1595_S2/D
                                0.86           1.02 r        -0.16  (VIOLATED)
   DP_OP_626J1_137_2344/clk_r_REG1530_S2/D
                                0.89           1.05 f        -0.16  (VIOLATED)
   DP_OP_617J1_128_2344/clk_r_REG521_S2/D
                                0.86           1.02 r        -0.16  (VIOLATED)
   DP_OP_613J1_124_2344/clk_r_REG333_S2/D
                                0.89           1.05 f        -0.16  (VIOLATED)
   u_ws_array/gen_row[3].gen_col[2].pe_inst/clk_gate_stored_weight_reg/latch/E
                                0.35           0.51 f        -0.16  (VIOLATED)
   clk_r_REG2_S3/D              0.89           1.05 r        -0.16  (VIOLATED)
   DP_OP_619J1_130_2344/clk_r_REG91_S8/D
                                0.89           1.05 r        -0.16  (VIOLATED)
   DP_OP_618J1_129_2344/clk_r_REG592_S2/D
                                0.85           1.01 r        -0.16  (VIOLATED)
   clk_r_REG1954_S2/D           0.89           1.05 f        -0.16  (VIOLATED)
   DP_OP_613J1_124_2344/clk_r_REG337_S2/D
                                0.92           1.08 f        -0.16  (VIOLATED)
   DP_OP_616J1_127_2344/clk_r_REG1123_S2/D
                                0.89           1.05 f        -0.16  (VIOLATED)
   clk_r_REG86_S3/D             0.89           1.05 r        -0.16  (VIOLATED)
   DP_OP_625J1_136_2344/clk_r_REG1525_S2/D
                                0.89           1.05 f        -0.16  (VIOLATED)
   DP_OP_623J1_134_2344/clk_r_REG1621_S5/D
                                0.89           1.05 r        -0.16  (VIOLATED)
   clk_r_REG1015_S3/D           0.89           1.05 r        -0.16  (VIOLATED)
   clk_r_REG124_S3/D            0.89           1.04 r        -0.16  (VIOLATED)
   clk_r_REG73_S3/D             0.89           1.04 r        -0.16  (VIOLATED)
   clk_r_REG737_S3/D            0.89           1.04 r        -0.16  (VIOLATED)
   DP_OP_624J1_135_2344/clk_r_REG1163_S2/D
                                0.89           1.05 f        -0.16  (VIOLATED)
   DP_OP_611J1_122_2344/clk_r_REG42_S2/D
                                0.86           1.01 r        -0.16  (VIOLATED)
   clk_r_REG68_S3/D             0.89           1.04 r        -0.16  (VIOLATED)
   u_ws_array/gen_row[2].gen_col[3].pe_inst/clk_gate_input_reg_reg/latch/E
                                0.34           0.49 r        -0.16  (VIOLATED)
   clk_r_REG726_S3/D            0.89           1.04 r        -0.16  (VIOLATED)
   DP_OP_613J1_124_2344/clk_r_REG1406_S5/D
                                0.89           1.05 f        -0.16  (VIOLATED)
   DP_OP_622J1_133_2344/clk_r_REG1272_S5/D
                                0.89           1.05 f        -0.16  (VIOLATED)
   DP_OP_625J1_136_2344/clk_r_REG963_S2/D
                                0.89           1.05 f        -0.16  (VIOLATED)
   DP_OP_611J1_122_2344/clk_r_REG1855_S2/D
                                0.85           1.01 r        -0.15  (VIOLATED)
   DP_OP_611J1_122_2344/clk_r_REG100_S2/D
                                0.85           1.01 r        -0.15  (VIOLATED)
   clk_r_REG831_S3/D            0.89           1.04 r        -0.15  (VIOLATED)
   clk_r_REG842_S3/D            0.89           1.04 r        -0.15  (VIOLATED)
   clk_r_REG44_S3/D             0.89           1.04 r        -0.15  (VIOLATED)
   DP_OP_621J1_132_2344/clk_r_REG733_S2/D
                                0.89           1.04 f        -0.15  (VIOLATED)
   DP_OP_621J1_132_2344/clk_r_REG731_S2/D
                                0.86           1.01 r        -0.15  (VIOLATED)
   DP_OP_624J1_135_2344/clk_r_REG885_S2/D
                                0.85           1.01 r        -0.15  (VIOLATED)
   DP_OP_617J1_128_2344/clk_r_REG1573_S2/D
                                0.86           1.01 r        -0.15  (VIOLATED)
   clk_r_REG1969_S2/D           0.89           1.04 r        -0.15  (VIOLATED)
   DP_OP_615J1_126_2344/clk_r_REG54_S11/D
                                0.85           1.01 r        -0.15  (VIOLATED)
   clk_r_REG751_S3/D            0.89           1.04 r        -0.15  (VIOLATED)
   clk_r_REG728_S3/D            0.89           1.04 r        -0.15  (VIOLATED)
   clk_r_REG723_S3/D            0.89           1.04 r        -0.15  (VIOLATED)
   DP_OP_613J1_124_2344/clk_r_REG1405_S5/D
                                0.89           1.04 f        -0.15  (VIOLATED)
   DP_OP_625J1_136_2344/clk_r_REG941_S2/D
                                0.86           1.01 r        -0.15  (VIOLATED)
   DP_OP_613J1_124_2344/clk_r_REG1639_S2/D
                                0.90           1.05 f        -0.15  (VIOLATED)
   DP_OP_626J1_137_2344/clk_r_REG1911_S2/D
                                0.85           1.00 r        -0.15  (VIOLATED)
   clk_r_REG844_S3/D            0.89           1.04 r        -0.15  (VIOLATED)
   DP_OP_616J1_127_2344/clk_r_REG1395_S2/D
                                0.89           1.04 f        -0.15  (VIOLATED)
   DP_OP_612J1_123_2344/clk_r_REG1634_S2/D
                                0.89           1.04 r        -0.15  (VIOLATED)
   clk_r_REG939_S3/D            0.89           1.04 r        -0.15  (VIOLATED)
   DP_OP_615J1_126_2344/clk_r_REG1547_S11/D
                                0.86           1.01 r        -0.15  (VIOLATED)
   DP_OP_625J1_136_2344/clk_r_REG1905_S2/D
                                0.85           1.00 r        -0.15  (VIOLATED)
   DP_OP_619J1_130_2344/clk_r_REG1624_S8/D
                                0.89           1.04 r        -0.15  (VIOLATED)
   clk_r_REG162_S3/D            0.89           1.04 r        -0.15  (VIOLATED)
   clk_r_REG818_S3/D            0.89           1.04 f        -0.15  (VIOLATED)
   clk_r_REG102_S3/D            0.89           1.04 r        -0.15  (VIOLATED)
   clk_r_REG153_S3/D            0.89           1.04 r        -0.15  (VIOLATED)
   u_ws_array/gen_row[3].gen_col[2].pe_inst/clk_gate_input_out_reg_reg/latch/E
                                0.35           0.50 f        -0.15  (VIOLATED)
   clk_r_REG129_S3/D            0.89           1.04 r        -0.15  (VIOLATED)
   DP_OP_618J1_129_2344/clk_r_REG1224_S2/D
                                0.89           1.04 f        -0.15  (VIOLATED)
   clk_r_REG1873_S2/D           0.89           1.04 f        -0.15  (VIOLATED)
   DP_OP_615J1_126_2344/clk_r_REG1190_S11/D
                                0.89           1.04 f        -0.15  (VIOLATED)
   u_ws_array/gen_row[2].gen_col[3].pe_inst/clk_gate_partial_out_reg/latch/E
                                0.34           0.49 r        -0.15  (VIOLATED)
   DP_OP_625J1_136_2344/clk_r_REG1265_S2/D
                                0.90           1.05 f        -0.15  (VIOLATED)
   DP_OP_624J1_135_2344/clk_r_REG1601_S2/D
                                0.89           1.04 r        -0.15  (VIOLATED)
   DP_OP_624J1_135_2344/clk_r_REG894_S2/D
                                0.89           1.04 f        -0.15  (VIOLATED)
   DP_OP_613J1_124_2344/clk_r_REG356_S2/D
                                0.86           1.00 r        -0.15  (VIOLATED)
   DP_OP_613J1_124_2344/clk_r_REG355_S2/D
                                0.86           1.00 r        -0.15  (VIOLATED)
   DP_OP_612J1_123_2344/clk_r_REG1199_S2/D
                                0.89           1.04 f        -0.15  (VIOLATED)
   DP_OP_616J1_127_2344/clk_r_REG444_S2/D
                                0.86           1.00 r        -0.15  (VIOLATED)
   DP_OP_626J1_137_2344/clk_r_REG1268_S2/D
                                0.89           1.04 f        -0.14  (VIOLATED)
   DP_OP_620J1_131_2344/clk_r_REG1233_S2/D
                                0.89           1.04 f        -0.14  (VIOLATED)
   DP_OP_612J1_123_2344/clk_r_REG1554_S2/D
                                0.89           1.04 f        -0.14  (VIOLATED)
   clk_r_REG1847_S5/D           0.89           1.04 f        -0.14  (VIOLATED)
   DP_OP_619J1_130_2344/clk_r_REG1542_S8/D
                                0.86           1.00 r        -0.14  (VIOLATED)
   DP_OP_623J1_134_2344/clk_r_REG1549_S5/D
                                0.86           1.00 r        -0.14  (VIOLATED)
   DP_OP_619J1_130_2344/clk_r_REG1186_S8/D
                                0.89           1.04 f        -0.14  (VIOLATED)
   DP_OP_615J1_126_2344/clk_r_REG52_S11/D
                                0.86           1.00 r        -0.14  (VIOLATED)
   DP_OP_622J1_133_2344/clk_r_REG814_S2/D
                                0.86           1.00 r        -0.14  (VIOLATED)
   clk_r_REG13_S3/D             0.89           1.03 f        -0.14  (VIOLATED)
   DP_OP_618J1_129_2344/clk_r_REG585_S2/D
                                0.89           1.03 r        -0.14  (VIOLATED)
   DP_OP_616J1_127_2344/clk_r_REG1486_S2/D
                                0.89           1.03 r        -0.14  (VIOLATED)
   DP_OP_616J1_127_2344/clk_r_REG1565_S2/D
                                0.89           1.03 r        -0.14  (VIOLATED)
   DP_OP_621J1_132_2344/clk_r_REG732_S2/D
                                0.89           1.03 r        -0.14  (VIOLATED)
   clk_r_REG352_S3/D            0.85           0.99 r        -0.14  (VIOLATED)
   DP_OP_626J1_137_2344/clk_r_REG1269_S2/D
                                0.90           1.04 f        -0.14  (VIOLATED)
   DP_OP_623J1_134_2344/clk_r_REG38_S5/D
                                0.89           1.04 f        -0.14  (VIOLATED)
   DP_OP_620J1_131_2344/clk_r_REG1664_S2/D
                                0.86           1.00 r        -0.14  (VIOLATED)
   clk_r_REG335_S3/D            0.91           1.05 f        -0.14  (VIOLATED)
   clk_r_REG1035_S3/D           0.89           1.03 r        -0.14  (VIOLATED)
   DP_OP_617J1_128_2344/clk_r_REG1216_S2/D
                                0.89           1.03 f        -0.14  (VIOLATED)
   DP_OP_616J1_127_2344/clk_r_REG1651_S2/D
                                0.90           1.04 r        -0.14  (VIOLATED)
   DP_OP_625J1_136_2344/clk_r_REG946_S2/D
                                0.89           1.03 r        -0.14  (VIOLATED)
   DP_OP_613J1_124_2344/clk_r_REG310_S2/D
                                0.89           1.03 r        -0.14  (VIOLATED)
   clk_r_REG1030_S3/D           0.89           1.03 r        -0.14  (VIOLATED)
   DP_OP_625J1_136_2344/clk_r_REG970_S2/D
                                0.90           1.04 f        -0.14  (VIOLATED)
   DP_OP_613J1_124_2344/clk_r_REG1638_S2/D
                                0.89           1.03 f        -0.14  (VIOLATED)
   clk_r_REG1026_S3/D           0.89           1.03 r        -0.14  (VIOLATED)
   DP_OP_622J1_133_2344/clk_r_REG1454_S5/D
                                0.89           1.03 f        -0.14  (VIOLATED)
   clk_r_REG742_S3/D            0.88           1.02 f        -0.14  (VIOLATED)
   DP_OP_623J1_134_2344/clk_r_REG66_S5/D
                                0.86           1.00 r        -0.14  (VIOLATED)
   DP_OP_611J1_122_2344/clk_r_REG1179_S2/D
                                0.89           1.03 f        -0.14  (VIOLATED)
   DP_OP_621J1_132_2344/clk_r_REG754_S2/D
                                0.89           1.03 f        -0.14  (VIOLATED)
   DP_OP_622J1_133_2344/clk_r_REG828_S2/D
                                0.89           1.03 r        -0.14  (VIOLATED)
   clk_r_REG1044_S3/D           0.89           1.03 r        -0.14  (VIOLATED)
   clk_r_REG1033_S3/D           0.89           1.03 r        -0.14  (VIOLATED)
   clk_r_REG1020_S3/D           0.89           1.03 r        -0.14  (VIOLATED)
   DP_OP_615J1_126_2344/clk_r_REG202_S11/D
                                0.89           1.03 r        -0.14  (VIOLATED)
   clk_r_REG960_S3/D            0.89           1.02 r        -0.14  (VIOLATED)
   DP_OP_614J1_125_2344/clk_r_REG381_S2/D
                                0.90           1.04 f        -0.14  (VIOLATED)
   DP_OP_625J1_136_2344/clk_r_REG971_S2/D
                                0.90           1.04 f        -0.14  (VIOLATED)
   DP_OP_626J1_137_2344/clk_r_REG1274_S2/D
                                0.89           1.03 f        -0.14  (VIOLATED)
   DP_OP_614J1_125_2344/clk_r_REG1413_S5/D
                                0.89           1.03 f        -0.14  (VIOLATED)
   clk_r_REG944_S3/D            0.89           1.02 r        -0.14  (VIOLATED)
   DP_OP_613J1_124_2344/clk_r_REG1718_S2/D
                                0.90           1.04 r        -0.14  (VIOLATED)
   clk_r_REG942_S3/D            0.88           1.02 f        -0.13  (VIOLATED)
   DP_OP_617J1_128_2344/clk_r_REG1570_S2/D
                                0.86           0.99 r        -0.13  (VIOLATED)
   DP_OP_624J1_135_2344/clk_r_REG890_S2/D
                                0.89           1.02 r        -0.13  (VIOLATED)
   DP_OP_616J1_127_2344/clk_r_REG445_S2/D
                                0.88           1.02 r        -0.13  (VIOLATED)
   DP_OP_615J1_126_2344/clk_r_REG36_S11/D
                                0.89           1.03 f        -0.13  (VIOLATED)
   clk_r_REG968_S3/D            0.89           1.02 r        -0.13  (VIOLATED)
   clk_r_REG950_S3/D            0.89           1.02 r        -0.13  (VIOLATED)
   DP_OP_616J1_127_2344/clk_r_REG436_S2/D
                                0.89           1.03 r        -0.13  (VIOLATED)
   DP_OP_612J1_123_2344/clk_r_REG1552_S2/D
                                0.86           0.99 r        -0.13  (VIOLATED)
   DP_OP_611J1_122_2344/clk_r_REG1196_S2/D
                                0.89           1.02 f        -0.13  (VIOLATED)
   DP_OP_620J1_131_2344/clk_r_REG656_S2/D
                                0.89           1.03 r        -0.13  (VIOLATED)
   DP_OP_625J1_136_2344/clk_r_REG978_S2/D
                                0.90           1.03 f        -0.13  (VIOLATED)
   DP_OP_625J1_136_2344/clk_r_REG1764_S2/D
                                0.90           1.04 f        -0.13  (VIOLATED)
   clk_r_REG958_S3/D            0.89           1.02 r        -0.13  (VIOLATED)
   DP_OP_622J1_133_2344/clk_r_REG805_S2/D
                                0.89           1.02 r        -0.13  (VIOLATED)
   clk_r_REG965_S3/D            0.89           1.02 r        -0.13  (VIOLATED)
   DP_OP_621J1_132_2344/clk_r_REG1262_S5/D
                                0.90           1.03 f        -0.13  (VIOLATED)
   DP_OP_614J1_125_2344/clk_r_REG1934_S2/D
                                0.90           1.03 r        -0.13  (VIOLATED)
   clk_r_REG954_S3/D            0.89           1.02 r        -0.13  (VIOLATED)
   DP_OP_611J1_122_2344/clk_r_REG1709_S2/D
                                0.90           1.03 f        -0.13  (VIOLATED)
   clk_r_REG2225_S1/D           0.85           0.98 r        -0.13  (VIOLATED)
   DP_OP_623J1_134_2344/clk_r_REG28_S5/D
                                0.86           0.99 r        -0.13  (VIOLATED)
   DP_OP_613J1_124_2344/clk_r_REG314_S2/D
                                0.89           1.02 r        -0.13  (VIOLATED)
   clk_r_REG749_S3/D            0.89           1.02 r        -0.13  (VIOLATED)
   DP_OP_620J1_131_2344/clk_r_REG1503_S2/D
                                0.89           1.02 r        -0.13  (VIOLATED)
   clk_r_REG351_S3/D            0.84           0.97 r        -0.13  (VIOLATED)
   DP_OP_621J1_132_2344/clk_r_REG1447_S5/D
                                0.90           1.03 f        -0.13  (VIOLATED)
   clk_r_REG53_S12/D            0.85           0.98 r        -0.13  (VIOLATED)
   DP_OP_614J1_125_2344/clk_r_REG380_S2/D
                                0.89           1.02 r        -0.13  (VIOLATED)
   DP_OP_621J1_132_2344/clk_r_REG1818_S2/D
                                0.90           1.03 f        -0.13  (VIOLATED)
   clk_r_REG22_S12/D            0.85           0.98 r        -0.13  (VIOLATED)
   clk_r_REG745_S3/D            0.89           1.02 r        -0.13  (VIOLATED)
   clk_r_REG62_S12/D            0.85           0.98 r        -0.13  (VIOLATED)
   clk_r_REG35_S12/D            0.85           0.98 r        -0.13  (VIOLATED)
   clk_r_REG176_S3/D            0.88           1.01 f        -0.13  (VIOLATED)
   clk_r_REG11_S12/D            0.85           0.98 r        -0.13  (VIOLATED)
   DP_OP_622J1_133_2344/clk_r_REG1962_S2/D
                                0.90           1.03 r        -0.13  (VIOLATED)
   DP_OP_615J1_126_2344/clk_r_REG1545_S11/D
                                0.86           0.99 r        -0.13  (VIOLATED)
   clk_r_REG1999_S2/D           0.89           1.02 r        -0.13  (VIOLATED)
   clk_r_REG1913_S2/D           0.89           1.02 r        -0.13  (VIOLATED)
   DP_OP_623J1_134_2344/clk_r_REG67_S5/D
                                0.89           1.01 r        -0.13  (VIOLATED)
   DP_OP_614J1_125_2344/clk_r_REG378_S2/D
                                0.89           1.02 f        -0.13  (VIOLATED)
   DP_OP_611J1_122_2344/clk_r_REG12_S2/D
                                0.89           1.02 r        -0.13  (VIOLATED)
   clk_r_REG758_S3/D            0.89           1.01 r        -0.13  (VIOLATED)
   DP_OP_619J1_130_2344/clk_r_REG37_S8/D
                                0.89           1.02 f        -0.13  (VIOLATED)
   DP_OP_624J1_135_2344/clk_r_REG1249_S2/D
                                0.89           1.02 f        -0.13  (VIOLATED)
   DP_OP_614J1_125_2344/clk_r_REG421_S2/D
                                0.89           1.02 r        -0.13  (VIOLATED)
   clk_r_REG1973_S2/D           0.89           1.01 r        -0.13  (VIOLATED)
   DP_OP_626J1_137_2344/clk_r_REG1769_S2/D
                                0.90           1.03 f        -0.13  (VIOLATED)
   DP_OP_620J1_131_2344/clk_r_REG653_S2/D
                                0.89           1.02 f        -0.13  (VIOLATED)
   DP_OP_623J1_134_2344/clk_r_REG1539_S5/D
                                0.86           0.98 r        -0.13  (VIOLATED)
   DP_OP_620J1_131_2344/clk_r_REG1581_S2/D
                                0.89           1.02 r        -0.13  (VIOLATED)
   clk_r_REG756_S3/D            0.89           1.01 r        -0.12  (VIOLATED)
   DP_OP_615J1_126_2344/clk_r_REG34_S11/D
                                0.86           0.98 r        -0.12  (VIOLATED)
   DP_OP_611J1_122_2344/clk_r_REG190_S2/D
                                0.85           0.98 r        -0.12  (VIOLATED)
   clk_r_REG360_S3/D            0.84           0.97 r        -0.12  (VIOLATED)
   DP_OP_618J1_129_2344/clk_r_REG584_S2/D
                                0.89           1.02 f        -0.12  (VIOLATED)
   clk_r_REG769_S3/D            0.89           1.01 r        -0.12  (VIOLATED)
   DP_OP_622J1_133_2344/clk_r_REG1453_S5/D
                                0.89           1.01 f        -0.12  (VIOLATED)
   DP_OP_626J1_137_2344/clk_r_REG1766_S2/D
                                0.86           0.98 r        -0.12  (VIOLATED)
   DP_OP_622J1_133_2344/clk_r_REG804_S2/D
                                0.89           1.01 r        -0.12  (VIOLATED)
   DP_OP_622J1_133_2344/clk_r_REG1823_S2/D
                                0.90           1.03 f        -0.12  (VIOLATED)
   DP_OP_611J1_122_2344/clk_r_REG1535_S2/D
                                0.89           1.02 f        -0.12  (VIOLATED)
   clk_r_REG1041_S3/D           0.89           1.01 r        -0.12  (VIOLATED)
   clk_r_REG767_S3/D            0.89           1.01 r        -0.12  (VIOLATED)
   DP_OP_614J1_125_2344/clk_r_REG1642_S2/D
                                0.89           1.02 f        -0.12  (VIOLATED)
   DP_OP_622J1_133_2344/clk_r_REG868_S2/D
                                0.89           1.01 r        -0.12  (VIOLATED)
   clk_r_REG1050_S3/D           0.89           1.01 r        -0.12  (VIOLATED)
   DP_OP_622J1_133_2344/clk_r_REG813_S2/D
                                0.89           1.01 f        -0.12  (VIOLATED)
   DP_OP_626J1_137_2344/clk_r_REG1047_S2/D
                                0.90           1.02 f        -0.12  (VIOLATED)
   DP_OP_612J1_123_2344/clk_r_REG260_S2/D
                                0.86           0.98 r        -0.12  (VIOLATED)
   clk_r_REG1062_S3/D           0.89           1.01 r        -0.12  (VIOLATED)
   clk_r_REG1052_S3/D           0.89           1.01 r        -0.12  (VIOLATED)
   u_ws_array/gen_row[0].gen_col[3].pe_inst/clk_gate_stored_weight_reg/latch/E
                                0.34           0.45 r        -0.12  (VIOLATED)
   DP_OP_620J1_131_2344/clk_r_REG644_S2/D
                                0.86           0.98 r        -0.12  (VIOLATED)
   clk_r_REG1018_S3/D           0.89           1.01 f        -0.12  (VIOLATED)
   DP_OP_611J1_122_2344/clk_r_REG1178_S2/D
                                0.89           1.01 f        -0.12  (VIOLATED)
   DP_OP_626J1_137_2344/clk_r_REG1910_S2/D
                                0.88           1.00 r        -0.12  (VIOLATED)
   clk_r_REG976_S3/D            0.89           1.01 r        -0.12  (VIOLATED)
   DP_OP_624J1_135_2344/clk_r_REG886_S2/D
                                0.89           1.01 r        -0.12  (VIOLATED)
   DP_OP_614J1_125_2344/clk_r_REG1412_S5/D
                                0.89           1.01 f        -0.12  (VIOLATED)
   clk_r_REG974_S3/D            0.89           1.01 r        -0.12  (VIOLATED)
   DP_OP_618J1_129_2344/clk_r_REG591_S2/D
                                0.89           1.01 r        -0.12  (VIOLATED)
   DP_OP_620J1_131_2344/clk_r_REG1667_S2/D
                                0.90           1.02 r        -0.12  (VIOLATED)
   DP_OP_625J1_136_2344/clk_r_REG1264_S2/D
                                0.89           1.01 f        -0.12  (VIOLATED)
   DP_OP_619J1_130_2344/clk_r_REG31_S8/D
                                0.86           0.97 r        -0.12  (VIOLATED)
   DP_OP_625J1_136_2344/clk_r_REG1904_S2/D
                                0.88           1.00 r        -0.12  (VIOLATED)
   clk_r_REG985_S3/D            0.89           1.01 r        -0.12  (VIOLATED)
   u_ws_array/gen_row[3].gen_col[3].pe_inst/clk_gate_stored_weight_reg/latch/E
                                0.33           0.45 r        -0.12  (VIOLATED)
   DP_OP_613J1_124_2344/clk_r_REG1789_S2/D
                                0.90           1.02 f        -0.12  (VIOLATED)
   DP_OP_620J1_131_2344/clk_r_REG648_S2/D
                                0.86           0.97 r        -0.12  (VIOLATED)
   DP_OP_622J1_133_2344/clk_r_REG795_S2/D
                                0.86           0.97 r        -0.12  (VIOLATED)
   DP_OP_621J1_132_2344/clk_r_REG722_S2/D
                                0.89           1.01 r        -0.12  (VIOLATED)
   DP_OP_626J1_137_2344/clk_r_REG1612_S2/D
                                0.89           1.01 f        -0.11  (VIOLATED)
   clk_r_REG2012_S2/D           0.89           1.01 r        -0.11  (VIOLATED)
   clk_r_REG217_S3/D            0.88           1.00 f        -0.11  (VIOLATED)
   clk_r_REG854_S3/D            0.89           1.00 f        -0.11  (VIOLATED)
   DP_OP_613J1_124_2344/clk_r_REG321_S2/D
                                0.89           1.01 f        -0.11  (VIOLATED)
   DP_OP_614J1_125_2344/clk_r_REG366_S2/D
                                0.89           1.01 r        -0.11  (VIOLATED)
   DP_OP_611J1_122_2344/clk_r_REG158_S2/D
                                0.89           1.01 f        -0.11  (VIOLATED)
   DP_OP_614J1_125_2344/clk_r_REG1793_S2/D
                                0.90           1.02 f        -0.11  (VIOLATED)
   DP_OP_617J1_128_2344/clk_r_REG512_S2/D
                                0.89           1.01 f        -0.11  (VIOLATED)
   DP_OP_626J1_137_2344/clk_r_REG1046_S2/D
                                0.89           1.00 f        -0.11  (VIOLATED)
   DP_OP_625J1_136_2344/clk_r_REG1606_S2/D
                                0.89           1.00 f        -0.11  (VIOLATED)
   DP_OP_624J1_135_2344/clk_r_REG882_S2/D
                                0.89           1.00 r        -0.11  (VIOLATED)
   clk_r_REG1853_S11/D          0.89           1.00 f        -0.11  (VIOLATED)
   DP_OP_620J1_131_2344/clk_r_REG703_S2/D
                                0.89           1.00 r        -0.11  (VIOLATED)
   DP_OP_620J1_131_2344/clk_r_REG665_S2/D
                                0.89           1.00 r        -0.11  (VIOLATED)
   DP_OP_623J1_134_2344/clk_r_REG195_S5/D
                                0.89           1.00 r        -0.11  (VIOLATED)
   clk_r_REG113_S12/D           0.85           0.96 r        -0.11  (VIOLATED)
   DP_OP_622J1_133_2344/clk_r_REG1244_S2/D
                                0.89           1.00 f        -0.11  (VIOLATED)
   clk_r_REG95_S12/D            0.85           0.96 r        -0.11  (VIOLATED)
   clk_r_REG122_S12/D           0.85           0.96 r        -0.11  (VIOLATED)
   clk_r_REG193_S3/D            0.88           0.99 f        -0.11  (VIOLATED)
   DP_OP_614J1_125_2344/clk_r_REG414_S2/D
                                0.90           1.01 f        -0.11  (VIOLATED)
   DP_OP_626J1_137_2344/clk_r_REG1025_S2/D
                                0.89           1.00 f        -0.11  (VIOLATED)
   clk_r_REG864_S3/D            0.89           1.00 f        -0.11  (VIOLATED)
   DP_OP_613J1_124_2344/clk_r_REG332_S2/D
                                0.89           1.00 r        -0.11  (VIOLATED)
   clk_r_REG82_S12/D            0.84           0.95 r        -0.11  (VIOLATED)
   DP_OP_620J1_131_2344/clk_r_REG1740_S2/D
                                0.85           0.96 r        -0.11  (VIOLATED)
   clk_r_REG779_S3/D            0.88           0.99 f        -0.11  (VIOLATED)
   DP_OP_613J1_124_2344/clk_r_REG308_S2/D
                                0.86           0.97 r        -0.11  (VIOLATED)
   DP_OP_611J1_122_2344/clk_r_REG1277_S2/D
                                0.89           1.00 f        -0.11  (VIOLATED)
   DP_OP_611J1_122_2344/clk_r_REG70_S2/D
                                0.89           1.00 f        -0.11  (VIOLATED)
   DP_OP_625J1_136_2344/clk_r_REG1350_S2/D
                                0.89           1.00 f        -0.11  (VIOLATED)
   DP_OP_616J1_127_2344/clk_r_REG435_S2/D
                                0.85           0.96 r        -0.10  (VIOLATED)
   DP_OP_625J1_136_2344/clk_r_REG947_S2/D
                                0.86           0.96 r        -0.10  (VIOLATED)
   DP_OP_622J1_133_2344/clk_r_REG859_S2/D
                                0.90           1.00 f        -0.10  (VIOLATED)
   DP_OP_614J1_125_2344/clk_r_REG1207_S2/D
                                0.89           1.00 f        -0.10  (VIOLATED)
   DP_OP_625J1_136_2344/clk_r_REG991_S2/D
                                0.89           1.00 f        -0.10  (VIOLATED)
   DP_OP_626J1_137_2344/clk_r_REG1059_S2/D
                                0.89           0.99 f        -0.10  (VIOLATED)
   DP_OP_622J1_133_2344/clk_r_REG1339_S2/D
                                0.90           1.00 f        -0.10  (VIOLATED)
   DP_OP_617J1_128_2344/clk_r_REG507_S2/D
                                0.86           0.96 r        -0.10  (VIOLATED)
   DP_OP_626J1_137_2344/clk_r_REG1356_S2/D
                                0.89           0.99 f        -0.10  (VIOLATED)
   DP_OP_621J1_132_2344/clk_r_REG1669_S2/D
                                0.89           1.00 f        -0.10  (VIOLATED)
   DP_OP_620J1_131_2344/clk_r_REG706_S2/D
                                0.90           1.00 f        -0.10  (VIOLATED)
   DP_OP_611J1_122_2344/clk_r_REG157_S2/D
                                0.90           1.00 f        -0.10  (VIOLATED)
   DP_OP_617J1_128_2344/clk_r_REG504_S2/D
                                0.89           1.00 f        -0.10  (VIOLATED)
   DP_OP_625J1_136_2344/clk_r_REG949_S2/D
                                0.89           0.99 f        -0.10  (VIOLATED)
   DP_OP_620J1_131_2344/clk_r_REG664_S2/D
                                0.89           0.99 r        -0.10  (VIOLATED)
   clk_r_REG1060_S3/D           0.88           0.98 f        -0.10  (VIOLATED)
   clk_r_REG994_S3/D            0.88           0.98 f        -0.10  (VIOLATED)
   DP_OP_621J1_132_2344/clk_r_REG753_S2/D
                                0.89           0.99 f        -0.10  (VIOLATED)
   clk_r_REG416_S3/D            0.84           0.94 r        -0.10  (VIOLATED)
   DP_OP_621J1_132_2344/clk_r_REG1889_S2/D
                                0.91           1.01 f        -0.10  (VIOLATED)
   DP_OP_614J1_125_2344/clk_r_REG413_S2/D
                                0.90           1.00 f        -0.10  (VIOLATED)
   DP_OP_615J1_126_2344/clk_r_REG241_S11/D
                                0.90           1.00 f        -0.10  (VIOLATED)
   DP_OP_622J1_133_2344/clk_r_REG1338_S2/D
                                0.90           1.00 f        -0.10  (VIOLATED)
   clk_r_REG1983_S8/D           0.89           0.99 r        -0.10  (VIOLATED)
   clk_r_REG409_S3/D            0.85           0.94 r        -0.10  (VIOLATED)
   DP_OP_626J1_137_2344/clk_r_REG1085_S2/D
                                0.89           0.99 f        -0.10  (VIOLATED)
   clk_r_REG988_S3/D            0.88           0.98 f        -0.10  (VIOLATED)
   DP_OP_614J1_125_2344/clk_r_REG397_S2/D
                                0.90           1.00 f        -0.10  (VIOLATED)
   DP_OP_621J1_132_2344/clk_r_REG793_S2/D
                                0.89           0.99 f        -0.10  (VIOLATED)
   DP_OP_613J1_124_2344/clk_r_REG1930_S2/D
                                0.90           1.00 r        -0.10  (VIOLATED)
   DP_OP_622J1_133_2344/clk_r_REG830_S2/D
                                0.89           0.99 f        -0.10  (VIOLATED)
   DP_OP_616J1_127_2344/clk_r_REG424_S2/D
                                0.86           0.95 r        -0.10  (VIOLATED)
   clk_r_REG2826_S1/D           0.85           0.95 r        -0.10  (VIOLATED)
   DP_OP_622J1_133_2344/clk_r_REG858_S2/D
                                0.90           0.99 f        -0.10  (VIOLATED)
   DP_OP_611J1_122_2344/clk_r_REG41_S2/D
                                0.85           0.95 r        -0.09  (VIOLATED)
   clk_r_REG1945_S2/D           0.89           0.99 r        -0.09  (VIOLATED)
   DP_OP_625J1_136_2344/clk_r_REG981_S2/D
                                0.90           0.99 f        -0.09  (VIOLATED)
   clk_r_REG417_S3/D            0.85           0.94 r        -0.09  (VIOLATED)
   DP_OP_626J1_137_2344/clk_r_REG1086_S2/D
                                0.90           0.99 f        -0.09  (VIOLATED)
   clk_r_REG2007_S2/D           0.89           0.98 r        -0.09  (VIOLATED)
   DP_OP_622J1_133_2344/clk_r_REG1750_S2/D
                                0.90           0.99 f        -0.09  (VIOLATED)
   clk_r_REG1989_S2/D           0.89           0.98 r        -0.09  (VIOLATED)
   DP_OP_621J1_132_2344/clk_r_REG1446_S5/D
                                0.90           0.99 f        -0.09  (VIOLATED)
   DP_OP_621J1_132_2344/clk_r_REG1815_S2/D
                                0.90           0.99 f        -0.09  (VIOLATED)
   DP_OP_625J1_136_2344/clk_r_REG987_S2/D
                                0.89           0.99 f        -0.09  (VIOLATED)
   DP_OP_611J1_122_2344/clk_r_REG175_S2/D
                                0.89           0.98 f        -0.09  (VIOLATED)
   DP_OP_625J1_136_2344/clk_r_REG948_S2/D
                                0.89           0.98 r        -0.09  (VIOLATED)
   DP_OP_614J1_125_2344/clk_r_REG391_S2/D
                                0.90           0.99 f        -0.09  (VIOLATED)
   clk_r_REG2878_S3/D           0.85           0.94 r        -0.09  (VIOLATED)
   DP_OP_622J1_133_2344/clk_r_REG1820_S2/D
                                0.90           1.00 f        -0.09  (VIOLATED)
   DP_OP_626J1_137_2344/clk_r_REG1455_S2/D
                                0.90           0.99 f        -0.09  (VIOLATED)
   DP_OP_626J1_137_2344/clk_r_REG1057_S2/D
                                0.90           0.99 f        -0.09  (VIOLATED)
   clk_r_REG1965_S2/D           0.89           0.98 r        -0.09  (VIOLATED)
   DP_OP_612J1_123_2344/clk_r_REG265_S2/D
                                0.85           0.95 r        -0.09  (VIOLATED)
   clk_r_REG359_S3/D            0.85           0.94 r        -0.09  (VIOLATED)
   DP_OP_625J1_136_2344/clk_r_REG980_S2/D
                                0.90           0.99 f        -0.09  (VIOLATED)
   DP_OP_626J1_137_2344/clk_r_REG1067_S2/D
                                0.89           0.98 f        -0.09  (VIOLATED)
   DP_OP_611J1_122_2344/clk_r_REG254_S2/D
                                0.85           0.94 r        -0.09  (VIOLATED)
   DP_OP_623J1_134_2344/clk_r_REG250_S5/D
                                0.90           0.99 f        -0.09  (VIOLATED)
   DP_OP_621J1_132_2344/clk_r_REG1425_S2/D
                                0.89           0.98 f        -0.09  (VIOLATED)
   DP_OP_618J1_129_2344/clk_r_REG574_S2/D
                                0.86           0.95 r        -0.09  (VIOLATED)
   DP_OP_616J1_127_2344/clk_r_REG2392_S7/D
                                0.88           0.97 f        -0.09  (VIOLATED)
   DP_OP_616J1_127_2344/clk_r_REG2467_S7/D
                                0.88           0.97 f        -0.09  (VIOLATED)
   DP_OP_616J1_127_2344/clk_r_REG2617_S7/D
                                0.88           0.97 f        -0.09  (VIOLATED)
   clk_r_REG47_S6/D             0.89           0.98 f        -0.09  (VIOLATED)
   DP_OP_625J1_136_2344/clk_r_REG1010_S2/D
                                0.90           0.99 f        -0.09  (VIOLATED)
   clk_r_REG852_S3/D            0.89           0.98 f        -0.09  (VIOLATED)
   DP_OP_626J1_137_2344/clk_r_REG1056_S2/D
                                0.90           0.99 f        -0.09  (VIOLATED)
   DP_OP_614J1_125_2344/clk_r_REG384_S2/D
                                0.89           0.98 f        -0.09  (VIOLATED)
   clk_r_REG251_S3/D            0.89           0.98 f        -0.09  (VIOLATED)
   DP_OP_614J1_125_2344/clk_r_REG420_S2/D
                                0.89           0.98 f        -0.09  (VIOLATED)
   clk_r_REG777_S3/D            0.88           0.97 f        -0.09  (VIOLATED)
   DP_OP_619J1_130_2344/clk_r_REG7_S8/D
                                0.89           0.98 r        -0.09  (VIOLATED)
   DP_OP_615J1_126_2344/clk_r_REG10_S11/D
                                0.89           0.98 r        -0.09  (VIOLATED)
   clk_r_REG1980_S5/D           0.89           0.98 r        -0.09  (VIOLATED)
   DP_OP_612J1_123_2344/clk_r_REG263_S2/D
                                0.86           0.95 r        -0.09  (VIOLATED)
   DP_OP_621J1_132_2344/clk_r_REG1424_S2/D
                                0.90           0.98 f        -0.09  (VIOLATED)
   DP_OP_625J1_136_2344/clk_r_REG1169_S2/D
                                0.89           0.98 f        -0.09  (VIOLATED)
   DP_OP_625J1_136_2344/clk_r_REG1257_S2/D
                                0.89           0.98 f        -0.09  (VIOLATED)
   DP_OP_623J1_134_2344/clk_r_REG4_S5/D
                                0.89           0.98 r        -0.08  (VIOLATED)
   clk_r_REG2003_S2/D           0.89           0.98 r        -0.08  (VIOLATED)
   DP_OP_613J1_124_2344/clk_r_REG1787_S2/D
                                0.90           0.99 f        -0.08  (VIOLATED)
   DP_OP_625J1_136_2344/clk_r_REG1761_S2/D
                                0.91           0.99 r        -0.08  (VIOLATED)
   DP_OP_611J1_122_2344/clk_r_REG189_S2/D
                                0.90           0.98 f        -0.08  (VIOLATED)
   DP_OP_621J1_132_2344/clk_r_REG739_S2/D
                                0.89           0.97 f        -0.08  (VIOLATED)
   DP_OP_611J1_122_2344/clk_r_REG1696_S2/D
                                0.90           0.99 f        -0.08  (VIOLATED)
   DP_OP_625J1_136_2344/clk_r_REG1009_S2/D
                                0.89           0.97 f        -0.08  (VIOLATED)
   DP_OP_618J1_129_2344/clk_r_REG581_S2/D
                                0.89           0.97 r        -0.08  (VIOLATED)
   DP_OP_613J1_124_2344/clk_r_REG1384_S2/D
                                0.90           0.98 f        -0.08  (VIOLATED)
   DP_OP_613J1_124_2344/clk_r_REG1862_S2/D
                                0.91           0.99 f        -0.08  (VIOLATED)
   DP_OP_612J1_123_2344/clk_r_REG258_S2/D
                                0.89           0.97 r        -0.08  (VIOLATED)
   DP_OP_620J1_131_2344/clk_r_REG647_S2/D
                                0.89           0.97 r        -0.08  (VIOLATED)
   clk_r_REG997_S3/D            0.88           0.96 f        -0.08  (VIOLATED)
   DP_OP_612J1_123_2344/clk_r_REG264_S2/D
                                0.86           0.94 r        -0.08  (VIOLATED)
   DP_OP_622J1_133_2344/clk_r_REG1429_S2/D
                                0.90           0.98 f        -0.08  (VIOLATED)
   DP_OP_611J1_122_2344/clk_r_REG126_S2/D
                                0.89           0.97 f        -0.08  (VIOLATED)
   clk_r_REG862_S3/D            0.89           0.97 f        -0.08  (VIOLATED)
   DP_OP_621J1_132_2344/clk_r_REG1957_S2/D
                                0.90           0.98 r        -0.08  (VIOLATED)
   DP_OP_614J1_125_2344/clk_r_REG1791_S2/D
                                0.90           0.99 f        -0.08  (VIOLATED)
   DP_OP_614J1_125_2344/clk_r_REG1389_S2/D
                                0.90           0.98 f        -0.08  (VIOLATED)
   clk_r_REG786_S3/D            0.88           0.96 f        -0.08  (VIOLATED)
   DP_OP_611J1_122_2344/clk_r_REG1378_S2/D
                                0.90           0.98 f        -0.08  (VIOLATED)
   DP_OP_623J1_134_2344/clk_r_REG15_S5/D
                                0.86           0.94 r        -0.08  (VIOLATED)
   DP_OP_613J1_124_2344/clk_r_REG1204_S2/D
                                0.89           0.97 f        -0.08  (VIOLATED)
   DP_OP_616J1_127_2344/clk_r_REG1725_S2/D
                                0.90           0.98 f        -0.08  (VIOLATED)
   DP_OP_626J1_137_2344/clk_r_REG1174_S2/D
                                0.89           0.97 f        -0.08  (VIOLATED)
   DP_OP_622J1_133_2344/clk_r_REG815_S2/D
                                0.90           0.98 f        -0.08  (VIOLATED)
   DP_OP_616J1_127_2344/clk_r_REG1728_S2/D
                                0.90           0.98 r        -0.08  (VIOLATED)
   DP_OP_617J1_128_2344/clk_r_REG2319_S5/D
                                0.88           0.95 f        -0.08  (VIOLATED)
   DP_OP_618J1_129_2344/clk_r_REG2396_S3/D
                                0.88           0.95 f        -0.08  (VIOLATED)
   DP_OP_618J1_129_2344/clk_r_REG2621_S3/D
                                0.88           0.95 f        -0.08  (VIOLATED)
   DP_OP_622J1_133_2344/clk_r_REG861_S2/D
                                0.89           0.97 f        -0.08  (VIOLATED)
   DP_OP_626J1_137_2344/clk_r_REG1841_S2/D
                                0.89           0.97 f        -0.08  (VIOLATED)
   DP_OP_615J1_126_2344/clk_r_REG21_S11/D
                                0.86           0.93 r        -0.08  (VIOLATED)
   DP_OP_619J1_130_2344/clk_r_REG18_S8/D
                                0.86           0.93 r        -0.08  (VIOLATED)
   DP_OP_613J1_124_2344/clk_r_REG364_S2/D
                                0.91           0.98 r        -0.08  (VIOLATED)
   DP_OP_622J1_133_2344/clk_r_REG1160_S2/D
                                0.90           0.98 f        -0.08  (VIOLATED)
   DP_OP_626J1_137_2344/clk_r_REG1066_S2/D
                                0.89           0.97 r        -0.08  (VIOLATED)
   DP_OP_626J1_137_2344/clk_r_REG1838_S2/D
                                0.85           0.93 r        -0.08  (VIOLATED)
   DP_OP_622J1_133_2344/clk_r_REG838_S2/D
                                0.90           0.98 f        -0.08  (VIOLATED)
   DP_OP_611J1_122_2344/clk_r_REG1091_S2/D
                                0.90           0.98 f        -0.08  (VIOLATED)
   DP_OP_622J1_133_2344/clk_r_REG1340_S2/D
                                0.90           0.98 f        -0.08  (VIOLATED)
   DP_OP_613J1_124_2344/clk_r_REG363_S2/D
                                0.89           0.97 f        -0.08  (VIOLATED)
   DP_OP_616J1_127_2344/clk_r_REG432_S2/D
                                0.86           0.94 r        -0.08  (VIOLATED)
   DP_OP_622J1_133_2344/clk_r_REG867_S2/D
                                0.89           0.97 f        -0.08  (VIOLATED)
   DP_OP_626J1_137_2344/clk_r_REG1173_S2/D
                                0.89           0.97 r        -0.08  (VIOLATED)
   clk_r_REG1007_S3/D           0.88           0.96 f        -0.08  (VIOLATED)
   DP_OP_625J1_136_2344/clk_r_REG1834_S2/D
                                0.89           0.97 f        -0.07  (VIOLATED)
   DP_OP_625J1_136_2344/clk_r_REG957_S2/D
                                0.90           0.97 f        -0.07  (VIOLATED)
   DP_OP_622J1_133_2344/clk_r_REG860_S2/D
                                0.90           0.97 f        -0.07  (VIOLATED)
   DP_OP_625J1_136_2344/clk_r_REG990_S2/D
                                0.90           0.97 f        -0.07  (VIOLATED)
   clk_r_REG1937_S2/D           0.89           0.96 f        -0.07  (VIOLATED)
   DP_OP_614J1_125_2344/clk_r_REG1304_S2/D
                                0.90           0.97 f        -0.07  (VIOLATED)
   DP_OP_614J1_125_2344/clk_r_REG415_S2/D
                                0.90           0.97 f        -0.07  (VIOLATED)
   DP_OP_611J1_122_2344/clk_r_REG1090_S2/D
                                0.86           0.93 r        -0.07  (VIOLATED)
   DP_OP_612J1_123_2344/clk_r_REG2384_S7/D
                                0.88           0.95 f        -0.07  (VIOLATED)
   DP_OP_612J1_123_2344/clk_r_REG2309_S7/D
                                0.88           0.95 f        -0.07  (VIOLATED)
   DP_OP_624J1_135_2344/clk_r_REG2411_S7/D
                                0.88           0.95 f        -0.07  (VIOLATED)
   DP_OP_616J1_127_2344/clk_r_REG2317_S7/D
                                0.88           0.95 f        -0.07  (VIOLATED)
   DP_OP_616J1_127_2344/clk_r_REG434_S2/D
                                0.88           0.96 r        -0.07  (VIOLATED)
   clk_r_REG16_S6/D             0.89           0.96 r        -0.07  (VIOLATED)
   clk_r_REG2879_S3/D           0.90           0.97 f        -0.07  (VIOLATED)
   clk_r_REG1925_S2/D           0.89           0.96 f        -0.07  (VIOLATED)
   DP_OP_626J1_137_2344/clk_r_REG1842_S2/D
                                0.85           0.92 r        -0.07  (VIOLATED)
   clk_r_REG1083_S3/D           0.88           0.95 f        -0.07  (VIOLATED)
   clk_r_REG660_S3/D            0.89           0.96 r        -0.07  (VIOLATED)
   clk_r_REG651_S3/D            0.89           0.96 r        -0.07  (VIOLATED)
   clk_r_REG645_S3/D            0.89           0.96 r        -0.07  (VIOLATED)
   DP_OP_621J1_132_2344/clk_r_REG1886_S2/D
                                0.90           0.97 f        -0.07  (VIOLATED)
   clk_r_REG5_S6/D              0.89           0.96 r        -0.07  (VIOLATED)
   DP_OP_624J1_135_2344/clk_r_REG2486_S7/D
                                0.89           0.96 f        -0.07  (VIOLATED)
   clk_r_REG658_S3/D            0.89           0.96 r        -0.07  (VIOLATED)
   DP_OP_612J1_123_2344/clk_r_REG2534_S7/D
                                0.89           0.96 f        -0.07  (VIOLATED)
   DP_OP_623J1_134_2344/clk_r_REG25_S5/D
                                0.89           0.95 r        -0.07  (VIOLATED)
   DP_OP_615J1_126_2344/clk_r_REG2338_S1/D
                                0.88           0.95 f        -0.07  (VIOLATED)
   DP_OP_619J1_130_2344/clk_r_REG2340_S1/D
                                0.88           0.95 f        -0.07  (VIOLATED)
   DP_OP_623J1_134_2344/clk_r_REG2342_S1/D
                                0.88           0.95 f        -0.07  (VIOLATED)
   clk_r_REG142_S12/D           0.85           0.92 r        -0.07  (VIOLATED)
   clk_r_REG188_S12/D           0.85           0.92 r        -0.07  (VIOLATED)
   DP_OP_620J1_131_2344/clk_r_REG2704_S7/D
                                0.88           0.94 f        -0.07  (VIOLATED)
   clk_r_REG56_S6/D             0.89           0.96 r        -0.07  (VIOLATED)
   clk_r_REG29_S6/D             0.89           0.96 r        -0.07  (VIOLATED)
   clk_r_REG649_S3/D            0.89           0.96 r        -0.07  (VIOLATED)
   DP_OP_612J1_123_2344/clk_r_REG2459_S7/D
                                0.88           0.94 f        -0.07  (VIOLATED)
   DP_OP_612J1_123_2344/clk_r_REG2609_S7/D
                                0.88           0.94 f        -0.07  (VIOLATED)
   DP_OP_616J1_127_2344/clk_r_REG2542_S7/D
                                0.88           0.94 f        -0.07  (VIOLATED)
   DP_OP_620J1_131_2344/clk_r_REG2254_S7/D
                                0.88           0.94 f        -0.07  (VIOLATED)
   DP_OP_620J1_131_2344/clk_r_REG2629_S7/D
                                0.88           0.94 f        -0.07  (VIOLATED)
   DP_OP_624J1_135_2344/clk_r_REG2336_S7/D
                                0.88           0.94 f        -0.07  (VIOLATED)
   DP_OP_616J1_127_2344/clk_r_REG2242_S7/D
                                0.88           0.94 f        -0.07  (VIOLATED)
   DP_OP_624J1_135_2344/clk_r_REG2261_S7/D
                                0.88           0.94 f        -0.07  (VIOLATED)
   DP_OP_616J1_127_2344/clk_r_REG2692_S7/D
                                0.88           0.94 f        -0.07  (VIOLATED)
   DP_OP_615J1_126_2344/clk_r_REG23_S11/D
                                0.89           0.95 r        -0.07  (VIOLATED)
   DP_OP_619J1_130_2344/clk_r_REG24_S8/D
                                0.89           0.95 r        -0.07  (VIOLATED)
   DP_OP_620J1_131_2344/clk_r_REG2554_S7/D
                                0.88           0.94 f        -0.07  (VIOLATED)
   DP_OP_620J1_131_2344/clk_r_REG1743_S2/D
                                0.90           0.97 r        -0.07  (VIOLATED)
   DP_OP_613J1_124_2344/clk_r_REG1715_S2/D
                                0.90           0.97 f        -0.06  (VIOLATED)
   DP_OP_621J1_132_2344/clk_r_REG784_S2/D
                                0.90           0.96 f        -0.06  (VIOLATED)
   DP_OP_621J1_132_2344/clk_r_REG996_S5/D
                                0.89           0.96 f        -0.06  (VIOLATED)
   DP_OP_618J1_129_2344/clk_r_REG2696_S3/D
                                0.89           0.96 f        -0.06  (VIOLATED)
   DP_OP_614J1_125_2344/clk_r_REG629_S5/D
                                0.90           0.96 f        -0.06  (VIOLATED)
   clk_r_REG1986_S11/D          0.89           0.95 r        -0.06  (VIOLATED)
   clk_r_REG690_S3/D            0.89           0.95 f        -0.06  (VIOLATED)
   clk_r_REG697_S3/D            0.89           0.95 f        -0.06  (VIOLATED)
   DP_OP_616J1_127_2344/clk_r_REG427_S2/D
                                0.89           0.95 r        -0.06  (VIOLATED)
   DP_OP_620J1_131_2344/clk_r_REG2479_S7/D
                                0.88           0.94 f        -0.06  (VIOLATED)
   DP_OP_620J1_131_2344/clk_r_REG655_S2/D
                                0.89           0.95 r        -0.06  (VIOLATED)
   DP_OP_611J1_122_2344/clk_r_REG253_S2/D
                                0.89           0.95 f        -0.06  (VIOLATED)
   DP_OP_614J1_125_2344/clk_r_REG396_S2/D
                                0.91           0.97 r        -0.06  (VIOLATED)
   clk_r_REG788_S3/D            0.89           0.95 f        -0.06  (VIOLATED)
   clk_r_REG259_S3/D            0.85           0.91 r        -0.06  (VIOLATED)
   clk_r_REG1950_S2/D           0.89           0.95 f        -0.06  (VIOLATED)
   DP_OP_613J1_124_2344/clk_r_REG1299_S2/D
                                0.90           0.96 f        -0.06  (VIOLATED)
   DP_OP_625J1_136_2344/clk_r_REG956_S2/D
                                0.90           0.96 f        -0.06  (VIOLATED)
   DP_OP_617J1_128_2344/clk_r_REG514_S2/D
                                0.89           0.95 r        -0.06  (VIOLATED)
   DP_OP_613J1_124_2344/clk_r_REG559_S5/D
                                0.89           0.95 f        -0.06  (VIOLATED)
   DP_OP_621J1_132_2344/clk_r_REG1592_S2/D
                                0.90           0.96 f        -0.06  (VIOLATED)
   DP_OP_614J1_125_2344/clk_r_REG1303_S2/D
                                0.90           0.96 f        -0.06  (VIOLATED)
   DP_OP_621J1_132_2344/clk_r_REG792_S2/D
                                0.90           0.96 f        -0.06  (VIOLATED)
   DP_OP_622J1_133_2344/clk_r_REG1072_S5/D
                                0.89           0.95 f        -0.06  (VIOLATED)
   DP_OP_617J1_128_2344/clk_r_REG2544_S5/D
                                0.88           0.93 f        -0.06  (VIOLATED)
   DP_OP_617J1_128_2344/clk_r_REG2619_S5/D
                                0.88           0.93 f        -0.06  (VIOLATED)
   DP_OP_621J1_132_2344/clk_r_REG783_S2/D
                                0.90           0.95 f        -0.06  (VIOLATED)
   clk_r_REG267_S3/D            0.85           0.91 r        -0.06  (VIOLATED)
   clk_r_REG261_S3/D            0.85           0.91 r        -0.06  (VIOLATED)
   clk_r_REG1916_S5/D           0.89           0.94 f        -0.05  (VIOLATED)
   clk_r_REG1073_S3/D           0.89           0.94 f        -0.05  (VIOLATED)
   DP_OP_614J1_125_2344/clk_r_REG1866_S2/D
                                0.92           0.97 f        -0.05  (VIOLATED)
   DP_OP_613J1_124_2344/clk_r_REG560_S5/D
                                0.90           0.95 f        -0.05  (VIOLATED)
   clk_r_REG268_S3/D            0.85           0.91 r        -0.05  (VIOLATED)
   clk_r_REG262_S3/D            0.85           0.91 r        -0.05  (VIOLATED)
   DP_OP_621J1_132_2344/clk_r_REG1591_S2/D
                                0.90           0.95 f        -0.05  (VIOLATED)
   DP_OP_613J1_124_2344/clk_r_REG334_S2/D
                                0.91           0.96 f        -0.05  (VIOLATED)
   DP_OP_618J1_129_2344/clk_r_REG2246_S3/D
                                0.88           0.93 f        -0.05  (VIOLATED)
   DP_OP_617J1_128_2344/clk_r_REG2244_S5/D
                                0.88           0.93 f        -0.05  (VIOLATED)
   clk_r_REG76_S6/D             0.88           0.94 f        -0.05  (VIOLATED)
   DP_OP_611J1_122_2344/clk_r_REG40_S2/D
                                0.89           0.94 r        -0.05  (VIOLATED)
   DP_OP_621J1_132_2344/clk_r_REG785_S2/D
                                0.90           0.95 f        -0.05  (VIOLATED)
   DP_OP_621J1_132_2344/clk_r_REG1333_S2/D
                                0.90           0.95 f        -0.05  (VIOLATED)
   DP_OP_624J1_135_2344/clk_r_REG2636_S7/D
                                0.88           0.93 f        -0.05  (VIOLATED)
   DP_OP_621J1_132_2344/clk_r_REG1240_S2/D
                                0.90           0.95 f        -0.05  (VIOLATED)
   DP_OP_620J1_131_2344/clk_r_REG654_S2/D
                                0.89           0.94 r        -0.05  (VIOLATED)
   DP_OP_621J1_132_2344/clk_r_REG755_S2/D
                                0.90           0.95 f        -0.05  (VIOLATED)
   DP_OP_625J1_136_2344/clk_r_REG1835_S2/D
                                0.89           0.94 r        -0.05  (VIOLATED)
   DP_OP_613J1_124_2344/clk_r_REG322_S2/D
                                0.91           0.96 f        -0.05  (VIOLATED)
   DP_OP_624J1_135_2344/clk_r_REG2711_S7/D
                                0.89           0.94 f        -0.05  (VIOLATED)
   DP_OP_612J1_123_2344/clk_r_REG2234_S7/D
                                0.89           0.94 f        -0.05  (VIOLATED)
   clk_r_REG679_S3/D            0.89           0.94 r        -0.05  (VIOLATED)
   clk_r_REG677_S3/D            0.89           0.94 r        -0.05  (VIOLATED)
   clk_r_REG114_S6/D            0.89           0.94 r        -0.05  (VIOLATED)
   clk_r_REG1941_S2/D           0.89           0.94 f        -0.05  (VIOLATED)
   clk_r_REG673_S3/D            0.89           0.94 r        -0.05  (VIOLATED)
   clk_r_REG89_S6/D             0.89           0.94 r        -0.05  (VIOLATED)
   DP_OP_624J1_135_2344/clk_r_REG879_S2/D
                                0.89           0.94 f        -0.05  (VIOLATED)
   DP_OP_622J1_133_2344/clk_r_REG866_S2/D
                                0.89           0.94 f        -0.05  (VIOLATED)
   clk_r_REG1897_S2/D           0.89           0.94 f        -0.05  (VIOLATED)
   DP_OP_616J1_127_2344/clk_r_REG433_S2/D
                                0.89           0.94 r        -0.05  (VIOLATED)
   DP_OP_617J1_128_2344/clk_r_REG513_S2/D
                                0.89           0.94 r        -0.05  (VIOLATED)
   clk_r_REG1070_S3/D           0.89           0.94 f        -0.05  (VIOLATED)
   clk_r_REG106_S6/D            0.89           0.94 r        -0.05  (VIOLATED)
   DP_OP_611J1_122_2344/clk_r_REG1293_S2/D
                                0.90           0.95 f        -0.05  (VIOLATED)
   clk_r_REG1919_S8/D           0.89           0.94 r        -0.05  (VIOLATED)
   clk_r_REG872_S3/D            0.89           0.94 f        -0.05  (VIOLATED)
   DP_OP_613J1_124_2344/clk_r_REG1300_S2/D
                                0.90           0.95 f        -0.05  (VIOLATED)
   DP_OP_624J1_135_2344/clk_r_REG2561_S7/D
                                0.89           0.94 f        -0.05  (VIOLATED)
   DP_OP_618J1_129_2344/clk_r_REG580_S2/D
                                0.85           0.90 r        -0.05  (VIOLATED)
   DP_OP_620J1_131_2344/clk_r_REG2329_S7/D
                                0.89           0.94 f        -0.05  (VIOLATED)
   DP_OP_626J1_137_2344/clk_r_REG1032_S2/D
                                0.90           0.94 f        -0.04  (VIOLATED)
   DP_OP_615J1_126_2344/clk_r_REG2263_S1/D
                                0.88           0.92 f        -0.04  (VIOLATED)
   DP_OP_619J1_130_2344/clk_r_REG2265_S1/D
                                0.88           0.92 f        -0.04  (VIOLATED)
   DP_OP_623J1_134_2344/clk_r_REG2267_S1/D
                                0.88           0.92 f        -0.04  (VIOLATED)
   DP_OP_615J1_126_2344/clk_r_REG2638_S1/D
                                0.88           0.92 f        -0.04  (VIOLATED)
   DP_OP_619J1_130_2344/clk_r_REG2640_S1/D
                                0.88           0.92 f        -0.04  (VIOLATED)
   DP_OP_611J1_122_2344/clk_r_REG1782_S2/D
                                0.92           0.96 f        -0.04  (VIOLATED)
   DP_OP_613J1_124_2344/clk_r_REG358_S2/D
                                0.91           0.95 r        -0.04  (VIOLATED)
   clk_r_REG2899_S3/D           0.85           0.89 r        -0.04  (VIOLATED)
   DP_OP_613J1_124_2344/clk_r_REG339_S2/D
                                0.90           0.94 f        -0.04  (VIOLATED)
   clk_r_REG141_S12/D           0.85           0.90 r        -0.04  (VIOLATED)
   clk_r_REG174_S12/D           0.85           0.90 r        -0.04  (VIOLATED)
   DP_OP_622J1_133_2344/clk_r_REG1159_S2/D
                                0.90           0.94 f        -0.04  (VIOLATED)
   clk_r_REG1922_S11/D          0.89           0.93 f        -0.04  (VIOLATED)
   DP_OP_622J1_133_2344/clk_r_REG1894_S2/D
                                0.92           0.96 f        -0.04  (VIOLATED)
   DP_OP_618J1_129_2344/clk_r_REG2471_S3/D
                                0.88           0.92 f        -0.04  (VIOLATED)
   DP_OP_622J1_133_2344/clk_r_REG837_S2/D
                                0.90           0.94 f        -0.04  (VIOLATED)
   clk_r_REG8_S9/D              0.88           0.92 f        -0.04  (VIOLATED)
   DP_OP_620J1_131_2344/clk_r_REG2404_S7/D
                                0.89           0.93 f        -0.04  (VIOLATED)
   DP_OP_626J1_137_2344/clk_r_REG1023_S2/D
                                0.86           0.90 r        -0.04  (VIOLATED)
   DP_OP_611J1_122_2344/clk_r_REG1_S2/D
                                0.86           0.90 r        -0.04  (VIOLATED)
   DP_OP_626J1_137_2344/clk_r_REG1837_S2/D
                                0.89           0.93 r        -0.04  (VIOLATED)
   DP_OP_621J1_132_2344/clk_r_REG763_S2/D
                                0.90           0.94 f        -0.04  (VIOLATED)
   DP_OP_613J1_124_2344/clk_r_REG357_S2/D
                                0.90           0.94 f        -0.04  (VIOLATED)
   DP_OP_617J1_128_2344/clk_r_REG2394_S5/D
                                0.88           0.92 f        -0.04  (VIOLATED)
   DP_OP_613J1_124_2344/clk_r_REG340_S2/D
                                0.91           0.95 f        -0.04  (VIOLATED)
   DP_OP_625J1_136_2344/clk_r_REG1168_S2/D
                                0.89           0.93 f        -0.04  (VIOLATED)
   DP_OP_625J1_136_2344/clk_r_REG962_S2/D
                                0.90           0.94 f        -0.04  (VIOLATED)
   DP_OP_613J1_124_2344/clk_r_REG1860_S2/D
                                0.91           0.94 f        -0.04  (VIOLATED)
   clk_r_REG688_S3/D            0.89           0.93 f        -0.04  (VIOLATED)
   clk_r_REG699_S3/D            0.89           0.93 f        -0.04  (VIOLATED)
   DP_OP_614J1_125_2344/clk_r_REG1864_S2/D
                                0.90           0.94 f        -0.04  (VIOLATED)
   DP_OP_625J1_136_2344/clk_r_REG938_S2/D
                                0.89           0.93 r        -0.03  (VIOLATED)
   DP_OP_621J1_132_2344/clk_r_REG764_S2/D
                                0.90           0.93 f        -0.03  (VIOLATED)
   DP_OP_621J1_132_2344/clk_r_REG762_S2/D
                                0.90           0.93 f        -0.03  (VIOLATED)
   clk_r_REG428_S3/D            0.88           0.92 f        -0.03  (VIOLATED)
   DP_OP_623J1_134_2344/clk_r_REG216_S5/D
                                0.89           0.93 f        -0.03  (VIOLATED)
   DP_OP_615J1_126_2344/clk_r_REG2713_S1/D
                                0.89           0.93 f        -0.03  (VIOLATED)
   DP_OP_619J1_130_2344/clk_r_REG2715_S1/D
                                0.89           0.93 f        -0.03  (VIOLATED)
   DP_OP_623J1_134_2344/clk_r_REG2717_S1/D
                                0.89           0.93 f        -0.03  (VIOLATED)
   DP_OP_618J1_129_2344/clk_r_REG2546_S3/D
                                0.89           0.92 f        -0.03  (VIOLATED)
   clk_r_REG668_S3/D            0.89           0.92 f        -0.03  (VIOLATED)
   DP_OP_626J1_137_2344/clk_r_REG1361_S2/D
                                0.90           0.93 f        -0.03  (VIOLATED)
   DP_OP_621J1_132_2344/clk_r_REG744_S2/D
                                0.90           0.93 f        -0.03  (VIOLATED)
   DP_OP_613J1_124_2344/clk_r_REG342_S2/D
                                0.90           0.93 f        -0.03  (VIOLATED)
   DP_OP_623J1_134_2344/clk_r_REG2642_S1/D
                                0.89           0.92 f        -0.03  (VIOLATED)
   clk_r_REG588_S3/D            0.88           0.91 f        -0.03  (VIOLATED)
   DP_OP_626J1_137_2344/clk_r_REG1024_S2/D
                                0.89           0.91 r        -0.03  (VIOLATED)
   clk_r_REG2055_S2/D           0.89           0.92 f        -0.03  (VIOLATED)
   DP_OP_614J1_125_2344/clk_r_REG398_S2/D
                                0.90           0.93 f        -0.03  (VIOLATED)
   DP_OP_617J1_128_2344/clk_r_REG2469_S5/D
                                0.88           0.91 f        -0.03  (VIOLATED)
   clk_r_REG273_S3/D            0.85           0.87 r        -0.03  (VIOLATED)
   DP_OP_619J1_130_2344/clk_r_REG2415_S1/D
                                0.88           0.91 f        -0.03  (VIOLATED)
   DP_OP_623J1_134_2344/clk_r_REG2417_S1/D
                                0.88           0.91 f        -0.03  (VIOLATED)
   DP_OP_617J1_128_2344/clk_r_REG2694_S5/D
                                0.89           0.92 f        -0.03  (VIOLATED)
   DP_OP_621J1_132_2344/clk_r_REG1334_S2/D
                                0.90           0.93 f        -0.03  (VIOLATED)
   DP_OP_615J1_126_2344/clk_r_REG2488_S1/D
                                0.89           0.92 f        -0.02  (VIOLATED)
   DP_OP_619J1_130_2344/clk_r_REG2490_S1/D
                                0.89           0.92 f        -0.02  (VIOLATED)
   DP_OP_623J1_134_2344/clk_r_REG2492_S1/D
                                0.89           0.92 f        -0.02  (VIOLATED)
   DP_OP_612J1_123_2344/clk_r_REG2684_S7/D
                                0.89           0.92 f        -0.02  (VIOLATED)
   DP_OP_625J1_136_2344/clk_r_REG1830_S2/D
                                0.89           0.92 f        -0.02  (VIOLATED)
   clk_r_REG2831_S5/D           0.89           0.91 f        -0.02  (VIOLATED)
   DP_OP_613J1_124_2344/clk_r_REG341_S2/D
                                0.90           0.92 f        -0.02  (VIOLATED)
   DP_OP_622J1_133_2344/clk_r_REG1891_S2/D
                                0.90           0.92 f        -0.02  (VIOLATED)
   DP_OP_614J1_125_2344/clk_r_REG604_S5/D
                                0.89           0.91 f        -0.02  (VIOLATED)
   clk_gate_u_ws_array/gen_row[0].gen_col[3].pe_inst/input_valid_reg_reg/latch/E
                                0.34           0.35 f        -0.02  (VIOLATED)
   clk_r_REG286_S3/D            0.85           0.87 r        -0.02  (VIOLATED)
   clk_r_REG292_S3/D            0.85           0.87 r        -0.02  (VIOLATED)
   clk_r_REG280_S3/D            0.85           0.87 r        -0.02  (VIOLATED)
   clk_r_REG285_S3/D            0.85           0.87 r        -0.02  (VIOLATED)
   clk_r_REG291_S3/D            0.85           0.87 r        -0.02  (VIOLATED)
   clk_r_REG276_S3/D            0.85           0.87 r        -0.02  (VIOLATED)
   clk_r_REG281_S3/D            0.85           0.87 r        -0.02  (VIOLATED)
   DP_OP_612J1_123_2344/clk_r_REG2575_S7/D
                                0.87           0.88 r        -0.02  (VIOLATED)
   DP_OP_616J1_127_2344/clk_r_REG2432_S7/D
                                0.87           0.88 r        -0.02  (VIOLATED)
   DP_OP_616J1_127_2344/clk_r_REG2507_S7/D
                                0.87           0.88 r        -0.02  (VIOLATED)
   DP_OP_616J1_127_2344/clk_r_REG2657_S7/D
                                0.87           0.88 r        -0.02  (VIOLATED)
   DP_OP_624J1_135_2344/clk_r_REG2522_S7/D
                                0.87           0.88 r        -0.02  (VIOLATED)
   clk_r_REG454_S3/D            0.88           0.90 f        -0.02  (VIOLATED)
   clk_r_REG19_S9/D             0.88           0.90 f        -0.02  (VIOLATED)
   clk_r_REG149_S6/D            0.89           0.90 f        -0.02  (VIOLATED)
   clk_r_REG180_S6/D            0.89           0.90 f        -0.02  (VIOLATED)
   clk_r_REG59_S9/D             0.88           0.90 f        -0.02  (VIOLATED)
   clk_r_REG1112_S3/D           0.85           0.87 r        -0.02  (VIOLATED)
   clk_r_REG2029_S2/D           0.89           0.90 f        -0.01  (VIOLATED)
   DP_OP_622J1_133_2344/clk_r_REG839_S2/D
                                0.90           0.91 f        -0.01  (VIOLATED)
   DP_OP_615J1_126_2344/clk_r_REG2413_S1/D
                                0.89           0.91 f        -0.01  (VIOLATED)
   DP_OP_618J1_129_2344/clk_r_REG2734_S3/D
                                0.87           0.88 r        -0.01  (VIOLATED)
   DP_OP_620J1_131_2344/clk_r_REG711_S2/D
                                0.90           0.91 f        -0.01  (VIOLATED)
   clk_r_REG2881_S5/D           0.85           0.86 r        -0.01  (VIOLATED)
   DP_OP_611J1_122_2344/clk_r_REG1771_S2/D
                                0.90           0.91 f        -0.01  (VIOLATED)
   clk_r_REG297_S3/D            0.84           0.85 r        -0.01  (VIOLATED)
   clk_r_REG875_S3/D            0.88           0.89 f        -0.01  (VIOLATED)
   DP_OP_625J1_136_2344/clk_r_REG1831_S2/D
                                0.91           0.92 f        -0.01  (VIOLATED)
   DP_OP_615J1_126_2344/clk_r_REG2373_S1/D
                                0.86           0.87 r        -0.01  (VIOLATED)
   DP_OP_619J1_130_2344/clk_r_REG2374_S1/D
                                0.86           0.87 r        -0.01  (VIOLATED)
   DP_OP_623J1_134_2344/clk_r_REG2375_S1/D
                                0.86           0.87 r        -0.01  (VIOLATED)
   DP_OP_624J1_135_2344/clk_r_REG874_S2/D
                                0.89           0.90 r        -0.01  (VIOLATED)
   clk_r_REG203_S12/D           0.84           0.85 r        -0.01  (VIOLATED)
   DP_OP_617J1_128_2344/clk_r_REG2358_S5/D
                                0.87           0.87 r        -0.01  (VIOLATED)
   DP_OP_618J1_129_2344/clk_r_REG2434_S3/D
                                0.87           0.87 r        -0.01  (VIOLATED)
   DP_OP_618J1_129_2344/clk_r_REG2659_S3/D
                                0.87           0.87 r        -0.01  (VIOLATED)
   DP_OP_625J1_136_2344/clk_r_REG982_S2/D
                                0.90           0.90 f         0.00  (VIOLATED: increase significant digits)
   clk_r_REG2882_S6/D           0.90           0.90 f         0.00  (VIOLATED: increase significant digits)
   clk_r_REG1301_S3/D           0.85           0.85 r         0.00  (VIOLATED: increase significant digits)
   DP_OP_611J1_122_2344/clk_r_REG159_S2/D
                                0.90           0.90 f         0.00  (VIOLATED: increase significant digits)
   clk_r_REG304_S3/D            0.84           0.84 r         0.00  (VIOLATED: increase significant digits)
   clk_r_REG303_S3/D            0.84           0.84 r         0.00  (VIOLATED: increase significant digits)
   clk_r_REG225_S3/D            0.89           0.89 f         0.00  (VIOLATED: increase significant digits)
   DP_OP_618J1_129_2344/clk_r_REG577_S2/D
                                0.89           0.89 r         0.00  (VIOLATED: increase significant digits)
   clk_r_REG505_S3/D            0.89           0.89 f         0.00  (VIOLATED: increase significant digits)


   max_area

                             Required        Actual
   Design                      Area           Area           Slack
   -----------------------------------------------------------------
   ws_core_top_4x4              0.00       160609.38      -160609.38
                                                                    (VIOLATED)


1
