 
****************************************
Report : constraint
        -all_violators
Design : is_core_top_4x4
Version: O-2018.06-SP1
Date   : Tue Apr 21 00:05:12 2026
****************************************


   max_delay/setup ('clk' group)

                             Required        Actual
   Endpoint                 Path Delay     Path Delay        Slack
   -----------------------------------------------------------------
   u_is_array/gen_row[0].gen_col[0].pe_inst/clk_gate_input_valid_reg_reg/latch/E
                                0.34           0.64 r        -0.30  (VIOLATED)
   u_is_array/gen_row[1].gen_col[0].pe_inst/clk_gate_partial_out_reg/latch/E
                                0.34           0.63 r        -0.30  (VIOLATED)
   u_is_array/gen_row[1].gen_col[0].pe_inst/clk_gate_partial_reg_reg/latch/E
                                0.34           0.63 r        -0.30  (VIOLATED)
   u_is_array/gen_row[1].gen_col[0].pe_inst/clk_gate_weight_out_reg_reg/latch/E
                                0.34           0.63 r        -0.30  (VIOLATED)
   u_is_array/gen_row[1].gen_col[0].pe_inst/clk_gate_weight_reg_reg/latch/E
                                0.34           0.63 r        -0.30  (VIOLATED)
   u_is_array/gen_row[0].gen_col[0].pe_inst/clk_gate_partial_out_reg/latch/E
                                0.33           0.63 r        -0.30  (VIOLATED)
   u_is_array/gen_row[0].gen_col[0].pe_inst/clk_gate_accumulator_reg/latch/E
                                0.34           0.63 r        -0.30  (VIOLATED)
   u_is_array/gen_row[0].gen_col[0].pe_inst/clk_gate_weight_out_reg_reg/latch/E
                                0.34           0.63 r        -0.30  (VIOLATED)
   u_is_array/gen_weight_sync_fifo[2].u_weight_sync_fifo/clk_gate_gen_storage.storage_reg[1]/latch/E
                                0.33           0.62 r        -0.30  (VIOLATED)
   u_is_array/gen_weight_sync_fifo[3].u_weight_sync_fifo/clk_gate_gen_storage.storage_reg[2]/latch/E
                                0.33           0.62 r        -0.30  (VIOLATED)
   u_is_array/gen_row[2].gen_col[0].pe_inst/clk_gate_partial_out_reg/latch/E
                                0.34           0.63 r        -0.30  (VIOLATED)
   u_is_array/gen_row[2].gen_col[0].pe_inst/clk_gate_weight_reg_reg/latch/E
                                0.34           0.63 r        -0.30  (VIOLATED)
   u_is_array/gen_row[0].gen_col[0].pe_inst/clk_gate_weight_reg_reg/latch/E
                                0.34           0.64 f        -0.29  (VIOLATED)
   u_is_array/gen_row[2].gen_col[0].pe_inst/clk_gate_accumulator_reg/latch/E
                                0.35           0.64 f        -0.29  (VIOLATED)
   u_is_array/gen_row[1].gen_col[2].pe_inst/clk_gate_partial_reg_reg/latch/E
                                0.34           0.63 r        -0.29  (VIOLATED)
   u_is_array/gen_row[1].gen_col[0].pe_inst/clk_gate_accumulator_reg/latch/E
                                0.33           0.62 r        -0.29  (VIOLATED)
   u_is_array/gen_row[0].gen_col[1].pe_inst/clk_gate_partial_out_reg/latch/E
                                0.35           0.64 f        -0.29  (VIOLATED)
   u_is_array/gen_row[2].gen_col[0].pe_inst/clk_gate_weight_out_reg_reg/latch/E
                                0.34           0.64 f        -0.29  (VIOLATED)
   u_is_array/gen_weight_sync_fifo[3].u_weight_sync_fifo/clk_gate_gen_storage.storage_reg[0]/latch/E
                                0.35           0.64 f        -0.29  (VIOLATED)
   u_is_array/gen_weight_sync_fifo[3].u_weight_sync_fifo/clk_gate_gen_storage.storage_reg[1]/latch/E
                                0.35           0.64 f        -0.29  (VIOLATED)
   u_is_array/gen_row[2].gen_col[0].pe_inst/clk_gate_input_valid_reg_reg/latch/E
                                0.33           0.62 r        -0.29  (VIOLATED)
   u_is_array/gen_row[0].gen_col[1].pe_inst/clk_gate_weight_out_reg_reg/latch/E
                                0.34           0.64 f        -0.29  (VIOLATED)
   u_is_array/gen_row[0].gen_col[1].pe_inst/clk_gate_accumulator_reg/latch/E
                                0.35           0.64 f        -0.29  (VIOLATED)
   u_is_array/gen_row[1].gen_col[1].pe_inst/clk_gate_partial_reg_reg/latch/E
                                0.34           0.63 r        -0.29  (VIOLATED)
   u_is_array/gen_row[0].gen_col[2].pe_inst/clk_gate_accumulator_reg/latch/E
                                0.35           0.63 f        -0.29  (VIOLATED)
   u_is_array/gen_row[0].gen_col[2].pe_inst/clk_gate_partial_out_reg/latch/E
                                0.34           0.63 f        -0.29  (VIOLATED)
   u_is_array/gen_row[0].gen_col[2].pe_inst/clk_gate_weight_reg_reg/latch/E
                                0.34           0.63 f        -0.29  (VIOLATED)
   u_is_array/gen_row[3].gen_col[0].pe_inst/clk_gate_weight_reg_reg/latch/E
                                0.35           0.63 f        -0.28  (VIOLATED)
   u_is_array/gen_row[1].gen_col[2].pe_inst/clk_gate_partial_out_reg/latch/E
                                0.34           0.63 f        -0.28  (VIOLATED)
   u_is_array/gen_row[2].gen_col[1].pe_inst/clk_gate_partial_reg_reg/latch/E
                                0.34           0.62 r        -0.28  (VIOLATED)
   u_is_array/gen_weight_sync_fifo[2].u_weight_sync_fifo/clk_gate_gen_storage.storage_reg[0]/latch/E
                                0.34           0.62 r        -0.28  (VIOLATED)
   u_is_array/gen_row[1].gen_col[2].pe_inst/clk_gate_weight_reg_reg/latch/E
                                0.35           0.63 f        -0.28  (VIOLATED)
   u_is_array/gen_row[0].gen_col[1].pe_inst/clk_gate_weight_reg_reg/latch/E
                                0.33           0.61 f        -0.28  (VIOLATED)
   u_is_array/gen_row[3].gen_col[0].pe_inst/clk_gate_weight_out_reg_reg/latch/E
                                0.34           0.62 r        -0.28  (VIOLATED)
   u_is_array/gen_weight_sync_fifo[1].u_weight_sync_fifo/clk_gate_gen_storage.storage_reg[0]/latch/E
                                0.34           0.62 f        -0.28  (VIOLATED)
   u_is_array/gen_row[3].gen_col[1].pe_inst/clk_gate_weight_reg_reg/latch/E
                                0.33           0.61 r        -0.28  (VIOLATED)
   u_is_array/gen_row[1].gen_col[1].pe_inst/clk_gate_weight_reg_reg/latch/E
                                0.34           0.62 r        -0.28  (VIOLATED)
   u_is_array/gen_row[3].gen_col[0].pe_inst/clk_gate_partial_reg_reg/latch/E
                                0.34           0.62 r        -0.28  (VIOLATED)
   u_is_array/gen_row[1].gen_col[1].pe_inst/clk_gate_partial_out_reg/latch/E
                                0.34           0.62 r        -0.28  (VIOLATED)
   u_is_array/gen_row[1].gen_col[2].pe_inst/clk_gate_accumulator_reg/latch/E
                                0.35           0.62 f        -0.28  (VIOLATED)
   u_is_array/gen_row[2].gen_col[1].pe_inst/clk_gate_weight_reg_reg/latch/E
                                0.34           0.62 r        -0.28  (VIOLATED)
   u_is_array/gen_row[3].gen_col[0].pe_inst/clk_gate_partial_out_reg/latch/E
                                0.34           0.62 f        -0.28  (VIOLATED)
   u_is_array/gen_row[1].gen_col[0].pe_inst/clk_gate_input_valid_reg_reg/latch/E
                                0.33           0.61 r        -0.28  (VIOLATED)
   u_is_array/gen_row[1].gen_col[1].pe_inst/clk_gate_weight_out_reg_reg/latch/E
                                0.34           0.62 r        -0.28  (VIOLATED)
   u_is_array/gen_row[1].gen_col[1].pe_inst/clk_gate_accumulator_reg/latch/E
                                0.34           0.62 r        -0.28  (VIOLATED)
   u_is_array/gen_row[2].gen_col[1].pe_inst/clk_gate_weight_out_reg_reg/latch/E
                                0.34           0.61 r        -0.28  (VIOLATED)
   u_is_array/gen_row[2].gen_col[1].pe_inst/clk_gate_partial_out_reg/latch/E
                                0.34           0.61 r        -0.27  (VIOLATED)
   DP_OP_1029J2_132_808/clk_r_REG771_S8/D
                                0.89           1.16 f        -0.27  (VIOLATED)
   u_is_array/gen_row[0].gen_col[1].pe_inst/clk_gate_input_valid_reg_reg/latch/E
                                0.34           0.61 f        -0.27  (VIOLATED)
   DP_OP_1032J2_135_808/clk_r_REG408_S11/D
                                0.86           1.13 r        -0.27  (VIOLATED)
   DP_OP_1027J2_130_808/clk_r_REG224_S8/D
                                0.86           1.13 r        -0.27  (VIOLATED)
   DP_OP_1029J2_132_808/clk_r_REG770_S8/D
                                0.89           1.16 f        -0.27  (VIOLATED)
   DP_OP_1026J2_129_808/clk_r_REG946_S5/D
                                0.86           1.12 r        -0.27  (VIOLATED)
   DP_OP_1024J2_127_808/clk_r_REG540_S5/D
                                0.89           1.16 f        -0.27  (VIOLATED)
   DP_OP_1028J2_131_808/clk_r_REG504_S8/D
                                0.89           1.16 f        -0.27  (VIOLATED)
   DP_OP_1029J2_132_808/clk_r_REG773_S8/D
                                0.89           1.16 f        -0.26  (VIOLATED)
   u_is_array/gen_row[3].gen_col[1].pe_inst/clk_gate_partial_out_reg/latch/E
                                0.34           0.60 r        -0.26  (VIOLATED)
   DP_OP_1032J2_135_808/clk_r_REG360_S11/D
                                0.86           1.12 r        -0.26  (VIOLATED)
   DP_OP_1024J2_127_808/clk_r_REG555_S5/D
                                0.89           1.16 f        -0.26  (VIOLATED)
   DP_OP_1029J2_132_808/clk_r_REG781_S8/D
                                0.89           1.16 f        -0.26  (VIOLATED)
   DP_OP_1033J2_136_808/clk_r_REG703_S11/D
                                0.86           1.12 r        -0.26  (VIOLATED)
   DP_OP_1023J2_126_808/clk_r_REG252_S5/D
                                0.89           1.15 f        -0.26  (VIOLATED)
   DP_OP_1031J2_134_808/clk_r_REG105_S11/D
                                0.86           1.12 r        -0.26  (VIOLATED)
   u_is_array/gen_row[2].gen_col[0].pe_inst/clk_gate_partial_reg_reg/latch/E
                                0.34           0.60 f        -0.26  (VIOLATED)
   DP_OP_1020J2_123_808/clk_r_REG632_S2/D
                                0.86           1.12 r        -0.26  (VIOLATED)
   DP_OP_1029J2_132_808/clk_r_REG772_S8/D
                                0.89           1.15 f        -0.26  (VIOLATED)
   DP_OP_1023J2_126_808/clk_r_REG254_S5/D
                                0.89           1.15 f        -0.26  (VIOLATED)
   DP_OP_1020J2_123_808/clk_r_REG634_S2/D
                                0.86           1.12 r        -0.26  (VIOLATED)
   DP_OP_1034J2_137_808/clk_r_REG993_S11/D
                                0.86           1.12 r        -0.26  (VIOLATED)
   DP_OP_1033J2_136_808/clk_r_REG707_S11/D
                                0.84           1.10 r        -0.26  (VIOLATED)
   u_is_array/gen_row[1].gen_col[2].pe_inst/clk_gate_weight_out_reg_reg/latch/E
                                0.33           0.60 f        -0.26  (VIOLATED)
   DP_OP_1028J2_131_808/clk_r_REG513_S8/D
                                0.86           1.12 r        -0.26  (VIOLATED)
   DP_OP_1033J2_136_808/clk_r_REG719_S11/D
                                0.86           1.12 r        -0.26  (VIOLATED)
   DP_OP_1033J2_136_808/clk_r_REG1281_S11/D
                                0.86           1.12 r        -0.26  (VIOLATED)
   DP_OP_1029J2_132_808/clk_r_REG780_S8/D
                                0.89           1.15 f        -0.26  (VIOLATED)
   DP_OP_1023J2_126_808/clk_r_REG256_S5/D
                                0.89           1.15 f        -0.26  (VIOLATED)
   DP_OP_1024J2_127_808/clk_r_REG539_S5/D
                                0.89           1.15 f        -0.26  (VIOLATED)
   DP_OP_1023J2_126_808/clk_r_REG251_S5/D
                                0.89           1.15 f        -0.26  (VIOLATED)
   DP_OP_1031J2_134_808/clk_r_REG86_S11/D
                                0.86           1.11 r        -0.26  (VIOLATED)
   DP_OP_1032J2_135_808/clk_r_REG424_S11/D
                                0.89           1.15 f        -0.26  (VIOLATED)
   DP_OP_1033J2_136_808/clk_r_REG666_S11/D
                                0.86           1.11 r        -0.26  (VIOLATED)
   DP_OP_1024J2_127_808/clk_r_REG557_S5/D
                                0.89           1.15 f        -0.26  (VIOLATED)
   u_is_array/gen_row[2].gen_col[2].pe_inst/clk_gate_accumulator_reg/latch/E
                                0.34           0.60 r        -0.26  (VIOLATED)
   DP_OP_1031J2_134_808/clk_r_REG91_S11/D
                                0.86           1.11 r        -0.26  (VIOLATED)
   DP_OP_1029J2_132_808/clk_r_REG785_S8/D
                                0.89           1.15 f        -0.26  (VIOLATED)
   DP_OP_1028J2_131_808/clk_r_REG476_S8/D
                                0.89           1.15 f        -0.26  (VIOLATED)
   DP_OP_1034J2_137_808/clk_r_REG990_S11/D
                                0.86           1.11 r        -0.26  (VIOLATED)
   DP_OP_1020J2_123_808/clk_r_REG602_S2/D
                                0.86           1.11 r        -0.26  (VIOLATED)
   DP_OP_1022J2_125_808/clk_r_REG1193_S2/D
                                0.89           1.15 f        -0.26  (VIOLATED)
   DP_OP_1023J2_126_808/clk_r_REG253_S5/D
                                0.89           1.15 f        -0.26  (VIOLATED)
   DP_OP_1022J2_125_808/clk_r_REG1169_S2/D
                                0.89           1.15 f        -0.26  (VIOLATED)
   DP_OP_1030J2_133_808/clk_r_REG1054_S8/D
                                0.89           1.15 f        -0.26  (VIOLATED)
   DP_OP_1024J2_127_808/clk_r_REG554_S5/D
                                0.89           1.15 f        -0.26  (VIOLATED)
   DP_OP_1030J2_133_808/clk_r_REG951_S8/D
                                0.86           1.11 r        -0.26  (VIOLATED)
   DP_OP_1027J2_130_808/clk_r_REG1236_S8/D
                                0.86           1.11 r        -0.26  (VIOLATED)
   DP_OP_1028J2_131_808/clk_r_REG503_S8/D
                                0.89           1.15 f        -0.26  (VIOLATED)
   DP_OP_1026J2_129_808/clk_r_REG1123_S5/D
                                0.86           1.11 r        -0.26  (VIOLATED)
   DP_OP_1033J2_136_808/clk_r_REG704_S11/D
                                0.89           1.15 r        -0.26  (VIOLATED)
   DP_OP_1029J2_132_808/clk_r_REG783_S8/D
                                0.89           1.15 f        -0.26  (VIOLATED)
   DP_OP_1019J2_122_808/clk_r_REG302_S2/D
                                0.89           1.15 f        -0.26  (VIOLATED)
   DP_OP_1019J2_122_808/clk_r_REG329_S2/D
                                0.89           1.15 f        -0.26  (VIOLATED)
   DP_OP_1032J2_135_808/clk_r_REG423_S11/D
                                0.89           1.15 f        -0.25  (VIOLATED)
   DP_OP_1023J2_126_808/clk_r_REG255_S5/D
                                0.89           1.15 f        -0.25  (VIOLATED)
   DP_OP_1033J2_136_808/clk_r_REG715_S11/D
                                0.86           1.11 r        -0.25  (VIOLATED)
   DP_OP_1029J2_132_808/clk_r_REG784_S8/D
                                0.89           1.14 f        -0.25  (VIOLATED)
   DP_OP_1026J2_129_808/clk_r_REG1400_S5/D
                                0.85           1.11 r        -0.25  (VIOLATED)
   DP_OP_1028J2_131_808/clk_r_REG475_S8/D
                                0.89           1.14 f        -0.25  (VIOLATED)
   u_is_array/gen_row[3].gen_col[0].pe_inst/clk_gate_accumulator_reg/latch/E
                                0.34           0.59 f        -0.25  (VIOLATED)
   u_is_array/gen_row[3].gen_col[1].pe_inst/clk_gate_partial_reg_reg/latch/E
                                0.34           0.59 r        -0.25  (VIOLATED)
   DP_OP_1028J2_131_808/clk_r_REG478_S8/D
                                0.89           1.15 f        -0.25  (VIOLATED)
   DP_OP_1029J2_132_808/clk_r_REG661_S8/D
                                0.89           1.15 f        -0.25  (VIOLATED)
   DP_OP_1019J2_122_808/clk_r_REG327_S2/D
                                0.89           1.15 f        -0.25  (VIOLATED)
   DP_OP_1019J2_122_808/clk_r_REG306_S2/D
                                0.89           1.14 f        -0.25  (VIOLATED)
   clk_r_REG1828_S2/D           0.85           1.10 r        -0.25  (VIOLATED)
   DP_OP_1029J2_132_808/clk_r_REG1382_S8/D
                                0.85           1.11 r        -0.25  (VIOLATED)
   DP_OP_1034J2_137_808/clk_r_REG979_S11/D
                                0.89           1.14 f        -0.25  (VIOLATED)
   clk_r_REG2023_S11/D          0.85           1.10 r        -0.25  (VIOLATED)
   DP_OP_1019J2_122_808/clk_r_REG301_S2/D
                                0.89           1.14 f        -0.25  (VIOLATED)
   DP_OP_1028J2_131_808/clk_r_REG1362_S8/D
                                0.85           1.11 r        -0.25  (VIOLATED)
   DP_OP_1028J2_131_808/clk_r_REG356_S8/D
                                0.86           1.11 r        -0.25  (VIOLATED)
   DP_OP_1029J2_132_808/clk_r_REG782_S8/D
                                0.89           1.14 f        -0.25  (VIOLATED)
   DP_OP_1026J2_129_808/clk_r_REG1503_S5/D
                                0.89           1.15 f        -0.25  (VIOLATED)
   DP_OP_1020J2_123_808/clk_r_REG605_S2/D
                                0.86           1.11 r        -0.25  (VIOLATED)
   DP_OP_1019J2_122_808/clk_r_REG328_S2/D
                                0.89           1.14 f        -0.25  (VIOLATED)
   DP_OP_1024J2_127_808/clk_r_REG556_S5/D
                                0.89           1.14 f        -0.25  (VIOLATED)
   DP_OP_1031J2_134_808/clk_r_REG82_S11/D
                                0.86           1.11 r        -0.25  (VIOLATED)
   DP_OP_1023J2_126_808/clk_r_REG1340_S5/D
                                0.85           1.11 r        -0.25  (VIOLATED)
   u_is_array/gen_row[2].gen_col[1].pe_inst/clk_gate_accumulator_reg/latch/E
                                0.33           0.58 r        -0.25  (VIOLATED)
   DP_OP_1032J2_135_808/clk_r_REG1263_S11/D
                                0.86           1.11 r        -0.25  (VIOLATED)
   DP_OP_1023J2_126_808/clk_r_REG1447_S5/D
                                0.89           1.14 f        -0.25  (VIOLATED)
   DP_OP_1026J2_129_808/clk_r_REG1127_S5/D
                                0.86           1.11 r        -0.25  (VIOLATED)
   DP_OP_1022J2_125_808/clk_r_REG1167_S2/D
                                0.89           1.14 f        -0.25  (VIOLATED)
   DP_OP_1034J2_137_808/clk_r_REG989_S11/D
                                0.86           1.11 r        -0.25  (VIOLATED)
   DP_OP_1027J2_130_808/clk_r_REG171_S8/D
                                0.86           1.11 r        -0.25  (VIOLATED)
   DP_OP_1031J2_134_808/clk_r_REG85_S11/D
                                0.89           1.14 f        -0.25  (VIOLATED)
   DP_OP_1020J2_123_808/clk_r_REG1363_S2/D
                                0.85           1.10 r        -0.25  (VIOLATED)
   DP_OP_1032J2_135_808/clk_r_REG469_S11/D
                                0.86           1.11 r        -0.25  (VIOLATED)
   clk_r_REG1925_S11/D          0.85           1.09 r        -0.25  (VIOLATED)
   DP_OP_1022J2_125_808/clk_r_REG1192_S2/D
                                0.89           1.14 f        -0.25  (VIOLATED)
   DP_OP_1029J2_132_808/clk_r_REG789_S8/D
                                0.89           1.14 f        -0.25  (VIOLATED)
   DP_OP_1027J2_130_808/clk_r_REG167_S8/D
                                0.86           1.10 r        -0.25  (VIOLATED)
   DP_OP_1030J2_133_808/clk_r_REG1053_S8/D
                                0.89           1.14 f        -0.25  (VIOLATED)
   DP_OP_1025J2_128_808/clk_r_REG657_S5/D
                                0.89           1.14 r        -0.25  (VIOLATED)
   DP_OP_1031J2_134_808/clk_r_REG99_S11/D
                                0.89           1.14 f        -0.25  (VIOLATED)
   DP_OP_1031J2_134_808/clk_r_REG227_S11/D
                                0.89           1.14 f        -0.25  (VIOLATED)
   clk_r_REG376_S12/D           0.85           1.10 r        -0.25  (VIOLATED)
   DP_OP_1034J2_137_808/clk_r_REG995_S11/D
                                0.86           1.10 r        -0.25  (VIOLATED)
   DP_OP_1019J2_122_808/clk_r_REG326_S2/D
                                0.89           1.14 f        -0.25  (VIOLATED)
   DP_OP_1021J2_124_808/clk_r_REG923_S2/D
                                0.89           1.14 f        -0.25  (VIOLATED)
   DP_OP_1020J2_123_808/clk_r_REG620_S2/D
                                0.85           1.10 r        -0.25  (VIOLATED)
   DP_OP_1022J2_125_808/clk_r_REG1166_S2/D
                                0.89           1.14 f        -0.25  (VIOLATED)
   clk_r_REG373_S12/D           0.85           1.10 r        -0.25  (VIOLATED)
   DP_OP_1033J2_136_808/clk_r_REG721_S11/D
                                0.86           1.10 r        -0.25  (VIOLATED)
   clk_r_REG342_S12/D           0.85           1.10 r        -0.25  (VIOLATED)
   DP_OP_1024J2_127_808/clk_r_REG1843_S5/D
                                0.85           1.10 r        -0.25  (VIOLATED)
   DP_OP_1026J2_129_808/clk_r_REG1390_S5/D
                                0.86           1.10 r        -0.25  (VIOLATED)
   clk_r_REG1809_S2/D           0.85           1.09 r        -0.25  (VIOLATED)
   DP_OP_1028J2_131_808/clk_r_REG512_S8/D
                                0.89           1.14 f        -0.25  (VIOLATED)
   DP_OP_1027J2_130_808/clk_r_REG169_S8/D
                                0.86           1.10 r        -0.24  (VIOLATED)
   DP_OP_1029J2_132_808/clk_r_REG788_S8/D
                                0.89           1.14 f        -0.24  (VIOLATED)
   DP_OP_1028J2_131_808/clk_r_REG520_S8/D
                                0.86           1.10 r        -0.24  (VIOLATED)
   DP_OP_1024J2_127_808/clk_r_REG538_S5/D
                                0.89           1.14 f        -0.24  (VIOLATED)
   DP_OP_1033J2_136_808/clk_r_REG665_S11/D
                                0.89           1.13 f        -0.24  (VIOLATED)
   u_is_array/gen_row[0].gen_col[2].pe_inst/clk_gate_weight_out_reg_reg/latch/E
                                0.34           0.59 f        -0.24  (VIOLATED)
   clk_r_REG370_S12/D           0.85           1.10 r        -0.24  (VIOLATED)
   DP_OP_1021J2_124_808/clk_r_REG921_S2/D
                                0.89           1.14 f        -0.24  (VIOLATED)
   DP_OP_1027J2_130_808/clk_r_REG173_S8/D
                                0.86           1.10 r        -0.24  (VIOLATED)
   DP_OP_1022J2_125_808/clk_r_REG1189_S2/D
                                0.89           1.14 f        -0.24  (VIOLATED)
   u_is_array/gen_row[0].gen_col[2].pe_inst/clk_gate_input_valid_reg_reg/latch/E
                                0.34           0.59 f        -0.24  (VIOLATED)
   clk_r_REG367_S12/D           0.85           1.10 r        -0.24  (VIOLATED)
   clk_r_REG379_S12/D           0.85           1.09 r        -0.24  (VIOLATED)
   DP_OP_1031J2_134_808/clk_r_REG1240_S11/D
                                0.89           1.13 f        -0.24  (VIOLATED)
   DP_OP_1031J2_134_808/clk_r_REG98_S11/D
                                0.89           1.13 f        -0.24  (VIOLATED)
   DP_OP_1026J2_129_808/clk_r_REG1879_S5/D
                                0.85           1.09 r        -0.24  (VIOLATED)
   DP_OP_1026J2_129_808/clk_r_REG1122_S5/D
                                0.89           1.13 f        -0.24  (VIOLATED)
   DP_OP_1020J2_123_808/clk_r_REG635_S2/D
                                0.89           1.13 f        -0.24  (VIOLATED)
   clk_r_REG1957_S5/D           0.85           1.09 r        -0.24  (VIOLATED)
   DP_OP_1026J2_129_808/clk_r_REG1491_S5/D
                                0.86           1.10 r        -0.24  (VIOLATED)
   DP_OP_1023J2_126_808/clk_r_REG1327_S5/D
                                0.86           1.10 r        -0.24  (VIOLATED)
   DP_OP_1033J2_136_808/clk_r_REG717_S11/D
                                0.86           1.10 r        -0.24  (VIOLATED)
   DP_OP_1033J2_136_808/clk_r_REG706_S11/D
                                0.89           1.13 f        -0.24  (VIOLATED)
   DP_OP_1028J2_131_808/clk_r_REG477_S8/D
                                0.89           1.13 f        -0.24  (VIOLATED)
   DP_OP_1027J2_130_808/clk_r_REG158_S8/D
                                0.89           1.13 f        -0.24  (VIOLATED)
   u_is_array/gen_row[3].gen_col[1].pe_inst/clk_gate_weight_out_reg_reg/latch/E
                                0.33           0.57 f        -0.24  (VIOLATED)
   DP_OP_1030J2_133_808/clk_r_REG1502_S8/D
                                0.85           1.10 r        -0.24  (VIOLATED)
   u_is_array/gen_row[2].gen_col[2].pe_inst/clk_gate_weight_reg_reg/latch/E
                                0.34           0.58 r        -0.24  (VIOLATED)
   DP_OP_1033J2_136_808/clk_r_REG708_S11/D
                                0.88           1.12 f        -0.24  (VIOLATED)
   DP_OP_1031J2_134_808/clk_r_REG229_S11/D
                                0.89           1.13 f        -0.24  (VIOLATED)
   DP_OP_1019J2_122_808/clk_r_REG17_S2/D
                                0.89           1.13 r        -0.24  (VIOLATED)
   DP_OP_1028J2_131_808/clk_r_REG510_S8/D
                                0.89           1.13 f        -0.24  (VIOLATED)
   clk_r_REG1918_S5/D           0.85           1.09 r        -0.24  (VIOLATED)
   DP_OP_1020J2_123_808/clk_r_REG1746_S2/D
                                0.85           1.09 r        -0.24  (VIOLATED)
   DP_OP_1033J2_136_808/clk_r_REG714_S11/D
                                0.86           1.10 r        -0.24  (VIOLATED)
   DP_OP_1032J2_135_808/clk_r_REG454_S11/D
                                0.86           1.10 r        -0.24  (VIOLATED)
   u_is_array/gen_row[2].gen_col[2].pe_inst/clk_gate_partial_out_reg/latch/E
                                0.34           0.58 r        -0.24  (VIOLATED)
   DP_OP_1020J2_123_808/clk_r_REG1345_S2/D
                                0.86           1.10 r        -0.24  (VIOLATED)
   DP_OP_1020J2_123_808/clk_r_REG601_S2/D
                                0.89           1.13 f        -0.24  (VIOLATED)
   DP_OP_1029J2_132_808/clk_r_REG819_S8/D
                                0.89           1.13 f        -0.24  (VIOLATED)
   DP_OP_1023J2_126_808/clk_r_REG1430_S5/D
                                0.86           1.10 r        -0.24  (VIOLATED)
   DP_OP_1021J2_124_808/clk_r_REG920_S2/D
                                0.89           1.13 f        -0.24  (VIOLATED)
   DP_OP_1022J2_125_808/clk_r_REG1188_S2/D
                                0.89           1.13 f        -0.24  (VIOLATED)
   DP_OP_1019J2_122_808/clk_r_REG304_S2/D
                                0.89           1.13 f        -0.24  (VIOLATED)
   DP_OP_1031J2_134_808/clk_r_REG83_S11/D
                                0.89           1.13 r        -0.24  (VIOLATED)
   DP_OP_1025J2_128_808/clk_r_REG855_S5/D
                                0.89           1.13 f        -0.24  (VIOLATED)
   DP_OP_1022J2_125_808/clk_r_REG1401_S2/D
                                0.85           1.09 r        -0.24  (VIOLATED)
   DP_OP_1021J2_124_808/clk_r_REG901_S2/D
                                0.89           1.13 f        -0.24  (VIOLATED)
   DP_OP_1027J2_130_808/clk_r_REG166_S8/D
                                0.86           1.10 r        -0.24  (VIOLATED)
   DP_OP_1019J2_122_808/clk_r_REG318_S2/D
                                0.85           1.09 r        -0.24  (VIOLATED)
   DP_OP_1021J2_124_808/clk_r_REG925_S2/D
                                0.89           1.13 f        -0.24  (VIOLATED)
   clk_r_REG2020_S8/D           0.85           1.09 r        -0.24  (VIOLATED)
   DP_OP_1033J2_136_808/clk_r_REG1485_S11/D
                                0.89           1.13 f        -0.24  (VIOLATED)
   DP_OP_1019J2_122_808/clk_r_REG305_S2/D
                                0.89           1.13 f        -0.24  (VIOLATED)
   DP_OP_1028J2_131_808/clk_r_REG474_S8/D
                                0.89           1.13 f        -0.24  (VIOLATED)
   DP_OP_1020J2_123_808/clk_r_REG629_S2/D
                                0.89           1.13 f        -0.24  (VIOLATED)
   DP_OP_1028J2_131_808/clk_r_REG509_S8/D
                                0.89           1.13 f        -0.24  (VIOLATED)
   DP_OP_1034J2_137_808/clk_r_REG1022_S11/D
                                0.89           1.13 f        -0.24  (VIOLATED)
   DP_OP_1029J2_132_808/clk_r_REG1375_S8/D
                                0.86           1.09 r        -0.24  (VIOLATED)
   DP_OP_1022J2_125_808/clk_r_REG1191_S2/D
                                0.89           1.13 f        -0.24  (VIOLATED)
   DP_OP_1032J2_135_808/clk_r_REG1464_S11/D
                                0.89           1.13 f        -0.24  (VIOLATED)
   DP_OP_1028J2_131_808/clk_r_REG1353_S8/D
                                0.86           1.09 r        -0.24  (VIOLATED)
   DP_OP_1021J2_124_808/clk_r_REG899_S2/D
                                0.89           1.13 f        -0.24  (VIOLATED)
   DP_OP_1019J2_122_808/clk_r_REG303_S2/D
                                0.89           1.13 f        -0.24  (VIOLATED)
   DP_OP_1028J2_131_808/clk_r_REG519_S8/D
                                0.89           1.13 f        -0.24  (VIOLATED)
   DP_OP_1031J2_134_808/clk_r_REG84_S11/D
                                0.89           1.13 f        -0.24  (VIOLATED)
   DP_OP_1027J2_130_808/clk_r_REG183_S8/D
                                0.86           1.09 r        -0.24  (VIOLATED)
   DP_OP_1027J2_130_808/clk_r_REG223_S8/D
                                0.89           1.13 r        -0.24  (VIOLATED)
   DP_OP_1025J2_128_808/clk_r_REG854_S5/D
                                0.89           1.13 f        -0.24  (VIOLATED)
   clk_r_REG1996_S2/D           0.85           1.09 r        -0.24  (VIOLATED)
   DP_OP_1027J2_130_808/clk_r_REG172_S8/D
                                0.86           1.09 r        -0.24  (VIOLATED)
   u_is_array/gen_row[3].gen_col[0].pe_inst/clk_gate_input_valid_reg_reg/latch/E
                                0.33           0.57 r        -0.24  (VIOLATED)
   DP_OP_1021J2_124_808/clk_r_REG900_S2/D
                                0.89           1.13 f        -0.23  (VIOLATED)
   DP_OP_1020J2_123_808/clk_r_REG633_S2/D
                                0.89           1.13 f        -0.23  (VIOLATED)
   DP_OP_1032J2_135_808/clk_r_REG1554_S11/D
                                0.85           1.09 r        -0.23  (VIOLATED)
   DP_OP_1029J2_132_808/clk_r_REG821_S8/D
                                0.89           1.13 f        -0.23  (VIOLATED)
   u_is_array/gen_row[1].gen_col[1].pe_inst/clk_gate_input_valid_reg_reg/latch/E
                                0.34           0.57 f        -0.23  (VIOLATED)
   DP_OP_1021J2_124_808/clk_r_REG924_S2/D
                                0.89           1.13 f        -0.23  (VIOLATED)
   DP_OP_1032J2_135_808/clk_r_REG1361_S11/D
                                0.85           1.09 r        -0.23  (VIOLATED)
   DP_OP_1030J2_133_808/clk_r_REG1056_S8/D
                                0.89           1.13 f        -0.23  (VIOLATED)
   DP_OP_1025J2_128_808/clk_r_REG1273_S5/D
                                0.89           1.13 f        -0.23  (VIOLATED)
   DP_OP_1020J2_123_808/clk_r_REG599_S2/D
                                0.89           1.13 f        -0.23  (VIOLATED)
   DP_OP_1022J2_125_808/clk_r_REG942_S2/D
                                0.89           1.13 r        -0.23  (VIOLATED)
   DP_OP_1019J2_122_808/clk_r_REG1341_S2/D
                                0.85           1.09 r        -0.23  (VIOLATED)
   u_is_array/gen_row[0].gen_col[3].pe_inst/clk_gate_accumulator_reg/latch/E
                                0.35           0.58 f        -0.23  (VIOLATED)
   DP_OP_1020J2_123_808/clk_r_REG628_S2/D
                                0.89           1.12 f        -0.23  (VIOLATED)
   DP_OP_1033J2_136_808/clk_r_REG758_S11/D
                                0.86           1.09 r        -0.23  (VIOLATED)
   DP_OP_1020J2_123_808/clk_r_REG604_S2/D
                                0.89           1.13 f        -0.23  (VIOLATED)
   u_is_array/gen_row[2].gen_col[2].pe_inst/clk_gate_partial_reg_reg/latch/E
                                0.34           0.57 r        -0.23  (VIOLATED)
   DP_OP_1021J2_124_808/clk_r_REG898_S2/D
                                0.89           1.12 f        -0.23  (VIOLATED)
   DP_OP_1034J2_137_808/clk_r_REG1021_S11/D
                                0.89           1.12 f        -0.23  (VIOLATED)
   DP_OP_1024J2_127_808/clk_r_REG537_S5/D
                                0.89           1.12 f        -0.23  (VIOLATED)
   DP_OP_1028J2_131_808/clk_r_REG508_S8/D
                                0.86           1.09 r        -0.23  (VIOLATED)
   DP_OP_1031J2_134_808/clk_r_REG140_S11/D
                                0.89           1.12 f        -0.23  (VIOLATED)
   clk_r_REG679_S12/D           0.84           1.07 r        -0.23  (VIOLATED)
   DP_OP_1025J2_128_808/clk_r_REG871_S5/D
                                0.85           1.09 r        -0.23  (VIOLATED)
   DP_OP_1029J2_132_808/clk_r_REG660_S8/D
                                0.89           1.12 f        -0.23  (VIOLATED)
   DP_OP_1024J2_127_808/clk_r_REG561_S5/D
                                0.89           1.12 f        -0.23  (VIOLATED)
   u_is_array/gen_row[0].gen_col[3].pe_inst/clk_gate_weight_reg_reg/latch/E
                                0.35           0.58 f        -0.23  (VIOLATED)
   DP_OP_1030J2_133_808/clk_r_REG1495_S8/D
                                0.86           1.09 r        -0.23  (VIOLATED)
   DP_OP_1030J2_133_808/clk_r_REG1088_S8/D
                                0.86           1.09 r        -0.23  (VIOLATED)
   DP_OP_1028J2_131_808/clk_r_REG473_S8/D
                                0.89           1.12 f        -0.23  (VIOLATED)
   DP_OP_1034J2_137_808/clk_r_REG978_S11/D
                                0.89           1.12 f        -0.23  (VIOLATED)
   DP_OP_1026J2_129_808/clk_r_REG1292_S5/D
                                0.89           1.12 r        -0.23  (VIOLATED)
   DP_OP_1031J2_134_808/clk_r_REG88_S11/D
                                0.89           1.12 r        -0.23  (VIOLATED)
   DP_OP_1021J2_124_808/clk_r_REG1486_S2/D
                                0.85           1.09 r        -0.23  (VIOLATED)
   DP_OP_1029J2_132_808/clk_r_REG1577_S8/D
                                0.85           1.09 r        -0.23  (VIOLATED)
   DP_OP_1021J2_124_808/clk_r_REG919_S2/D
                                0.89           1.12 f        -0.23  (VIOLATED)
   DP_OP_1022J2_125_808/clk_r_REG1190_S2/D
                                0.89           1.12 f        -0.23  (VIOLATED)
   DP_OP_1023J2_126_808/clk_r_REG278_S5/D
                                0.85           1.08 r        -0.23  (VIOLATED)
   DP_OP_1027J2_130_808/clk_r_REG170_S8/D
                                0.89           1.12 f        -0.23  (VIOLATED)
   DP_OP_1032J2_135_808/clk_r_REG407_S11/D
                                0.86           1.09 r        -0.23  (VIOLATED)
   DP_OP_1030J2_133_808/clk_r_REG1057_S8/D
                                0.89           1.12 f        -0.23  (VIOLATED)
   DP_OP_1023J2_126_808/clk_r_REG264_S5/D
                                0.89           1.12 f        -0.23  (VIOLATED)
   DP_OP_1021J2_124_808/clk_r_REG917_S2/D
                                0.86           1.09 r        -0.23  (VIOLATED)
   DP_OP_1024J2_127_808/clk_r_REG563_S5/D
                                0.89           1.12 f        -0.23  (VIOLATED)
   DP_OP_1030J2_133_808/clk_r_REG1055_S8/D
                                0.89           1.12 f        -0.23  (VIOLATED)
   DP_OP_1024J2_127_808/clk_r_REG574_S5/D
                                0.85           1.09 r        -0.23  (VIOLATED)
   u_is_array/gen_row[2].gen_col[1].pe_inst/clk_gate_input_valid_reg_reg/latch/E
                                0.33           0.56 r        -0.23  (VIOLATED)
   DP_OP_1022J2_125_808/clk_r_REG1386_S2/D
                                0.86           1.09 r        -0.23  (VIOLATED)
   DP_OP_1024J2_127_808/clk_r_REG351_S5/D
                                0.89           1.12 f        -0.23  (VIOLATED)
   clk_r_REG2014_S2/D           0.85           1.08 r        -0.23  (VIOLATED)
   DP_OP_1029J2_132_808/clk_r_REG812_S8/D
                                0.85           1.08 r        -0.23  (VIOLATED)
   DP_OP_1031J2_134_808/clk_r_REG139_S11/D
                                0.89           1.12 f        -0.23  (VIOLATED)
   DP_OP_1030J2_133_808/clk_r_REG950_S8/D
                                0.89           1.12 f        -0.23  (VIOLATED)
   DP_OP_1028J2_131_808/clk_r_REG506_S8/D
                                0.89           1.12 f        -0.23  (VIOLATED)
   DP_OP_1021J2_124_808/clk_r_REG922_S2/D
                                0.89           1.12 f        -0.23  (VIOLATED)
   DP_OP_1028J2_131_808/clk_r_REG507_S8/D
                                0.89           1.12 f        -0.23  (VIOLATED)
   DP_OP_1031J2_134_808/clk_r_REG104_S11/D
                                0.89           1.12 r        -0.23  (VIOLATED)
   DP_OP_1020J2_123_808/clk_r_REG631_S2/D
                                0.89           1.12 r        -0.23  (VIOLATED)
   DP_OP_1032J2_135_808/clk_r_REG1929_S11/D
                                0.85           1.08 r        -0.23  (VIOLATED)
   DP_OP_1033J2_136_808/clk_r_REG718_S11/D
                                0.89           1.12 f        -0.23  (VIOLATED)
   DP_OP_1024J2_127_808/clk_r_REG1466_S5/D
                                0.85           1.08 r        -0.23  (VIOLATED)
   DP_OP_1031J2_134_808/clk_r_REG1445_S11/D
                                0.85           1.08 r        -0.23  (VIOLATED)
   DP_OP_1034J2_137_808/clk_r_REG992_S11/D
                                0.89           1.12 r        -0.23  (VIOLATED)
   DP_OP_1028J2_131_808/clk_r_REG355_S8/D
                                0.89           1.12 f        -0.23  (VIOLATED)
   DP_OP_1023J2_126_808/clk_r_REG263_S5/D
                                0.89           1.12 f        -0.23  (VIOLATED)
   clk_r_REG2095_S8/D           0.85           1.07 r        -0.23  (VIOLATED)
   DP_OP_1024J2_127_808/clk_r_REG562_S5/D
                                0.89           1.12 f        -0.23  (VIOLATED)
   clk_r_REG677_S12/D           0.85           1.07 r        -0.23  (VIOLATED)
   DP_OP_1023J2_126_808/clk_r_REG265_S5/D
                                0.89           1.12 f        -0.23  (VIOLATED)
   DP_OP_1027J2_130_808/clk_r_REG182_S8/D
                                0.89           1.12 f        -0.23  (VIOLATED)
   DP_OP_1028J2_131_808/clk_r_REG495_S8/D
                                0.85           1.08 r        -0.23  (VIOLATED)
   u_is_array/gen_row[3].gen_col[2].pe_inst/clk_gate_weight_reg_reg/latch/E
                                0.33           0.56 f        -0.23  (VIOLATED)
   DP_OP_1024J2_127_808/clk_r_REG350_S5/D
                                0.89           1.12 f        -0.23  (VIOLATED)
   DP_OP_1024J2_127_808/clk_r_REG1931_S5/D
                                0.85           1.08 r        -0.23  (VIOLATED)
   DP_OP_1031J2_134_808/clk_r_REG228_S11/D
                                0.86           1.08 r        -0.23  (VIOLATED)
   DP_OP_1024J2_127_808/clk_r_REG560_S5/D
                                0.89           1.12 f        -0.23  (VIOLATED)
   DP_OP_1032J2_135_808/clk_r_REG1550_S11/D
                                0.86           1.08 r        -0.23  (VIOLATED)
   DP_OP_1030J2_133_808/clk_r_REG1059_S8/D
                                0.89           1.12 f        -0.23  (VIOLATED)
   DP_OP_1031J2_134_808/clk_r_REG103_S11/D
                                0.86           1.08 r        -0.23  (VIOLATED)
   DP_OP_1025J2_128_808/clk_r_REG859_S5/D
                                0.89           1.12 f        -0.23  (VIOLATED)
   u_is_array/gen_row[3].gen_col[1].pe_inst/clk_gate_accumulator_reg/latch/E
                                0.34           0.56 r        -0.23  (VIOLATED)
   DP_OP_1026J2_129_808/clk_r_REG1126_S5/D
                                0.86           1.08 r        -0.23  (VIOLATED)
   DP_OP_1019J2_122_808/clk_r_REG1323_S2/D
                                0.86           1.08 r        -0.23  (VIOLATED)
   DP_OP_1031J2_134_808/clk_r_REG90_S11/D
                                0.89           1.11 r        -0.22  (VIOLATED)
   DP_OP_1031J2_134_808/clk_r_REG81_S11/D
                                0.89           1.12 f        -0.22  (VIOLATED)
   DP_OP_1033J2_136_808/clk_r_REG757_S11/D
                                0.89           1.11 f        -0.22  (VIOLATED)
   DP_OP_1020J2_123_808/clk_r_REG347_S2/D
                                0.89           1.12 r        -0.22  (VIOLATED)
   DP_OP_1032J2_135_808/clk_r_REG444_S11/D
                                0.85           1.08 r        -0.22  (VIOLATED)
   DP_OP_1033J2_136_808/clk_r_REG1482_S11/D
                                0.86           1.08 r        -0.22  (VIOLATED)
   DP_OP_1025J2_128_808/clk_r_REG870_S5/D
                                0.86           1.08 r        -0.22  (VIOLATED)
   DP_OP_1022J2_125_808/clk_r_REG1168_S2/D
                                0.89           1.11 f        -0.22  (VIOLATED)
   DP_OP_1028J2_131_808/clk_r_REG511_S8/D
                                0.86           1.08 r        -0.22  (VIOLATED)
   DP_OP_1032J2_135_808/clk_r_REG1460_S11/D
                                0.86           1.08 r        -0.22  (VIOLATED)
   DP_OP_1030J2_133_808/clk_r_REG1087_S8/D
                                0.89           1.11 f        -0.22  (VIOLATED)
   DP_OP_1026J2_129_808/clk_r_REG1969_S5/D
                                0.85           1.07 r        -0.22  (VIOLATED)
   DP_OP_1021J2_124_808/clk_r_REG653_S2/D
                                0.89           1.11 f        -0.22  (VIOLATED)
   DP_OP_1021J2_124_808/clk_r_REG1470_S2/D
                                0.86           1.08 r        -0.22  (VIOLATED)
   DP_OP_1029J2_132_808/clk_r_REG1568_S8/D
                                0.86           1.08 r        -0.22  (VIOLATED)
   DP_OP_1033J2_136_808/clk_r_REG729_S11/D
                                0.85           1.08 r        -0.22  (VIOLATED)
   DP_OP_1020J2_123_808/clk_r_REG603_S2/D
                                0.89           1.12 f        -0.22  (VIOLATED)
   DP_OP_1033J2_136_808/clk_r_REG716_S11/D
                                0.89           1.11 f        -0.22  (VIOLATED)
   DP_OP_1033J2_136_808/clk_r_REG1379_S11/D
                                0.89           1.11 f        -0.22  (VIOLATED)
   u_is_array/gen_row[3].gen_col[2].pe_inst/clk_gate_accumulator_reg/latch/E
                                0.34           0.56 r        -0.22  (VIOLATED)
   u_is_array/gen_row[1].gen_col[2].pe_inst/clk_gate_input_valid_reg_reg/latch/E
                                0.35           0.57 f        -0.22  (VIOLATED)
   DP_OP_1028J2_131_808/clk_r_REG518_S8/D
                                0.89           1.11 f        -0.22  (VIOLATED)
   DP_OP_1027J2_130_808/clk_r_REG180_S8/D
                                0.89           1.11 f        -0.22  (VIOLATED)
   DP_OP_1020J2_123_808/clk_r_REG1844_S2/D
                                0.85           1.07 r        -0.22  (VIOLATED)
   DP_OP_1025J2_128_808/clk_r_REG858_S5/D
                                0.89           1.11 f        -0.22  (VIOLATED)
   DP_OP_1029J2_132_808/clk_r_REG1277_S8/D
                                0.89           1.11 r        -0.22  (VIOLATED)
   DP_OP_1026J2_129_808/clk_r_REG1141_S5/D
                                0.85           1.08 r        -0.22  (VIOLATED)
   DP_OP_1025J2_128_808/clk_r_REG656_S5/D
                                0.89           1.11 f        -0.22  (VIOLATED)
   DP_OP_1024J2_127_808/clk_r_REG573_S5/D
                                0.86           1.08 r        -0.22  (VIOLATED)
   DP_OP_1028J2_131_808/clk_r_REG505_S8/D
                                0.89           1.11 f        -0.22  (VIOLATED)
   DP_OP_1022J2_125_808/clk_r_REG1187_S2/D
                                0.89           1.11 f        -0.22  (VIOLATED)
   DP_OP_1023J2_126_808/clk_r_REG267_S5/D
                                0.89           1.11 f        -0.22  (VIOLATED)
   DP_OP_1027J2_130_808/clk_r_REG168_S8/D
                                0.89           1.11 f        -0.22  (VIOLATED)
   DP_OP_1032J2_135_808/clk_r_REG468_S11/D
                                0.89           1.11 f        -0.22  (VIOLATED)
   DP_OP_1034J2_137_808/clk_r_REG1501_S11/D
                                0.85           1.08 r        -0.22  (VIOLATED)
   clk_r_REG955_S12/D           0.85           1.07 r        -0.22  (VIOLATED)
   DP_OP_1033J2_136_808/clk_r_REG755_S11/D
                                0.89           1.11 f        -0.22  (VIOLATED)
   DP_OP_1020J2_123_808/clk_r_REG600_S2/D
                                0.86           1.08 r        -0.22  (VIOLATED)
   clk_r_REG957_S12/D           0.85           1.07 r        -0.22  (VIOLATED)
   clk_r_REG959_S12/D           0.85           1.07 r        -0.22  (VIOLATED)
   DP_OP_1021J2_124_808/clk_r_REG1578_S2/D
                                0.89           1.11 f        -0.22  (VIOLATED)
   DP_OP_1020J2_123_808/clk_r_REG1557_S2/D
                                0.89           1.11 f        -0.22  (VIOLATED)
   DP_OP_1032J2_135_808/clk_r_REG359_S11/D
                                0.89           1.11 f        -0.22  (VIOLATED)
   clk_r_REG956_S12/D           0.85           1.07 r        -0.22  (VIOLATED)
   clk_r_REG940_S12/D           0.85           1.07 r        -0.22  (VIOLATED)
   DP_OP_1023J2_126_808/clk_r_REG1232_S5/D
                                0.89           1.11 r        -0.22  (VIOLATED)
   DP_OP_1022J2_125_808/clk_r_REG1504_S2/D
                                0.85           1.07 r        -0.22  (VIOLATED)
   DP_OP_1034J2_137_808/clk_r_REG994_S11/D
                                0.86           1.08 r        -0.22  (VIOLATED)
   DP_OP_1025J2_128_808/clk_r_REG862_S5/D
                                0.89           1.11 f        -0.22  (VIOLATED)
   DP_OP_1023J2_126_808/clk_r_REG1522_S5/D
                                0.86           1.08 r        -0.22  (VIOLATED)
   DP_OP_1027J2_130_808/clk_r_REG1446_S8/D
                                0.85           1.07 r        -0.22  (VIOLATED)
   clk_r_REG3085_S1/D           0.85           1.07 r        -0.22  (VIOLATED)
   DP_OP_1020J2_123_808/clk_r_REG627_S2/D
                                0.89           1.11 f        -0.22  (VIOLATED)
   DP_OP_1031J2_134_808/clk_r_REG102_S11/D
                                0.89           1.11 f        -0.22  (VIOLATED)
   DP_OP_1030J2_133_808/clk_r_REG949_S8/D
                                0.89           1.11 f        -0.22  (VIOLATED)
   DP_OP_1031J2_134_808/clk_r_REG129_S11/D
                                0.85           1.07 r        -0.22  (VIOLATED)
   DP_OP_1020J2_123_808/clk_r_REG1467_S2/D
                                0.85           1.07 r        -0.22  (VIOLATED)
   clk_r_REG3091_S2/D           0.89           1.11 r        -0.22  (VIOLATED)
   DP_OP_1031J2_134_808/clk_r_REG87_S11/D
                                0.89           1.11 f        -0.22  (VIOLATED)
   DP_OP_1022J2_125_808/clk_r_REG1186_S2/D
                                0.89           1.11 f        -0.22  (VIOLATED)
   DP_OP_1019J2_122_808/clk_r_REG325_S2/D
                                0.89           1.11 f        -0.22  (VIOLATED)
   DP_OP_1021J2_124_808/clk_r_REG916_S2/D
                                0.89           1.11 f        -0.22  (VIOLATED)
   DP_OP_1028J2_131_808/clk_r_REG1465_S8/D
                                0.89           1.11 f        -0.22  (VIOLATED)
   DP_OP_1033J2_136_808/clk_r_REG720_S11/D
                                0.86           1.07 r        -0.22  (VIOLATED)
   DP_OP_1031J2_134_808/clk_r_REG1440_S11/D
                                0.86           1.07 r        -0.22  (VIOLATED)
   DP_OP_1022J2_125_808/clk_r_REG1182_S2/D
                                0.85           1.07 r        -0.22  (VIOLATED)
   DP_OP_1034J2_137_808/clk_r_REG1302_S11/D
                                0.89           1.11 r        -0.22  (VIOLATED)
   clk_r_REG121_S9/D            0.85           1.07 r        -0.22  (VIOLATED)
   clk_r_REG2122_S5/D           0.85           1.06 r        -0.22  (VIOLATED)
   DP_OP_1019J2_122_808/clk_r_REG323_S2/D
                                0.89           1.11 f        -0.22  (VIOLATED)
   DP_OP_1025J2_128_808/clk_r_REG861_S5/D
                                0.89           1.11 f        -0.22  (VIOLATED)
   clk_r_REG111_S9/D            0.85           1.07 r        -0.22  (VIOLATED)
   DP_OP_1031J2_134_808/clk_r_REG1335_S11/D
                                0.89           1.11 f        -0.21  (VIOLATED)
   DP_OP_1024J2_127_808/clk_r_REG1254_S5/D
                                0.89           1.11 r        -0.21  (VIOLATED)
   clk_r_REG116_S9/D            0.85           1.07 r        -0.21  (VIOLATED)
   clk_r_REG131_S9/D            0.85           1.07 r        -0.21  (VIOLATED)
   DP_OP_1026J2_129_808/clk_r_REG1130_S5/D
                                0.89           1.11 f        -0.21  (VIOLATED)
   DP_OP_1020J2_123_808/clk_r_REG626_S2/D
                                0.89           1.11 f        -0.21  (VIOLATED)
   clk_r_REG9_S9/D              0.85           1.07 r        -0.21  (VIOLATED)
   DP_OP_1019J2_122_808/clk_r_REG321_S2/D
                                0.86           1.07 r        -0.21  (VIOLATED)
   DP_OP_1019J2_122_808/clk_r_REG1538_S2/D
                                0.89           1.11 f        -0.21  (VIOLATED)
   DP_OP_1030J2_133_808/clk_r_REG1297_S8/D
                                0.89           1.10 r        -0.21  (VIOLATED)
   DP_OP_1019J2_122_808/clk_r_REG324_S2/D
                                0.89           1.10 f        -0.21  (VIOLATED)
   DP_OP_1019J2_122_808/clk_r_REG1448_S2/D
                                0.85           1.07 r        -0.21  (VIOLATED)
   DP_OP_1032J2_135_808/clk_r_REG1357_S11/D
                                0.86           1.07 r        -0.21  (VIOLATED)
   clk_r_REG2092_S5/D           0.85           1.06 r        -0.21  (VIOLATED)
   DP_OP_1034J2_137_808/clk_r_REG991_S11/D
                                0.89           1.11 f        -0.21  (VIOLATED)
   DP_OP_1028J2_131_808/clk_r_REG1555_S8/D
                                0.85           1.07 r        -0.21  (VIOLATED)
   u_is_array/gen_row[0].gen_col[3].pe_inst/clk_gate_partial_out_reg/latch/E
                                0.35           0.56 f        -0.21  (VIOLATED)
   DP_OP_1024J2_127_808/clk_r_REG1454_S5/D
                                0.86           1.07 r        -0.21  (VIOLATED)
   DP_OP_1020J2_123_808/clk_r_REG619_S2/D
                                0.88           1.10 r        -0.21  (VIOLATED)
   DP_OP_1031J2_134_808/clk_r_REG1239_S11/D
                                0.89           1.10 f        -0.21  (VIOLATED)
   DP_OP_1028J2_131_808/clk_r_REG1259_S8/D
                                0.89           1.10 r        -0.21  (VIOLATED)
   DP_OP_1026J2_129_808/clk_r_REG1291_S5/D
                                0.86           1.07 r        -0.21  (VIOLATED)
   DP_OP_1019J2_122_808/clk_r_REG1726_S2/D
                                0.88           1.09 r        -0.21  (VIOLATED)
   DP_OP_1027J2_130_808/clk_r_REG157_S8/D
                                0.89           1.10 f        -0.21  (VIOLATED)
   DP_OP_1020J2_123_808/clk_r_REG346_S2/D
                                0.86           1.07 r        -0.21  (VIOLATED)
   DP_OP_1023J2_126_808/clk_r_REG276_S5/D
                                0.86           1.07 r        -0.21  (VIOLATED)
   DP_OP_1021J2_124_808/clk_r_REG1560_S2/D
                                0.86           1.07 r        -0.21  (VIOLATED)
   DP_OP_1031J2_134_808/clk_r_REG1636_S11/D
                                0.89           1.10 f        -0.21  (VIOLATED)
   DP_OP_1026J2_129_808/clk_r_REG1594_S5/D
                                0.85           1.06 r        -0.21  (VIOLATED)
   clk_r_REG3090_S2/D           0.90           1.11 r        -0.21  (VIOLATED)
   DP_OP_1027J2_130_808/clk_r_REG222_S8/D
                                0.86           1.07 r        -0.21  (VIOLATED)
   u_is_array/gen_row[3].gen_col[2].pe_inst/clk_gate_weight_out_reg_reg/latch/E
                                0.34           0.55 f        -0.21  (VIOLATED)
   DP_OP_1030J2_133_808/clk_r_REG1086_S8/D
                                0.89           1.10 f        -0.21  (VIOLATED)
   DP_OP_1032J2_135_808/clk_r_REG1841_S11/D
                                0.89           1.10 r        -0.21  (VIOLATED)
   clk_r_REG2017_S5/D           0.85           1.05 r        -0.21  (VIOLATED)
   clk_r_REG2048_S5/D           0.85           1.05 r        -0.21  (VIOLATED)
   DP_OP_1020J2_123_808/clk_r_REG1541_S2/D
                                0.86           1.07 r        -0.21  (VIOLATED)
   DP_OP_1026J2_129_808/clk_r_REG945_S5/D
                                0.86           1.07 r        -0.21  (VIOLATED)
   DP_OP_1028J2_131_808/clk_r_REG494_S8/D
                                0.86           1.07 r        -0.21  (VIOLATED)
   DP_OP_1033J2_136_808/clk_r_REG664_S11/D
                                0.86           1.07 r        -0.21  (VIOLATED)
   DP_OP_1034J2_137_808/clk_r_REG1000_S11/D
                                0.85           1.06 r        -0.21  (VIOLATED)
   DP_OP_1027J2_130_808/clk_r_REG192_S8/D
                                0.85           1.06 r        -0.21  (VIOLATED)
   DP_OP_1028J2_131_808/clk_r_REG354_S8/D
                                0.90           1.11 f        -0.21  (VIOLATED)
   DP_OP_1023J2_126_808/clk_r_REG280_S5/D
                                0.89           1.10 f        -0.21  (VIOLATED)
   clk_r_REG2113_S11/D          0.85           1.06 r        -0.21  (VIOLATED)
   DP_OP_1031J2_134_808/clk_r_REG89_S11/D
                                0.89           1.10 f        -0.21  (VIOLATED)
   DP_OP_1029J2_132_808/clk_r_REG820_S8/D
                                0.86           1.06 r        -0.21  (VIOLATED)
   DP_OP_1023J2_126_808/clk_r_REG1537_S5/D
                                0.89           1.09 r        -0.21  (VIOLATED)
   DP_OP_1022J2_125_808/clk_r_REG1181_S2/D
                                0.86           1.06 r        -0.21  (VIOLATED)
   DP_OP_1019J2_122_808/clk_r_REG16_S2/D
                                0.89           1.10 f        -0.21  (VIOLATED)
   DP_OP_1033J2_136_808/clk_r_REG1576_S11/D
                                0.85           1.06 r        -0.21  (VIOLATED)
   clk_r_REG2029_S2/D           0.85           1.06 r        -0.21  (VIOLATED)
   DP_OP_1028J2_131_808/clk_r_REG1457_S8/D
                                0.86           1.06 r        -0.21  (VIOLATED)
   DP_OP_1022J2_125_808/clk_r_REG1488_S2/D
                                0.86           1.06 r        -0.21  (VIOLATED)
   DP_OP_1029J2_132_808/clk_r_REG810_S8/D
                                0.86           1.06 r        -0.21  (VIOLATED)
   DP_OP_1027J2_130_808/clk_r_REG1435_S8/D
                                0.86           1.06 r        -0.21  (VIOLATED)
   DP_OP_1034J2_137_808/clk_r_REG1592_S11/D
                                0.85           1.06 r        -0.21  (VIOLATED)
   DP_OP_1021J2_124_808/clk_r_REG914_S2/D
                                0.85           1.06 r        -0.21  (VIOLATED)
   DP_OP_1030J2_133_808/clk_r_REG1394_S8/D
                                0.89           1.10 f        -0.20  (VIOLATED)
   DP_OP_1019J2_122_808/clk_r_REG1826_S2/D
                                0.85           1.06 r        -0.20  (VIOLATED)
   DP_OP_1025J2_128_808/clk_r_REG872_S5/D
                                0.86           1.06 r        -0.20  (VIOLATED)
   DP_OP_1022J2_125_808/clk_r_REG1581_S2/D
                                0.86           1.06 r        -0.20  (VIOLATED)
   DP_OP_1020J2_123_808/clk_r_REG1450_S2/D
                                0.86           1.06 r        -0.20  (VIOLATED)
   DP_OP_1023J2_126_808/clk_r_REG1640_S5/D
                                0.89           1.10 f        -0.20  (VIOLATED)
   DP_OP_1022J2_125_808/clk_r_REG1185_S2/D
                                0.89           1.10 f        -0.20  (VIOLATED)
   DP_OP_1027J2_130_808/clk_r_REG1331_S8/D
                                0.89           1.10 f        -0.20  (VIOLATED)
   clk_r_REG2038_S11/D          0.85           1.05 r        -0.20  (VIOLATED)
   DP_OP_1031J2_134_808/clk_r_REG128_S11/D
                                0.86           1.06 r        -0.20  (VIOLATED)
   DP_OP_1020J2_123_808/clk_r_REG623_S2/D
                                0.89           1.09 f        -0.20  (VIOLATED)
   DP_OP_1028J2_131_808/clk_r_REG496_S8/D
                                0.86           1.06 r        -0.20  (VIOLATED)
   DP_OP_1029J2_132_808/clk_r_REG1676_S8/D
                                0.89           1.10 f        -0.20  (VIOLATED)
   DP_OP_1032J2_135_808/clk_r_REG1656_S11/D
                                0.89           1.10 f        -0.20  (VIOLATED)
   DP_OP_1028J2_131_808/clk_r_REG1547_S8/D
                                0.86           1.06 r        -0.20  (VIOLATED)
   DP_OP_1025J2_128_808/clk_r_REG1272_S5/D
                                0.89           1.09 f        -0.20  (VIOLATED)
   DP_OP_1030J2_133_808/clk_r_REG1076_S8/D
                                0.85           1.06 r        -0.20  (VIOLATED)
   DP_OP_1024J2_127_808/clk_r_REG1349_S5/D
                                0.89           1.09 f        -0.20  (VIOLATED)
   DP_OP_1028J2_131_808/clk_r_REG1657_S8/D
                                0.89           1.10 f        -0.20  (VIOLATED)
   clk_r_REG1895_S2/D           0.85           1.05 r        -0.20  (VIOLATED)
   DP_OP_1033J2_136_808/clk_r_REG1280_S11/D
                                0.86           1.06 r        -0.20  (VIOLATED)
   DP_OP_1026J2_129_808/clk_r_REG1584_S5/D
                                0.86           1.06 r        -0.20  (VIOLATED)
   DP_OP_1032J2_135_808/clk_r_REG434_S11/D
                                0.89           1.09 f        -0.20  (VIOLATED)
   DP_OP_1033J2_136_808/clk_r_REG727_S11/D
                                0.86           1.06 r        -0.20  (VIOLATED)
   DP_OP_1022J2_125_808/clk_r_REG1184_S2/D
                                0.89           1.09 f        -0.20  (VIOLATED)
   DP_OP_1025J2_128_808/clk_r_REG1371_S5/D
                                0.89           1.09 f        -0.20  (VIOLATED)
   DP_OP_1026J2_129_808/clk_r_REG1129_S5/D
                                0.86           1.06 r        -0.20  (VIOLATED)
   clk_r_REG2110_S8/D           0.85           1.05 r        -0.20  (VIOLATED)
   DP_OP_1022J2_125_808/clk_r_REG941_S2/D
                                0.89           1.09 f        -0.20  (VIOLATED)
   DP_OP_1030J2_133_808/clk_r_REG1296_S8/D
                                0.86           1.06 r        -0.20  (VIOLATED)
   DP_OP_1020J2_123_808/clk_r_REG630_S2/D
                                0.89           1.09 f        -0.20  (VIOLATED)
   DP_OP_1024J2_127_808/clk_r_REG1658_S5/D
                                0.89           1.09 f        -0.20  (VIOLATED)
   clk_r_REG673_S12/D           0.85           1.05 r        -0.20  (VIOLATED)
   u_is_array/gen_row[3].gen_col[3].pe_inst/clk_gate_partial_reg_reg/latch/E
                                0.34           0.54 r        -0.20  (VIOLATED)
   DP_OP_1020J2_123_808/clk_r_REG625_S2/D
                                0.89           1.09 f        -0.20  (VIOLATED)
   clk_r_REG3274_S1/D           0.89           1.09 f        -0.20  (VIOLATED)
   DP_OP_1031J2_134_808/clk_r_REG1722_S11/D
                                0.89           1.09 f        -0.20  (VIOLATED)
   clk_r_REG2035_S8/D           0.85           1.04 r        -0.20  (VIOLATED)
   DP_OP_1019J2_122_808/clk_r_REG1227_S2/D
                                0.89           1.09 f        -0.20  (VIOLATED)
   DP_OP_1030J2_133_808/clk_r_REG1587_S8/D
                                0.86           1.06 r        -0.20  (VIOLATED)
   DP_OP_1023J2_126_808/clk_r_REG279_S5/D
                                0.86           1.06 r        -0.20  (VIOLATED)
   clk_r_REG675_S12/D           0.85           1.05 r        -0.20  (VIOLATED)
   clk_r_REG650_S12/D           0.85           1.05 r        -0.20  (VIOLATED)
   DP_OP_1023J2_126_808/clk_r_REG277_S5/D
                                0.89           1.08 r        -0.20  (VIOLATED)
   DP_OP_1028J2_131_808/clk_r_REG1258_S8/D
                                0.86           1.05 r        -0.20  (VIOLATED)
   DP_OP_1027J2_130_808/clk_r_REG1235_S8/D
                                0.86           1.05 r        -0.20  (VIOLATED)
   DP_OP_1030J2_133_808/clk_r_REG1295_S8/D
                                0.89           1.09 f        -0.20  (VIOLATED)
   DP_OP_1024J2_127_808/clk_r_REG571_S5/D
                                0.89           1.09 f        -0.20  (VIOLATED)
   DP_OP_1024J2_127_808/clk_r_REG1544_S5/D
                                0.86           1.05 r        -0.20  (VIOLATED)
   DP_OP_1034J2_137_808/clk_r_REG1398_S11/D
                                0.89           1.09 f        -0.20  (VIOLATED)
   DP_OP_1022J2_125_808/clk_r_REG1595_S2/D
                                0.86           1.06 r        -0.20  (VIOLATED)
   DP_OP_1027J2_130_808/clk_r_REG1536_S8/D
                                0.85           1.05 r        -0.20  (VIOLATED)
   DP_OP_1020J2_123_808/clk_r_REG345_S2/D
                                0.89           1.09 f        -0.20  (VIOLATED)
   clk_r_REG1915_S2/D           0.85           1.04 r        -0.20  (VIOLATED)
   DP_OP_1026J2_129_808/clk_r_REG1109_S5/D
                                0.86           1.05 r        -0.20  (VIOLATED)
   DP_OP_1029J2_132_808/clk_r_REG807_S8/D
                                0.89           1.09 f        -0.20  (VIOLATED)
   DP_OP_1025J2_128_808/clk_r_REG1370_S5/D
                                0.89           1.09 f        -0.20  (VIOLATED)
   DP_OP_1020J2_123_808/clk_r_REG1250_S2/D
                                0.89           1.09 f        -0.20  (VIOLATED)
   DP_OP_1019J2_122_808/clk_r_REG317_S2/D
                                0.89           1.09 r        -0.20  (VIOLATED)
   DP_OP_1027J2_130_808/clk_r_REG190_S8/D
                                0.85           1.05 r        -0.20  (VIOLATED)
   DP_OP_1029J2_132_808/clk_r_REG811_S8/D
                                0.89           1.08 r        -0.20  (VIOLATED)
   u_is_array/gen_row[2].gen_col[2].pe_inst/clk_gate_weight_out_reg_reg/latch/E
                                0.34           0.54 f        -0.20  (VIOLATED)
   DP_OP_1030J2_133_808/clk_r_REG1058_S8/D
                                0.86           1.05 r        -0.20  (VIOLATED)
   clk_r_REG2125_S8/D           0.85           1.04 r        -0.20  (VIOLATED)
   u_is_array/gen_row[3].gen_col[2].pe_inst/clk_gate_partial_out_reg/latch/E
                                0.34           0.53 r        -0.20  (VIOLATED)
   DP_OP_1024J2_127_808/clk_r_REG1253_S5/D
                                0.89           1.09 f        -0.19  (VIOLATED)
   DP_OP_1034J2_137_808/clk_r_REG1301_S11/D
                                0.86           1.05 r        -0.19  (VIOLATED)
   DP_OP_1023J2_126_808/clk_r_REG1624_S5/D
                                0.86           1.05 r        -0.19  (VIOLATED)
   DP_OP_1029J2_132_808/clk_r_REG1668_S8/D
                                0.86           1.05 r        -0.19  (VIOLATED)
   DP_OP_1025J2_128_808/clk_r_REG1474_S5/D
                                0.89           1.09 f        -0.19  (VIOLATED)
   DP_OP_1030J2_133_808/clk_r_REG1075_S8/D
                                0.86           1.05 r        -0.19  (VIOLATED)
   clk_r_REG2098_S11/D          0.85           1.05 r        -0.19  (VIOLATED)
   DP_OP_1034J2_137_808/clk_r_REG972_S11/D
                                0.89           1.09 f        -0.19  (VIOLATED)
   DP_OP_1033J2_136_808/clk_r_REG1481_S11/D
                                0.89           1.09 f        -0.19  (VIOLATED)
   DP_OP_1028J2_131_808/clk_r_REG1649_S8/D
                                0.86           1.05 r        -0.19  (VIOLATED)
   DP_OP_1026J2_129_808/clk_r_REG1692_S5/D
                                0.89           1.09 f        -0.19  (VIOLATED)
   DP_OP_1021J2_124_808/clk_r_REG918_S2/D
                                0.86           1.05 r        -0.19  (VIOLATED)
   clk_r_REG1999_S5/D           0.85           1.04 r        -0.19  (VIOLATED)
   clk_r_REG965_S12/D           0.85           1.04 r        -0.19  (VIOLATED)
   u_is_array/gen_row[3].gen_col[2].pe_inst/clk_gate_partial_reg_reg/latch/E
                                0.35           0.54 f        -0.19  (VIOLATED)
   clk_r_REG124_S9/D            0.84           1.03 r        -0.19  (VIOLATED)
   clk_r_REG2075_S5/D           0.85           1.05 r        -0.19  (VIOLATED)
   u_is_array/gen_row[3].gen_col[3].pe_inst/clk_gate_weight_reg_reg/latch/E
                                0.34           0.53 r        -0.19  (VIOLATED)
   u_is_array/gen_row[3].gen_col[3].pe_inst/clk_gate_partial_out_reg/latch/E
                                0.34           0.53 r        -0.19  (VIOLATED)
   u_is_array/gen_row[3].gen_col[3].pe_inst/clk_gate_accumulator_reg/latch/E
                                0.34           0.53 r        -0.19  (VIOLATED)
   clk_r_REG2002_S8/D           0.85           1.04 r        -0.19  (VIOLATED)
   clk_r_REG967_S12/D           0.85           1.04 r        -0.19  (VIOLATED)
   DP_OP_1020J2_123_808/clk_r_REG618_S2/D
                                0.89           1.08 r        -0.19  (VIOLATED)
   clk_r_REG2128_S11/D          0.85           1.04 r        -0.19  (VIOLATED)
   clk_r_REG2078_S8/D           0.85           1.04 r        -0.19  (VIOLATED)
   DP_OP_1027J2_130_808/clk_r_REG195_S8/D
                                0.89           1.08 f        -0.19  (VIOLATED)
   DP_OP_1033J2_136_808/clk_r_REG728_S11/D
                                0.89           1.08 r        -0.19  (VIOLATED)
   DP_OP_1024J2_127_808/clk_r_REG1646_S5/D
                                0.86           1.05 r        -0.19  (VIOLATED)
   DP_OP_1034J2_137_808/clk_r_REG977_S11/D
                                0.85           1.04 r        -0.19  (VIOLATED)
   clk_r_REG1068_S6/D           0.85           1.04 r        -0.19  (VIOLATED)
   DP_OP_1034J2_137_808/clk_r_REG1690_S11/D
                                0.89           1.08 f        -0.19  (VIOLATED)
   clk_r_REG1060_S6/D           0.85           1.04 r        -0.19  (VIOLATED)
   clk_r_REG934_S6/D            0.85           1.04 r        -0.19  (VIOLATED)
   clk_r_REG212_S6/D            0.84           1.03 r        -0.19  (VIOLATED)
   clk_r_REG2051_S8/D           0.85           1.03 r        -0.19  (VIOLATED)
   clk_r_REG937_S9/D            0.85           1.03 r        -0.19  (VIOLATED)
   DP_OP_1032J2_135_808/clk_r_REG1262_S11/D
                                0.89           1.08 f        -0.19  (VIOLATED)
   DP_OP_1032J2_135_808/clk_r_REG443_S11/D
                                0.89           1.08 f        -0.19  (VIOLATED)
   DP_OP_1029J2_132_808/clk_r_REG806_S8/D
                                0.86           1.04 r        -0.19  (VIOLATED)
   clk_r_REG1078_S6/D           0.85           1.04 r        -0.19  (VIOLATED)
   DP_OP_1031J2_134_808/clk_r_REG1723_S11/D
                                0.86           1.05 r        -0.19  (VIOLATED)
   clk_r_REG1064_S6/D           0.85           1.04 r        -0.19  (VIOLATED)
   DP_OP_1033J2_136_808/clk_r_REG756_S11/D
                                0.86           1.04 r        -0.19  (VIOLATED)
   DP_OP_1029J2_132_808/clk_r_REG1276_S8/D
                                0.89           1.08 f        -0.19  (VIOLATED)
   DP_OP_1031J2_134_808/clk_r_REG1637_S11/D
                                0.86           1.05 r        -0.19  (VIOLATED)
   DP_OP_1033J2_136_808/clk_r_REG1378_S11/D
                                0.86           1.04 r        -0.19  (VIOLATED)
   DP_OP_1030J2_133_808/clk_r_REG1691_S8/D
                                0.89           1.08 f        -0.19  (VIOLATED)
   DP_OP_1030J2_133_808/clk_r_REG1593_S8/D
                                0.89           1.07 r        -0.19  (VIOLATED)
   clk_r_REG400_S12/D           0.85           1.04 r        -0.19  (VIOLATED)
   clk_r_REG403_S12/D           0.85           1.04 r        -0.19  (VIOLATED)
   clk_r_REG488_S6/D            0.84           1.03 r        -0.19  (VIOLATED)
   DP_OP_1034J2_137_808/clk_r_REG1499_S11/D
                                0.89           1.08 f        -0.19  (VIOLATED)
   DP_OP_1023J2_126_808/clk_r_REG275_S5/D
                                0.86           1.04 r        -0.19  (VIOLATED)
   DP_OP_1023J2_126_808/clk_r_REG266_S5/D
                                0.86           1.04 r        -0.19  (VIOLATED)
   DP_OP_1027J2_130_808/clk_r_REG194_S8/D
                                0.85           1.04 r        -0.19  (VIOLATED)
   DP_OP_1033J2_136_808/clk_r_REG1674_S11/D
                                0.89           1.08 f        -0.19  (VIOLATED)
   DP_OP_1032J2_135_808/clk_r_REG453_S11/D
                                0.86           1.04 r        -0.19  (VIOLATED)
   clk_r_REG964_S12/D           0.85           1.04 r        -0.19  (VIOLATED)
   clk_r_REG1954_S2/D           0.85           1.03 r        -0.19  (VIOLATED)
   DP_OP_1023J2_126_808/clk_r_REG1231_S5/D
                                0.89           1.08 f        -0.19  (VIOLATED)
   DP_OP_1033J2_136_808/clk_r_REG732_S11/D
                                0.89           1.08 f        -0.19  (VIOLATED)
   DP_OP_1027J2_130_808/clk_r_REG181_S8/D
                                0.86           1.04 r        -0.18  (VIOLATED)
   DP_OP_1027J2_130_808/clk_r_REG1526_S8/D
                                0.85           1.04 r        -0.18  (VIOLATED)
   DP_OP_1031J2_134_808/clk_r_REG1439_S11/D
                                0.89           1.08 f        -0.18  (VIOLATED)
   u_is_array/gen_output[1].u_output_sync_fifo/clk_gate_gen_storage.storage_reg[0]/latch/E
                                0.34           0.52 r        -0.18  (VIOLATED)
   clk_r_REG2054_S11/D          0.85           1.03 r        -0.18  (VIOLATED)
   DP_OP_1028J2_131_808/clk_r_REG1257_S8/D
                                0.89           1.08 f        -0.18  (VIOLATED)
   DP_OP_1021J2_124_808/clk_r_REG652_S2/D
                                0.89           1.07 f        -0.18  (VIOLATED)
   DP_OP_1027J2_130_808/clk_r_REG1638_S8/D
                                0.89           1.08 f        -0.18  (VIOLATED)
   clk_r_REG966_S12/D           0.85           1.04 r        -0.18  (VIOLATED)
   clk_r_REG48_S12/D            0.84           1.02 r        -0.18  (VIOLATED)
   DP_OP_1023J2_126_808/clk_r_REG242_S5/D
                                0.89           1.07 f        -0.18  (VIOLATED)
   DP_OP_1030J2_133_808/clk_r_REG1042_S8/D
                                0.89           1.07 f        -0.18  (VIOLATED)
   DP_OP_1025J2_128_808/clk_r_REG841_S5/D
                                0.90           1.08 f        -0.18  (VIOLATED)
   DP_OP_1020J2_123_808/clk_r_REG1659_S2/D
                                0.86           1.04 r        -0.18  (VIOLATED)
   DP_OP_1026J2_129_808/clk_r_REG1682_S5/D
                                0.86           1.04 r        -0.18  (VIOLATED)
   clk_r_REG214_S6/D            0.85           1.03 r        -0.18  (VIOLATED)
   DP_OP_1021J2_124_808/clk_r_REG1269_S2/D
                                0.89           1.07 f        -0.18  (VIOLATED)
   DP_OP_1026J2_129_808/clk_r_REG1137_S5/D
                                0.86           1.04 r        -0.18  (VIOLATED)
   clk_r_REG143_S9/D            0.85           1.03 r        -0.18  (VIOLATED)
   DP_OP_1029J2_132_808/clk_r_REG827_S8/D
                                0.86           1.04 r        -0.18  (VIOLATED)
   clk_r_REG218_S6/D            0.85           1.03 r        -0.18  (VIOLATED)
   clk_r_REG1934_S2/D           0.85           1.03 r        -0.18  (VIOLATED)
   u_is_array/gen_output[1].u_output_sync_fifo/clk_gate_gen_storage.storage_reg[1]/latch/E
                                0.34           0.52 r        -0.18  (VIOLATED)
   DP_OP_1033J2_136_808/clk_r_REG1572_S11/D
                                0.86           1.04 r        -0.18  (VIOLATED)
   DP_OP_1023J2_126_808/clk_r_REG243_S5/D
                                0.89           1.07 f        -0.18  (VIOLATED)
   DP_OP_1026J2_129_808/clk_r_REG1138_S5/D
                                0.89           1.07 f        -0.18  (VIOLATED)
   DP_OP_1026J2_129_808/clk_r_REG1140_S5/D
                                0.89           1.07 r        -0.18  (VIOLATED)
   DP_OP_1026J2_129_808/clk_r_REG1106_S5/D
                                0.86           1.04 r        -0.18  (VIOLATED)
   DP_OP_1033J2_136_808/clk_r_REG763_S11/D
                                0.86           1.04 r        -0.18  (VIOLATED)
   u_is_array/gen_row[3].gen_col[1].pe_inst/clk_gate_input_valid_reg_reg/latch/E
                                0.33           0.51 r        -0.18  (VIOLATED)
   DP_OP_1033J2_136_808/clk_r_REG1675_S11/D
                                0.86           1.04 r        -0.18  (VIOLATED)
   DP_OP_1030J2_133_808/clk_r_REG1685_S8/D
                                0.86           1.03 r        -0.18  (VIOLATED)
   DP_OP_1034J2_137_808/clk_r_REG1028_S11/D
                                0.86           1.03 r        -0.18  (VIOLATED)
   DP_OP_1031J2_134_808/clk_r_REG1818_S11/D
                                0.86           1.03 r        -0.18  (VIOLATED)
   DP_OP_1022J2_125_808/clk_r_REG1288_S2/D
                                0.89           1.07 f        -0.18  (VIOLATED)
   DP_OP_1031J2_134_808/clk_r_REG1334_S11/D
                                0.89           1.07 f        -0.18  (VIOLATED)
   DP_OP_1027J2_130_808/clk_r_REG1639_S8/D
                                0.86           1.03 r        -0.18  (VIOLATED)
   DP_OP_1021J2_124_808/clk_r_REG1677_S2/D
                                0.86           1.03 r        -0.18  (VIOLATED)
   DP_OP_1026J2_129_808/clk_r_REG1117_S5/D
                                0.90           1.07 f        -0.18  (VIOLATED)
   DP_OP_1019J2_122_808/clk_r_REG322_S2/D
                                0.86           1.03 r        -0.18  (VIOLATED)
   DP_OP_1027J2_130_808/clk_r_REG191_S8/D
                                0.88           1.06 r        -0.17  (VIOLATED)
   DP_OP_1023J2_126_808/clk_r_REG237_S5/D
                                0.89           1.07 f        -0.17  (VIOLATED)
   DP_OP_1027J2_130_808/clk_r_REG1434_S8/D
                                0.89           1.07 f        -0.17  (VIOLATED)
   DP_OP_1020J2_123_808/clk_r_REG622_S2/D
                                0.86           1.03 r        -0.17  (VIOLATED)
   DP_OP_1020J2_123_808/clk_r_REG624_S2/D
                                0.86           1.03 r        -0.17  (VIOLATED)
   DP_OP_1033J2_136_808/clk_r_REG1575_S11/D
                                0.88           1.06 r        -0.17  (VIOLATED)
   DP_OP_1024J2_127_808/clk_r_REG1556_S5/D
                                0.90           1.07 r        -0.17  (VIOLATED)
   DP_OP_1026J2_129_808/clk_r_REG1116_S5/D
                                0.86           1.03 r        -0.17  (VIOLATED)
   DP_OP_1034J2_137_808/clk_r_REG975_S11/D
                                0.86           1.03 r        -0.17  (VIOLATED)
   clk_r_REG681_S12/D           0.85           1.02 r        -0.17  (VIOLATED)
   DP_OP_1032J2_135_808/clk_r_REG436_S11/D
                                0.85           1.03 r        -0.17  (VIOLATED)
   DP_OP_1031J2_134_808/clk_r_REG146_S11/D
                                0.89           1.06 f        -0.17  (VIOLATED)
   DP_OP_1025J2_128_808/clk_r_REG873_S5/D
                                0.86           1.03 r        -0.17  (VIOLATED)
   DP_OP_1021J2_124_808/clk_r_REG912_S2/D
                                0.89           1.07 f        -0.17  (VIOLATED)
   DP_OP_1033J2_136_808/clk_r_REG726_S11/D
                                0.89           1.06 f        -0.17  (VIOLATED)
   DP_OP_1022J2_125_808/clk_r_REG1180_S2/D
                                0.89           1.06 f        -0.17  (VIOLATED)
   DP_OP_1019J2_122_808/clk_r_REG1519_S2/D
                                0.89           1.06 r        -0.17  (VIOLATED)
   DP_OP_1031J2_134_808/clk_r_REG127_S11/D
                                0.89           1.06 r        -0.17  (VIOLATED)
   DP_OP_1029J2_132_808/clk_r_REG2042_S8/D
                                0.89           1.06 f        -0.17  (VIOLATED)
   u_is_array/gen_row[0].gen_col[3].pe_inst/clk_gate_input_valid_reg_reg/latch/E
                                0.34           0.51 f        -0.17  (VIOLATED)
   DP_OP_1028J2_131_808/clk_r_REG1744_S8/D
                                0.86           1.03 r        -0.17  (VIOLATED)
   DP_OP_1021J2_124_808/clk_r_REG1661_S2/D
                                0.86           1.03 r        -0.17  (VIOLATED)
   DP_OP_1027J2_130_808/clk_r_REG1330_S8/D
                                0.86           1.03 r        -0.17  (VIOLATED)
   DP_OP_1029J2_132_808/clk_r_REG1757_S8/D
                                0.86           1.03 r        -0.17  (VIOLATED)
   DP_OP_1033J2_136_808/clk_r_REG1860_S11/D
                                0.85           1.02 r        -0.17  (VIOLATED)
   clk_r_REG2107_S5/D           0.85           1.01 r        -0.17  (VIOLATED)
   DP_OP_1020J2_123_808/clk_r_REG617_S2/D
                                0.89           1.06 f        -0.17  (VIOLATED)
   DP_OP_1028J2_131_808/clk_r_REG1735_S8/D
                                0.86           1.02 r        -0.17  (VIOLATED)
   DP_OP_1027J2_130_808/clk_r_REG188_S8/D
                                0.86           1.03 r        -0.17  (VIOLATED)
   clk_r_REG764_S9/D            0.85           1.01 r        -0.17  (VIOLATED)
   DP_OP_1021J2_124_808/clk_r_REG1367_S2/D
                                0.89           1.06 f        -0.17  (VIOLATED)
   u_is_array/gen_row[2].gen_col[2].pe_inst/clk_gate_input_valid_reg_reg/latch/E
                                0.34           0.51 f        -0.17  (VIOLATED)
   DP_OP_1025J2_128_808/clk_r_REG848_S5/D
                                0.89           1.06 f        -0.17  (VIOLATED)
   clk_r_REG2081_S11/D          0.85           1.01 r        -0.17  (VIOLATED)
   clk_r_REG141_S9/D            0.85           1.02 r        -0.17  (VIOLATED)
   DP_OP_1034J2_137_808/clk_r_REG999_S11/D
                                0.89           1.06 r        -0.17  (VIOLATED)
   DP_OP_1023J2_126_808/clk_r_REG240_S5/D
                                0.89           1.06 f        -0.17  (VIOLATED)
   clk_r_REG147_S9/D            0.85           1.02 r        -0.17  (VIOLATED)
   clk_r_REG149_S9/D            0.85           1.02 r        -0.17  (VIOLATED)
   clk_r_REG151_S9/D            0.85           1.02 r        -0.17  (VIOLATED)
   DP_OP_1033J2_136_808/clk_r_REG1763_S11/D
                                0.86           1.03 r        -0.17  (VIOLATED)
   DP_OP_1029J2_132_808/clk_r_REG1764_S8/D
                                0.86           1.03 r        -0.17  (VIOLATED)
   DP_OP_1030J2_133_808/clk_r_REG1393_S8/D
                                0.89           1.06 f        -0.17  (VIOLATED)
   DP_OP_1023J2_126_808/clk_r_REG1825_S5/D
                                0.85           1.02 r        -0.17  (VIOLATED)
   DP_OP_1027J2_130_808/clk_r_REG189_S8/D
                                0.89           1.05 f        -0.17  (VIOLATED)
   DP_OP_1033J2_136_808/clk_r_REG731_S11/D
                                0.86           1.02 r        -0.17  (VIOLATED)
   DP_OP_1020J2_123_808/clk_r_REG615_S2/D
                                0.85           1.02 r        -0.17  (VIOLATED)
   DP_OP_1025J2_128_808/clk_r_REG2116_S5/D
                                0.85           1.02 r        -0.17  (VIOLATED)
   DP_OP_1033J2_136_808/clk_r_REG733_S11/D
                                0.86           1.02 r        -0.16  (VIOLATED)
   DP_OP_1027J2_130_808/clk_r_REG1525_S8/D
                                0.89           1.05 f        -0.16  (VIOLATED)
   DP_OP_1023J2_126_808/clk_r_REG1725_S5/D
                                0.86           1.02 r        -0.16  (VIOLATED)
   clk_r_REG960_S12/D           0.85           1.02 r        -0.16  (VIOLATED)
   clk_r_REG962_S12/D           0.85           1.02 r        -0.16  (VIOLATED)
   clk_r_REG963_S12/D           0.85           1.02 r        -0.16  (VIOLATED)
   DP_OP_1034J2_137_808/clk_r_REG1590_S11/D
                                0.89           1.05 r        -0.16  (VIOLATED)
   DP_OP_1023J2_126_808/clk_r_REG236_S5/D
                                0.90           1.06 f        -0.16  (VIOLATED)
   DP_OP_1024J2_127_808/clk_r_REG1348_S5/D
                                0.89           1.05 f        -0.16  (VIOLATED)
   DP_OP_1031J2_134_808/clk_r_REG2086_S11/D
                                0.85           1.02 r        -0.16  (VIOLATED)
   clk_r_REG133_S9/D            0.85           1.02 r        -0.16  (VIOLATED)
   DP_OP_1027J2_130_808/clk_r_REG1535_S8/D
                                0.88           1.05 r        -0.16  (VIOLATED)
   DP_OP_1019J2_122_808/clk_r_REG316_S2/D
                                0.89           1.06 f        -0.16  (VIOLATED)
   DP_OP_1021J2_124_808/clk_r_REG913_S2/D
                                0.89           1.05 r        -0.16  (VIOLATED)
   clk_r_REG691_S12/D           0.85           1.02 r        -0.16  (VIOLATED)
   DP_OP_1020J2_123_808/clk_r_REG1643_S2/D
                                0.86           1.02 r        -0.16  (VIOLATED)
   DP_OP_1031J2_134_808/clk_r_REG2010_S11/D
                                0.89           1.05 f        -0.16  (VIOLATED)
   DP_OP_1032J2_135_808/clk_r_REG459_S11/D
                                0.89           1.05 r        -0.16  (VIOLATED)
   DP_OP_1019J2_122_808/clk_r_REG1226_S2/D
                                0.89           1.05 f        -0.16  (VIOLATED)
   clk_r_REG137_S9/D            0.85           1.02 r        -0.16  (VIOLATED)
   clk_r_REG1007_S9/D           0.85           1.01 r        -0.16  (VIOLATED)
   DP_OP_1027J2_130_808/clk_r_REG1824_S8/D
                                0.85           1.01 r        -0.16  (VIOLATED)
   clk_r_REG1011_S9/D           0.85           1.01 r        -0.16  (VIOLATED)
   clk_r_REG745_S9/D            0.85           1.02 r        -0.16  (VIOLATED)
   DP_OP_1032J2_135_808/clk_r_REG418_S11/D
                                0.90           1.06 f        -0.16  (VIOLATED)
   DP_OP_1032J2_135_808/clk_r_REG416_S11/D
                                0.90           1.06 f        -0.16  (VIOLATED)
   DP_OP_1023J2_126_808/clk_r_REG2012_S5/D
                                0.89           1.05 f        -0.16  (VIOLATED)
   DP_OP_1034J2_137_808/clk_r_REG1397_S11/D
                                0.86           1.02 r        -0.16  (VIOLATED)
   DP_OP_1027J2_130_808/clk_r_REG163_S8/D
                                0.85           1.01 r        -0.16  (VIOLATED)
   clk_r_REG747_S9/D            0.85           1.02 r        -0.16  (VIOLATED)
   DP_OP_1021J2_124_808/clk_r_REG1268_S2/D
                                0.89           1.05 f        -0.16  (VIOLATED)
   DP_OP_1031J2_134_808/clk_r_REG1631_S11/D
                                0.89           1.05 r        -0.16  (VIOLATED)
   DP_OP_1029J2_132_808/clk_r_REG776_S8/D
                                0.89           1.05 f        -0.16  (VIOLATED)
   clk_r_REG741_S9/D            0.85           1.01 r        -0.16  (VIOLATED)
   clk_r_REG743_S9/D            0.85           1.01 r        -0.16  (VIOLATED)
   clk_r_REG1013_S9/D           0.85           1.02 r        -0.16  (VIOLATED)
   DP_OP_1021J2_124_808/clk_r_REG915_S2/D
                                0.86           1.02 r        -0.16  (VIOLATED)
   DP_OP_1022J2_125_808/clk_r_REG1179_S2/D
                                0.86           1.02 r        -0.16  (VIOLATED)
   clk_r_REG647_S9/D            0.85           1.01 r        -0.16  (VIOLATED)
   clk_r_REG1009_S9/D           0.85           1.02 r        -0.16  (VIOLATED)
   DP_OP_1032J2_135_808/clk_r_REG1652_S11/D
                                0.89           1.05 r        -0.16  (VIOLATED)
   clk_r_REG792_S6/D            0.85           1.01 r        -0.16  (VIOLATED)
   DP_OP_1020J2_123_808/clk_r_REG1729_S2/D
                                0.89           1.05 r        -0.16  (VIOLATED)
   DP_OP_1019J2_122_808/clk_r_REG1641_S2/D
                                0.86           1.02 r        -0.16  (VIOLATED)
   DP_OP_1024J2_127_808/clk_r_REG570_S5/D
                                0.89           1.05 f        -0.16  (VIOLATED)
   clk_r_REG800_S6/D            0.85           1.01 r        -0.16  (VIOLATED)
   DP_OP_1026J2_129_808/clk_r_REG1105_S5/D
                                0.90           1.06 f        -0.16  (VIOLATED)
   clk_r_REG830_S6/D            0.85           1.01 r        -0.16  (VIOLATED)
   clk_r_REG796_S6/D            0.85           1.01 r        -0.16  (VIOLATED)
   clk_r_REG804_S6/D            0.85           1.01 r        -0.16  (VIOLATED)
   clk_r_REG644_S6/D            0.85           1.01 r        -0.16  (VIOLATED)
   DP_OP_1032J2_135_808/clk_r_REG1743_S11/D
                                0.86           1.02 r        -0.16  (VIOLATED)
   DP_OP_1023J2_126_808/clk_r_REG1711_S5/D
                                0.86           1.02 r        -0.16  (VIOLATED)
   DP_OP_1034J2_137_808/clk_r_REG1780_S11/D
                                0.86           1.02 r        -0.16  (VIOLATED)
   DP_OP_1022J2_125_808/clk_r_REG1693_S2/D
                                0.89           1.05 f        -0.16  (VIOLATED)
   DP_OP_1027J2_130_808/clk_r_REG153_S8/D
                                0.89           1.05 f        -0.16  (VIOLATED)
   DP_OP_1020J2_123_808/clk_r_REG616_S2/D
                                0.86           1.01 r        -0.16  (VIOLATED)
   DP_OP_1032J2_135_808/clk_r_REG428_S11/D
                                0.89           1.05 f        -0.16  (VIOLATED)
   DP_OP_1034J2_137_808/clk_r_REG1027_S11/D
                                0.89           1.05 f        -0.16  (VIOLATED)
   DP_OP_1025J2_128_808/clk_r_REG869_S5/D
                                0.89           1.05 f        -0.16  (VIOLATED)
   clk_r_REG958_S12/D           0.85           1.01 r        -0.16  (VIOLATED)
   clk_r_REG693_S12/D           0.85           1.01 r        -0.16  (VIOLATED)
   clk_r_REG697_S12/D           0.85           1.01 r        -0.16  (VIOLATED)
   clk_r_REG695_S12/D           0.85           1.01 r        -0.16  (VIOLATED)
   DP_OP_1020J2_123_808/clk_r_REG1249_S2/D
                                0.89           1.05 f        -0.16  (VIOLATED)
   DP_OP_1019J2_122_808/clk_r_REG1427_S2/D
                                0.91           1.06 r        -0.16  (VIOLATED)
   DP_OP_1030J2_133_808/clk_r_REG1781_S8/D
                                0.86           1.02 r        -0.16  (VIOLATED)
   DP_OP_1027J2_130_808/clk_r_REG235_S8/D
                                0.89           1.05 f        -0.16  (VIOLATED)
   DP_OP_1025J2_128_808/clk_r_REG849_S5/D
                                0.90           1.06 f        -0.16  (VIOLATED)
   DP_OP_1025J2_128_808/clk_r_REG1473_S5/D
                                0.89           1.05 f        -0.16  (VIOLATED)
   DP_OP_1030J2_133_808/clk_r_REG1074_S8/D
                                0.86           1.01 r        -0.16  (VIOLATED)
   DP_OP_1028J2_131_808/clk_r_REG497_S8/D
                                0.86           1.02 r        -0.16  (VIOLATED)
   DP_OP_1025J2_128_808/clk_r_REG1862_S5/D
                                0.85           1.01 r        -0.16  (VIOLATED)
   DP_OP_1021J2_124_808/clk_r_REG1366_S2/D
                                0.89           1.05 f        -0.16  (VIOLATED)
   DP_OP_1027J2_130_808/clk_r_REG202_S8/D
                                0.85           1.01 r        -0.16  (VIOLATED)
   DP_OP_1033J2_136_808/clk_r_REG1857_S11/D
                                0.86           1.01 r        -0.16  (VIOLATED)
   DP_OP_1032J2_135_808/clk_r_REG419_S11/D
                                0.91           1.06 f        -0.16  (VIOLATED)
   clk_r_REG2187_S5/D           0.85           1.00 r        -0.16  (VIOLATED)
   DP_OP_1022J2_125_808/clk_r_REG1287_S2/D
                                0.89           1.05 f        -0.16  (VIOLATED)
   DP_OP_1019J2_122_808/clk_r_REG320_S2/D
                                0.86           1.01 r        -0.16  (VIOLATED)
   DP_OP_1034J2_137_808/clk_r_REG974_S11/D
                                0.89           1.05 f        -0.16  (VIOLATED)
   clk_r_REG480_S6/D            0.85           1.01 r        -0.16  (VIOLATED)
   DP_OP_1023J2_126_808/clk_r_REG239_S5/D
                                0.90           1.05 f        -0.16  (VIOLATED)
   DP_OP_1032J2_135_808/clk_r_REG1837_S11/D
                                0.89           1.05 r        -0.16  (VIOLATED)
   DP_OP_1028J2_131_808/clk_r_REG1842_S8/D
                                0.85           1.01 r        -0.16  (VIOLATED)
   DP_OP_1029J2_132_808/clk_r_REG1477_S8/D
                                0.89           1.05 f        -0.16  (VIOLATED)
   DP_OP_1027J2_130_808/clk_r_REG154_S8/D
                                0.89           1.05 f        -0.16  (VIOLATED)
   DP_OP_1032J2_135_808/clk_r_REG433_S11/D
                                0.89           1.05 r        -0.16  (VIOLATED)
   clk_r_REG208_S6/D            0.85           1.01 r        -0.16  (VIOLATED)
   u_is_array/gen_row[1].gen_col[3].pe_inst/clk_gate_partial_reg_reg/latch/E
                                0.34           0.49 r        -0.16  (VIOLATED)
   DP_OP_1030J2_133_808/clk_r_REG1093_S8/D
                                0.89           1.04 f        -0.16  (VIOLATED)
   clk_r_REG498_S6/D            0.85           1.01 r        -0.16  (VIOLATED)
   clk_r_REG484_S6/D            0.85           1.01 r        -0.15  (VIOLATED)
   DP_OP_1030J2_133_808/clk_r_REG1094_S8/D
                                0.86           1.01 r        -0.15  (VIOLATED)
   clk_r_REG336_S6/D            0.85           1.01 r        -0.15  (VIOLATED)
   DP_OP_1030J2_133_808/clk_r_REG1878_S8/D
                                0.85           1.01 r        -0.15  (VIOLATED)
   DP_OP_1026J2_129_808/clk_r_REG1782_S5/D
                                0.86           1.01 r        -0.15  (VIOLATED)
   DP_OP_1032J2_135_808/clk_r_REG409_S11/D
                                0.89           1.05 f        -0.15  (VIOLATED)
   u_is_array/gen_row[2].gen_col[3].pe_inst/clk_gate_partial_reg_reg/latch/E
                                0.34           0.49 r        -0.15  (VIOLATED)
   clk_r_REG6_S6/D              0.85           1.01 r        -0.15  (VIOLATED)
   DP_OP_1027J2_130_808/clk_r_REG203_S8/D
                                0.89           1.05 f        -0.15  (VIOLATED)
   DP_OP_1026J2_129_808/clk_r_REG1389_S5/D
                                0.89           1.04 f        -0.15  (VIOLATED)
   DP_OP_1023J2_126_808/clk_r_REG1812_S5/D
                                0.86           1.01 r        -0.15  (VIOLATED)
   DP_OP_1025J2_128_808/clk_r_REG837_S5/D
                                0.89           1.04 f        -0.15  (VIOLATED)
   DP_OP_1034J2_137_808/clk_r_REG1877_S11/D
                                0.85           1.01 r        -0.15  (VIOLATED)
   DP_OP_1027J2_130_808/clk_r_REG196_S8/D
                                0.86           1.01 r        -0.15  (VIOLATED)
   DP_OP_1034J2_137_808/clk_r_REG986_S11/D
                                0.85           1.00 r        -0.15  (VIOLATED)
   DP_OP_1028J2_131_808/clk_r_REG525_S8/D
                                0.89           1.04 r        -0.15  (VIOLATED)
   DP_OP_1025J2_128_808/clk_r_REG840_S5/D
                                0.89           1.04 f        -0.15  (VIOLATED)
   DP_OP_1023J2_126_808/clk_r_REG274_S5/D
                                0.89           1.04 r        -0.15  (VIOLATED)
   DP_OP_1027J2_130_808/clk_r_REG193_S8/D
                                0.89           1.04 r        -0.15  (VIOLATED)
   DP_OP_1021J2_124_808/clk_r_REG1951_S2/D
                                0.89           1.04 f        -0.15  (VIOLATED)
   DP_OP_1031J2_134_808/clk_r_REG1823_S11/D
                                0.90           1.05 r        -0.15  (VIOLATED)
   DP_OP_1019J2_122_808/clk_r_REG319_S2/D
                                0.89           1.04 f        -0.15  (VIOLATED)
   DP_OP_1025J2_128_808/clk_r_REG838_S5/D
                                0.89           1.04 f        -0.15  (VIOLATED)
   DP_OP_1030J2_133_808/clk_r_REG1775_S8/D
                                0.86           1.01 r        -0.15  (VIOLATED)
   DP_OP_1020J2_123_808/clk_r_REG621_S2/D
                                0.89           1.04 f        -0.15  (VIOLATED)
   DP_OP_1026J2_129_808/clk_r_REG1103_S5/D
                                0.89           1.04 f        -0.15  (VIOLATED)
   DP_OP_1026J2_129_808/clk_r_REG1120_S5/D
                                0.90           1.05 f        -0.15  (VIOLATED)
   DP_OP_1032J2_135_808/clk_r_REG410_S11/D
                                0.90           1.05 f        -0.15  (VIOLATED)
   DP_OP_1033J2_136_808/clk_r_REG700_S11/D
                                0.89           1.04 f        -0.15  (VIOLATED)
   DP_OP_1019J2_122_808/clk_r_REG1708_S2/D
                                0.89           1.04 r        -0.15  (VIOLATED)
   DP_OP_1030J2_133_808/clk_r_REG1095_S8/D
                                0.89           1.04 f        -0.15  (VIOLATED)
   DP_OP_1024J2_127_808/clk_r_REG1831_S5/D
                                0.89           1.04 r        -0.15  (VIOLATED)
   DP_OP_1032J2_135_808/clk_r_REG1742_S11/D
                                0.89           1.04 f        -0.15  (VIOLATED)
   DP_OP_1023J2_126_808/clk_r_REG1247_S5/D
                                0.90           1.05 f        -0.15  (VIOLATED)
   DP_OP_1031J2_134_808/clk_r_REG1717_S11/D
                                0.89           1.04 r        -0.15  (VIOLATED)
   DP_OP_1025J2_128_808/clk_r_REG1564_S5/D
                                0.89           1.04 f        -0.15  (VIOLATED)
   clk_r_REG44_S12/D            0.85           1.00 r        -0.15  (VIOLATED)
   clk_r_REG56_S12/D            0.85           1.00 r        -0.15  (VIOLATED)
   DP_OP_1032J2_135_808/clk_r_REG415_S11/D
                                0.86           1.01 r        -0.15  (VIOLATED)
   clk_r_REG40_S12/D            0.85           1.00 r        -0.15  (VIOLATED)
   DP_OP_1027J2_130_808/clk_r_REG1815_S8/D
                                0.86           1.01 r        -0.15  (VIOLATED)
   clk_r_REG683_S12/D           0.85           1.00 r        -0.15  (VIOLATED)
   DP_OP_1025J2_128_808/clk_r_REG2043_S5/D
                                0.89           1.04 f        -0.15  (VIOLATED)
   u_is_array/gen_output[0].u_output_sync_fifo/clk_gate_gen_storage.storage_reg[1]/latch/E
                                0.34           0.49 r        -0.15  (VIOLATED)
   clk_r_REG689_S12/D           0.85           1.00 r        -0.15  (VIOLATED)
   clk_r_REG12_S12/D            0.85           1.00 r        -0.15  (VIOLATED)
   clk_r_REG1098_S6/D           0.85           1.00 r        -0.15  (VIOLATED)
   DP_OP_1022J2_125_808/clk_r_REG1679_S2/D
                                0.86           1.00 r        -0.15  (VIOLATED)
   DP_OP_1023J2_126_808/clk_r_REG1326_S5/D
                                0.89           1.04 f        -0.15  (VIOLATED)
   clk_r_REG687_S12/D           0.85           1.00 r        -0.15  (VIOLATED)
   DP_OP_1027J2_130_808/clk_r_REG156_S8/D
                                0.91           1.06 r        -0.15  (VIOLATED)
   DP_OP_1026J2_129_808/clk_r_REG1869_S5/D
                                0.89           1.04 r        -0.15  (VIOLATED)
   DP_OP_1025J2_128_808/clk_r_REG1851_S5/D
                                0.86           1.00 r        -0.15  (VIOLATED)
   DP_OP_1029J2_132_808/clk_r_REG826_S8/D
                                0.89           1.04 r        -0.15  (VIOLATED)
   DP_OP_1033J2_136_808/clk_r_REG1571_S11/D
                                0.89           1.04 r        -0.15  (VIOLATED)
   u_is_array/gen_row[2].gen_col[3].pe_inst/clk_gate_weight_reg_reg/latch/E
                                0.34           0.48 r        -0.15  (VIOLATED)
   u_is_array/gen_row[2].gen_col[3].pe_inst/clk_gate_partial_out_reg/latch/E
                                0.34           0.48 r        -0.15  (VIOLATED)
   DP_OP_1031J2_134_808/clk_r_REG145_S11/D
                                0.86           1.00 r        -0.15  (VIOLATED)
   DP_OP_1023J2_126_808/clk_r_REG1246_S5/D
                                0.90           1.04 f        -0.15  (VIOLATED)
   clk_r_REG2164_S11/D          0.85           1.00 r        -0.15  (VIOLATED)
   DP_OP_1029J2_132_808/clk_r_REG802_S8/D
                                0.86           1.00 r        -0.15  (VIOLATED)
   u_is_array/gen_row[1].gen_col[3].pe_inst/clk_gate_partial_out_reg/latch/E
                                0.34           0.48 r        -0.15  (VIOLATED)
   clk_r_REG1100_S6/D           0.85           1.00 r        -0.15  (VIOLATED)
   DP_OP_1030J2_133_808/clk_r_REG1041_S8/D
                                0.89           1.04 f        -0.15  (VIOLATED)
   DP_OP_1030J2_133_808/clk_r_REG1872_S8/D
                                0.86           1.00 r        -0.15  (VIOLATED)
   DP_OP_1034J2_137_808/clk_r_REG1688_S11/D
                                0.89           1.04 r        -0.15  (VIOLATED)
   u_is_array/gen_row[1].gen_col[3].pe_inst/clk_gate_weight_reg_reg/latch/E
                                0.34           0.48 r        -0.15  (VIOLATED)
   clk_r_REG1096_S6/D           0.85           1.00 r        -0.14  (VIOLATED)
   clk_r_REG1091_S6/D           0.85           1.00 r        -0.14  (VIOLATED)
   DP_OP_1024J2_127_808/clk_r_REG1745_S5/D
                                0.89           1.04 f        -0.14  (VIOLATED)
   DP_OP_1034J2_137_808/clk_r_REG1875_S11/D
                                0.86           1.00 r        -0.14  (VIOLATED)
   DP_OP_1031J2_134_808/clk_r_REG1530_S11/D
                                0.86           1.00 r        -0.14  (VIOLATED)
   DP_OP_1029J2_132_808/clk_r_REG1374_S8/D
                                0.89           1.04 f        -0.14  (VIOLATED)
   DP_OP_1028J2_131_808/clk_r_REG1834_S8/D
                                0.86           1.00 r        -0.14  (VIOLATED)
   DP_OP_1023J2_126_808/clk_r_REG288_S5/D
                                0.89           1.04 f        -0.14  (VIOLATED)
   clk_r_REG1031_S9/D           0.85           1.00 r        -0.14  (VIOLATED)
   DP_OP_1020J2_123_808/clk_r_REG612_S2/D
                                0.85           1.00 r        -0.14  (VIOLATED)
   clk_r_REG766_S9/D            0.85           1.00 r        -0.14  (VIOLATED)
   DP_OP_1034J2_137_808/clk_r_REG1305_S11/D
                                0.89           1.03 f        -0.14  (VIOLATED)
   DP_OP_1022J2_125_808/clk_r_REG1183_S2/D
                                0.89           1.03 f        -0.14  (VIOLATED)
   clk_r_REG1029_S9/D           0.85           0.99 r        -0.14  (VIOLATED)
   DP_OP_1029J2_132_808/clk_r_REG799_S8/D
                                0.89           1.04 f        -0.14  (VIOLATED)
   DP_OP_1032J2_135_808/clk_r_REG421_S11/D
                                0.90           1.04 f        -0.14  (VIOLATED)
   DP_OP_1019J2_122_808/clk_r_REG1621_S2/D
                                0.86           1.00 r        -0.14  (VIOLATED)
   DP_OP_1025J2_128_808/clk_r_REG835_S5/D
                                0.89           1.03 f        -0.14  (VIOLATED)
   clk_r_REG768_S9/D            0.85           0.99 r        -0.14  (VIOLATED)
   clk_r_REG397_S12/D           0.91           1.05 f        -0.14  (VIOLATED)
   DP_OP_1026J2_129_808/clk_r_REG1108_S5/D
                                0.86           1.00 r        -0.14  (VIOLATED)
   DP_OP_1028J2_131_808/clk_r_REG1352_S8/D
                                0.89           1.03 f        -0.14  (VIOLATED)
   DP_OP_1026J2_129_808/clk_r_REG1102_S5/D
                                0.90           1.04 f        -0.14  (VIOLATED)
   clk_r_REG724_S9/D            0.84           0.98 r        -0.14  (VIOLATED)
   clk_r_REG1033_S9/D           0.85           0.99 r        -0.14  (VIOLATED)
   DP_OP_1030J2_133_808/clk_r_REG1039_S8/D
                                0.89           1.03 f        -0.14  (VIOLATED)
   DP_OP_1025J2_128_808/clk_r_REG852_S5/D
                                0.90           1.04 f        -0.14  (VIOLATED)
   DP_OP_1027J2_130_808/clk_r_REG1724_S8/D
                                0.86           1.00 r        -0.14  (VIOLATED)
   clk_r_REG2045_S2/D           0.85           0.98 r        -0.14  (VIOLATED)
   DP_OP_1030J2_133_808/clk_r_REG1049_S8/D
                                0.89           1.03 f        -0.14  (VIOLATED)
   DP_OP_1023J2_126_808/clk_r_REG285_S5/D
                                0.86           1.00 r        -0.14  (VIOLATED)
   DP_OP_1024J2_127_808/clk_r_REG543_S5/D
                                0.89           1.03 f        -0.14  (VIOLATED)
   DP_OP_1029J2_132_808/clk_r_REG1854_S8/D
                                0.85           0.99 r        -0.14  (VIOLATED)
   DP_OP_1025J2_128_808/clk_r_REG878_S5/D
                                0.86           1.00 r        -0.14  (VIOLATED)
   DP_OP_1034J2_137_808/clk_r_REG998_S11/D
                                0.86           1.00 r        -0.14  (VIOLATED)
   DP_OP_1033J2_136_808/clk_r_REG1671_S11/D
                                0.89           1.03 r        -0.14  (VIOLATED)
   DP_OP_1032J2_135_808/clk_r_REG1356_S11/D
                                0.86           1.00 r        -0.14  (VIOLATED)
   u_is_array/gen_row[2].gen_col[3].pe_inst/clk_gate_accumulator_reg/latch/E
                                0.34           0.48 r        -0.14  (VIOLATED)
   clk_r_REG3086_S1/D           0.91           1.04 r        -0.14  (VIOLATED)
   u_is_array/gen_row[1].gen_col[3].pe_inst/clk_gate_accumulator_reg/latch/E
                                0.34           0.48 r        -0.14  (VIOLATED)
   clk_r_REG828_S6/D            0.85           0.99 r        -0.14  (VIOLATED)
   DP_OP_1024J2_127_808/clk_r_REG572_S5/D
                                0.89           1.03 f        -0.14  (VIOLATED)
   clk_r_REG832_S6/D            0.85           0.99 r        -0.14  (VIOLATED)
   DP_OP_1030J2_133_808/clk_r_REG1050_S8/D
                                0.90           1.04 f        -0.14  (VIOLATED)
   DP_OP_1030J2_133_808/clk_r_REG1036_S8/D
                                0.89           1.03 f        -0.14  (VIOLATED)
   DP_OP_1025J2_128_808/clk_r_REG851_S5/D
                                0.90           1.03 f        -0.14  (VIOLATED)
   DP_OP_1030J2_133_808/clk_r_REG1038_S8/D
                                0.90           1.03 f        -0.14  (VIOLATED)
   DP_OP_1025J2_128_808/clk_r_REG1563_S5/D
                                0.89           1.03 f        -0.14  (VIOLATED)
   DP_OP_1027J2_130_808/clk_r_REG1627_S8/D
                                0.89           1.03 r        -0.14  (VIOLATED)
   DP_OP_1027J2_130_808/clk_r_REG200_S8/D
                                0.89           1.02 r        -0.13  (VIOLATED)
   DP_OP_1024J2_127_808/clk_r_REG542_S5/D
                                0.89           1.03 f        -0.13  (VIOLATED)
   DP_OP_1029J2_132_808/clk_r_REG803_S8/D
                                0.89           1.02 r        -0.13  (VIOLATED)
   clk_r_REG761_S9/D            0.85           0.99 r        -0.13  (VIOLATED)
   clk_r_REG1080_S6/D           0.85           0.99 r        -0.13  (VIOLATED)
   DP_OP_1032J2_135_808/clk_r_REG1738_S11/D
                                0.86           0.99 r        -0.13  (VIOLATED)
   DP_OP_1024J2_127_808/clk_r_REG1732_S5/D
                                0.86           0.99 r        -0.13  (VIOLATED)
   DP_OP_1023J2_126_808/clk_r_REG287_S5/D
                                0.86           0.99 r        -0.13  (VIOLATED)
   DP_OP_1028J2_131_808/clk_r_REG490_S8/D
                                0.86           0.99 r        -0.13  (VIOLATED)
   clk_r_REG1089_S6/D           0.85           0.99 r        -0.13  (VIOLATED)
   DP_OP_1030J2_133_808/clk_r_REG1073_S8/D
                                0.89           1.02 f        -0.13  (VIOLATED)
   clk_r_REG1084_S6/D           0.85           0.99 r        -0.13  (VIOLATED)
   u_is_array/gen_row[1].gen_col[3].pe_inst/clk_gate_input_valid_reg_reg/latch/E
                                0.33           0.47 r        -0.13  (VIOLATED)
   DP_OP_1023J2_126_808/clk_r_REG286_S5/D
                                0.89           1.02 r        -0.13  (VIOLATED)
   DP_OP_1024J2_127_808/clk_r_REG582_S5/D
                                0.89           1.03 f        -0.13  (VIOLATED)
   clk_r_REG1071_S6/D           0.85           0.99 r        -0.13  (VIOLATED)
   DP_OP_1033J2_136_808/clk_r_REG730_S11/D
                                0.89           1.02 r        -0.13  (VIOLATED)
   clk_r_REG197_S6/D            0.85           0.98 r        -0.13  (VIOLATED)
   DP_OP_1020J2_123_808/clk_r_REG614_S2/D
                                0.88           1.02 r        -0.13  (VIOLATED)
   DP_OP_1026J2_129_808/clk_r_REG1772_S5/D
                                0.86           0.99 r        -0.13  (VIOLATED)
   DP_OP_1034J2_137_808/clk_r_REG1004_S11/D
                                0.89           1.03 f        -0.13  (VIOLATED)
   DP_OP_1029J2_132_808/clk_r_REG798_S8/D
                                0.86           0.99 r        -0.13  (VIOLATED)
   DP_OP_1032J2_135_808/clk_r_REG422_S11/D
                                0.86           0.99 r        -0.13  (VIOLATED)
   DP_OP_1034J2_137_808/clk_r_REG1304_S11/D
                                0.90           1.03 f        -0.13  (VIOLATED)
   clk_r_REG68_S12/D            0.85           0.98 r        -0.13  (VIOLATED)
   DP_OP_1025J2_128_808/clk_r_REG834_S5/D
                                0.90           1.03 f        -0.13  (VIOLATED)
   DP_OP_1033J2_136_808/clk_r_REG1480_S11/D
                                0.89           1.02 f        -0.13  (VIOLATED)
   DP_OP_1026J2_129_808/clk_r_REG1119_S5/D
                                0.86           0.99 r        -0.13  (VIOLATED)
   clk_r_REG808_S6/D            0.85           0.98 r        -0.13  (VIOLATED)
   DP_OP_1028J2_131_808/clk_r_REG1930_S8/D
                                0.85           0.98 r        -0.13  (VIOLATED)
   clk_r_REG2161_S8/D           0.85           0.98 r        -0.13  (VIOLATED)
   DP_OP_1032J2_135_808/clk_r_REG435_S11/D
                                0.89           1.02 r        -0.13  (VIOLATED)
   DP_OP_1019J2_122_808/clk_r_REG1322_S2/D
                                0.89           1.02 f        -0.13  (VIOLATED)
   clk_r_REG60_S12/D            0.85           0.98 r        -0.13  (VIOLATED)
   clk_r_REG64_S12/D            0.85           0.98 r        -0.13  (VIOLATED)
   DP_OP_1020J2_123_808/clk_r_REG1344_S2/D
                                0.89           1.02 f        -0.13  (VIOLATED)
   DP_OP_1024J2_127_808/clk_r_REG550_S5/D
                                0.89           1.02 f        -0.13  (VIOLATED)
   DP_OP_1021J2_124_808/clk_r_REG911_S2/D
                                0.89           1.02 r        -0.13  (VIOLATED)
   DP_OP_1029J2_132_808/clk_r_REG1567_S8/D
                                0.89           1.02 f        -0.13  (VIOLATED)
   DP_OP_1021J2_124_808/clk_r_REG1469_S2/D
                                0.89           1.02 f        -0.13  (VIOLATED)
   DP_OP_1033J2_136_808/clk_r_REG1760_S11/D
                                0.89           1.02 r        -0.13  (VIOLATED)
   clk_r_REG204_S6/D            0.85           0.98 r        -0.13  (VIOLATED)
   clk_r_REG206_S6/D            0.85           0.98 r        -0.13  (VIOLATED)
   DP_OP_1027J2_130_808/clk_r_REG2011_S8/D
                                0.89           1.02 f        -0.13  (VIOLATED)
   DP_OP_1022J2_125_808/clk_r_REG1385_S2/D
                                0.89           1.02 f        -0.13  (VIOLATED)
   clk_r_REG1025_S9/D           0.85           0.98 r        -0.13  (VIOLATED)
   DP_OP_1030J2_133_808/clk_r_REG1494_S8/D
                                0.89           1.02 f        -0.13  (VIOLATED)
   DP_OP_1026J2_129_808/clk_r_REG1139_S5/D
                                0.89           1.02 f        -0.13  (VIOLATED)
   clk_r_REG824_S6/D            0.85           0.98 r        -0.13  (VIOLATED)
   DP_OP_1025J2_128_808/clk_r_REG879_S5/D
                                0.89           1.01 r        -0.13  (VIOLATED)
   DP_OP_1034J2_137_808/clk_r_REG2056_S11/D
                                0.89           1.01 f        -0.13  (VIOLATED)
   DP_OP_1019J2_122_808/clk_r_REG314_S2/D
                                0.85           0.98 r        -0.13  (VIOLATED)
   clk_r_REG641_S3/D            0.85           0.98 r        -0.13  (VIOLATED)
   DP_OP_1024J2_127_808/clk_r_REG551_S5/D
                                0.90           1.02 f        -0.13  (VIOLATED)
   clk_r_REG333_S3/D            0.85           0.98 r        -0.13  (VIOLATED)
   clk_r_REG931_S3/D            0.85           0.98 r        -0.13  (VIOLATED)
   DP_OP_1031J2_134_808/clk_r_REG126_S11/D
                                0.86           0.98 r        -0.12  (VIOLATED)
   DP_OP_1031J2_134_808/clk_r_REG1438_S11/D
                                0.89           1.02 f        -0.12  (VIOLATED)
   DP_OP_1029J2_132_808/clk_r_REG775_S8/D
                                0.89           1.01 f        -0.12  (VIOLATED)
   DP_OP_1021J2_124_808/clk_r_REG1765_S2/D
                                0.85           0.98 r        -0.12  (VIOLATED)
   clk_r_REG2158_S5/D           0.85           0.97 r        -0.12  (VIOLATED)
   DP_OP_1030J2_133_808/clk_r_REG2057_S8/D
                                0.89           1.01 f        -0.12  (VIOLATED)
   DP_OP_1024J2_127_808/clk_r_REG581_S5/D
                                0.86           0.98 r        -0.12  (VIOLATED)
   DP_OP_1027J2_130_808/clk_r_REG201_S8/D
                                0.89           1.01 r        -0.12  (VIOLATED)
   DP_OP_1028J2_131_808/clk_r_REG491_S8/D
                                0.89           1.01 r        -0.12  (VIOLATED)
   DP_OP_1030J2_133_808/clk_r_REG1035_S8/D
                                0.90           1.02 f        -0.12  (VIOLATED)
   clk_r_REG439_S9/D            0.85           0.98 r        -0.12  (VIOLATED)
   DP_OP_1028J2_131_808/clk_r_REG2027_S8/D
                                0.89           1.01 f        -0.12  (VIOLATED)
   DP_OP_1021J2_124_808/clk_r_REG910_S2/D
                                0.85           0.98 r        -0.12  (VIOLATED)
   clk_r_REG2193_S11/D          0.85           0.97 r        -0.12  (VIOLATED)
   clk_r_REG437_S9/D            0.85           0.98 r        -0.12  (VIOLATED)
   clk_r_REG425_S9/D            0.85           0.97 r        -0.12  (VIOLATED)
   clk_r_REG530_S6/D            0.85           0.97 r        -0.12  (VIOLATED)
   DP_OP_1031J2_134_808/clk_r_REG1529_S11/D
                                0.89           1.01 f        -0.12  (VIOLATED)
   clk_r_REG339_S9/D            0.85           0.97 r        -0.12  (VIOLATED)
   DP_OP_1027J2_130_808/clk_r_REG199_S8/D
                                0.89           1.01 r        -0.12  (VIOLATED)
   DP_OP_1022J2_125_808/clk_r_REG1178_S2/D
                                0.85           0.98 r        -0.12  (VIOLATED)
   DP_OP_1028J2_131_808/clk_r_REG1922_S8/D
                                0.85           0.97 r        -0.12  (VIOLATED)
   clk_r_REG431_S9/D            0.85           0.97 r        -0.12  (VIOLATED)
   DP_OP_1034J2_137_808/clk_r_REG1778_S11/D
                                0.89           1.01 r        -0.12  (VIOLATED)
   DP_OP_1019J2_122_808/clk_r_REG315_S2/D
                                0.89           1.01 r        -0.12  (VIOLATED)
   DP_OP_1019J2_122_808/clk_r_REG312_S2/D
                                0.85           0.97 r        -0.12  (VIOLATED)
   clk_r_REG186_S6/D            0.85           0.97 r        -0.12  (VIOLATED)
   DP_OP_1027J2_130_808/clk_r_REG1433_S8/D
                                0.89           1.01 f        -0.12  (VIOLATED)
   DP_OP_1034J2_137_808/clk_r_REG1498_S11/D
                                0.86           0.98 r        -0.12  (VIOLATED)
   clk_r_REG2190_S8/D           0.85           0.97 r        -0.12  (VIOLATED)
   DP_OP_1033J2_136_808/clk_r_REG649_S11/D
                                0.86           0.98 r        -0.12  (VIOLATED)
   DP_OP_1024J2_127_808/clk_r_REG1453_S5/D
                                0.89           1.01 f        -0.12  (VIOLATED)
   clk_r_REG528_S6/D            0.85           0.97 r        -0.12  (VIOLATED)
   DP_OP_1032J2_135_808/clk_r_REG427_S11/D
                                0.89           1.01 r        -0.12  (VIOLATED)
   clk_r_REG526_S6/D            0.85           0.97 r        -0.12  (VIOLATED)
   DP_OP_1033J2_136_808/clk_r_REG2041_S11/D
                                0.89           1.00 f        -0.12  (VIOLATED)
   DP_OP_1027J2_130_808/clk_r_REG1911_S8/D
                                0.85           0.97 r        -0.12  (VIOLATED)
   DP_OP_1030J2_133_808/clk_r_REG1067_S8/D
                                0.89           1.01 f        -0.12  (VIOLATED)
   DP_OP_1034J2_137_808/clk_r_REG971_S11/D
                                0.85           0.97 r        -0.12  (VIOLATED)
   DP_OP_1026J2_129_808/clk_r_REG933_S5/D
                                0.86           0.97 r        -0.12  (VIOLATED)
   DP_OP_1033J2_136_808/clk_r_REG738_S11/D
                                0.89           1.01 f        -0.11  (VIOLATED)
   clk_r_REG2206_S11/D          0.85           0.96 r        -0.11  (VIOLATED)
   DP_OP_1033J2_136_808/clk_r_REG702_S11/D
                                0.89           1.01 f        -0.11  (VIOLATED)
   DP_OP_1033J2_136_808/clk_r_REG735_S11/D
                                0.89           1.00 r        -0.11  (VIOLATED)
   DP_OP_1022J2_125_808/clk_r_REG1769_S2/D
                                0.86           0.97 r        -0.11  (VIOLATED)
   DP_OP_1027J2_130_808/clk_r_REG162_S8/D
                                0.89           1.00 f        -0.11  (VIOLATED)
   clk_r_REG2173_S5/D           0.85           0.96 r        -0.11  (VIOLATED)
   DP_OP_1023J2_126_808/clk_r_REG1912_S5/D
                                0.85           0.96 r        -0.11  (VIOLATED)
   clk_r_REG394_S12/D           0.85           0.97 r        -0.11  (VIOLATED)
   DP_OP_1031J2_134_808/clk_r_REG26_S11/D
                                0.89           1.00 f        -0.11  (VIOLATED)
   clk_r_REG2119_S2/D           0.85           0.96 r        -0.11  (VIOLATED)
   DP_OP_1022J2_125_808/clk_r_REG1177_S2/D
                                0.86           0.97 r        -0.11  (VIOLATED)
   clk_r_REG36_S12/D            0.85           0.97 r        -0.11  (VIOLATED)
   DP_OP_1027J2_130_808/clk_r_REG234_S8/D
                                0.85           0.96 r        -0.11  (VIOLATED)
   DP_OP_1021J2_124_808/clk_r_REG1750_S2/D
                                0.86           0.97 r        -0.11  (VIOLATED)
   u_is_array/gen_output[0].u_output_sync_fifo/clk_gate_gen_storage.storage_reg[0]/latch/E
                                0.33           0.45 r        -0.11  (VIOLATED)
   DP_OP_1025J2_128_808/clk_r_REG881_S5/D
                                0.89           1.01 f        -0.11  (VIOLATED)
   clk_r_REG2200_S5/D           0.85           0.96 r        -0.11  (VIOLATED)
   DP_OP_1033J2_136_808/clk_r_REG699_S11/D
                                0.85           0.96 r        -0.11  (VIOLATED)
   DP_OP_1029J2_132_808/clk_r_REG1861_S8/D
                                0.90           1.01 r        -0.11  (VIOLATED)
   DP_OP_1031J2_134_808/clk_r_REG2005_S11/D
                                0.86           0.97 r        -0.11  (VIOLATED)
   DP_OP_1031J2_134_808/clk_r_REG27_S11/D
                                0.89           1.00 f        -0.11  (VIOLATED)
   DP_OP_1033J2_136_808/clk_r_REG1948_S11/D
                                0.85           0.96 r        -0.11  (VIOLATED)
   DP_OP_1031J2_134_808/clk_r_REG119_S11/D
                                0.89           1.00 f        -0.11  (VIOLATED)
   clk_r_REG759_S9/D            0.85           0.96 r        -0.11  (VIOLATED)
   clk_r_REG749_S9/D            0.85           0.96 r        -0.11  (VIOLATED)
   clk_r_REG753_S9/D            0.85           0.96 r        -0.11  (VIOLATED)
   u_is_array/gen_row[3].gen_col[2].pe_inst/clk_gate_input_valid_reg_reg/latch/E
                                0.33           0.44 r        -0.11  (VIOLATED)
   clk_r_REG558_S3/D            0.85           0.96 r        -0.11  (VIOLATED)
   clk_r_REG583_S3/D            0.85           0.96 r        -0.11  (VIOLATED)
   clk_r_REG1015_S9/D           0.85           0.96 r        -0.11  (VIOLATED)
   DP_OP_1034J2_137_808/clk_r_REG985_S11/D
                                0.89           1.00 f        -0.11  (VIOLATED)
   clk_r_REG1023_S9/D           0.85           0.96 r        -0.11  (VIOLATED)
   clk_r_REG813_S6/D            0.85           0.96 r        -0.11  (VIOLATED)
   clk_r_REG585_S3/D            0.85           0.96 r        -0.11  (VIOLATED)
   clk_r_REG822_S6/D            0.85           0.96 r        -0.11  (VIOLATED)
   clk_r_REG589_S3/D            0.85           0.96 r        -0.11  (VIOLATED)
   clk_r_REG593_S3/D            0.85           0.96 r        -0.11  (VIOLATED)
   clk_r_REG2072_S2/D           0.85           0.96 r        -0.11  (VIOLATED)
   DP_OP_1020J2_123_808/clk_r_REG613_S2/D
                                0.89           1.00 r        -0.11  (VIOLATED)
   clk_r_REG566_S3/D            0.85           0.95 r        -0.11  (VIOLATED)
   DP_OP_1032J2_135_808/clk_r_REG420_S11/D
                                0.85           0.96 r        -0.11  (VIOLATED)
   DP_OP_1027J2_130_808/clk_r_REG1902_S8/D
                                0.86           0.96 r        -0.11  (VIOLATED)
   DP_OP_1026J2_129_808/clk_r_REG1147_S5/D
                                0.89           1.00 f        -0.11  (VIOLATED)
   clk_r_REG1148_S3/D           0.85           0.96 r        -0.11  (VIOLATED)
   clk_r_REG817_S6/D            0.85           0.96 r        -0.11  (VIOLATED)
   clk_r_REG500_S6/D            0.85           0.96 r        -0.11  (VIOLATED)
   DP_OP_1033J2_136_808/clk_r_REG737_S11/D
                                0.86           0.96 r        -0.11  (VIOLATED)
   DP_OP_1030J2_133_808/clk_r_REG1066_S8/D
                                0.86           0.96 r        -0.11  (VIOLATED)
   clk_r_REG1019_S9/D           0.85           0.96 r        -0.11  (VIOLATED)
   clk_r_REG135_S9/D            0.85           0.96 r        -0.11  (VIOLATED)
   clk_r_REG1150_S3/D           0.85           0.96 r        -0.11  (VIOLATED)
   clk_r_REG1160_S3/D           0.85           0.96 r        -0.11  (VIOLATED)
   clk_r_REG1142_S3/D           0.85           0.96 r        -0.11  (VIOLATED)
   clk_r_REG1156_S3/D           0.85           0.96 r        -0.11  (VIOLATED)
   DP_OP_1022J2_125_808/clk_r_REG1970_S2/D
                                0.89           0.99 f        -0.11  (VIOLATED)
   DP_OP_1031J2_134_808/clk_r_REG115_S11/D
                                0.85           0.96 r        -0.10  (VIOLATED)
   clk_r_REG996_S9/D            0.85           0.96 r        -0.10  (VIOLATED)
   clk_r_REG882_S3/D            0.85           0.96 r        -0.10  (VIOLATED)
   clk_r_REG876_S3/D            0.85           0.96 r        -0.10  (VIOLATED)
   clk_r_REG886_S3/D            0.85           0.96 r        -0.10  (VIOLATED)
   clk_r_REG888_S3/D            0.85           0.96 r        -0.10  (VIOLATED)
   DP_OP_1025J2_128_808/clk_r_REG1665_S5/D
                                0.89           1.00 f        -0.10  (VIOLATED)
   clk_r_REG892_S3/D            0.85           0.96 r        -0.10  (VIOLATED)
   clk_r_REG577_S3/D            0.85           0.96 r        -0.10  (VIOLATED)
   DP_OP_1033J2_136_808/clk_r_REG734_S11/D
                                0.89           0.99 r        -0.10  (VIOLATED)
   clk_r_REG492_S6/D            0.85           0.95 r        -0.10  (VIOLATED)
   DP_OP_1023J2_126_808/clk_r_REG1899_S5/D
                                0.85           0.96 r        -0.10  (VIOLATED)
   clk_r_REG591_S3/D            0.85           0.96 r        -0.10  (VIOLATED)
   clk_r_REG890_S3/D            0.85           0.96 r        -0.10  (VIOLATED)
   clk_r_REG1154_S3/D           0.85           0.96 r        -0.10  (VIOLATED)
   clk_r_REG1135_S3/D           0.85           0.96 r        -0.10  (VIOLATED)
   DP_OP_1028J2_131_808/clk_r_REG502_S8/D
                                0.89           0.99 r        -0.10  (VIOLATED)
   clk_r_REG575_S3/D            0.85           0.96 r        -0.10  (VIOLATED)
   DP_OP_1027J2_130_808/clk_r_REG1714_S8/D
                                0.89           0.99 f        -0.10  (VIOLATED)
   clk_r_REG1124_S3/D           0.85           0.95 r        -0.10  (VIOLATED)
   DP_OP_1025J2_128_808/clk_r_REG880_S5/D
                                0.86           0.96 r        -0.10  (VIOLATED)
   clk_r_REG2225_S5/D           0.85           0.95 r        -0.10  (VIOLATED)
   clk_r_REG874_S3/D            0.85           0.96 r        -0.10  (VIOLATED)
   DP_OP_1028J2_131_808/clk_r_REG1921_S8/D
                                0.89           0.99 f        -0.10  (VIOLATED)
   clk_r_REG174_S6/D            0.85           0.96 r        -0.10  (VIOLATED)
   clk_r_REG2089_S2/D           0.85           0.95 r        -0.10  (VIOLATED)
   clk_r_REG568_S3/D            0.85           0.96 r        -0.10  (VIOLATED)
   clk_r_REG1133_S3/D           0.85           0.95 r        -0.10  (VIOLATED)
   u_is_array/gen_output[0].u_output_sync_fifo/clk_gate_gen_storage.storage_reg[2]/latch/E
                                0.33           0.44 r        -0.10  (VIOLATED)
   clk_r_REG216_S6/D            0.85           0.95 r        -0.10  (VIOLATED)
   clk_r_REG867_S3/D            0.85           0.95 r        -0.10  (VIOLATED)
   clk_r_REG184_S6/D            0.85           0.96 r        -0.10  (VIOLATED)
   clk_r_REG2228_S8/D           0.85           0.95 r        -0.10  (VIOLATED)
   clk_r_REG178_S6/D            0.85           0.95 r        -0.10  (VIOLATED)
   clk_r_REG2176_S8/D           0.85           0.95 r        -0.10  (VIOLATED)
   clk_r_REG961_S12/D           0.85           0.95 r        -0.10  (VIOLATED)
   DP_OP_1033J2_136_808/clk_r_REG711_S11/D
                                0.89           0.99 f        -0.10  (VIOLATED)
   DP_OP_1020J2_123_808/clk_r_REG611_S2/D
                                0.89           0.99 r        -0.10  (VIOLATED)
   clk_r_REG1158_S3/D           0.85           0.95 r        -0.10  (VIOLATED)
   clk_r_REG464_S9/D            0.85           0.95 r        -0.10  (VIOLATED)
   clk_r_REG457_S9/D            0.85           0.95 r        -0.10  (VIOLATED)
   clk_r_REG455_S9/D            0.85           0.95 r        -0.10  (VIOLATED)
   clk_r_REG445_S9/D            0.85           0.95 r        -0.10  (VIOLATED)
   clk_r_REG462_S9/D            0.85           0.95 r        -0.10  (VIOLATED)
   clk_r_REG460_S9/D            0.85           0.95 r        -0.10  (VIOLATED)
   clk_r_REG449_S9/D            0.85           0.95 r        -0.10  (VIOLATED)
   clk_r_REG856_S3/D            0.85           0.95 r        -0.10  (VIOLATED)
   clk_r_REG2104_S2/D           0.85           0.95 r        -0.10  (VIOLATED)
   DP_OP_1033J2_136_808/clk_r_REG1945_S11/D
                                0.86           0.96 r        -0.10  (VIOLATED)
   clk_r_REG865_S3/D            0.85           0.95 r        -0.10  (VIOLATED)
   DP_OP_1031J2_134_808/clk_r_REG80_S11/D
                                0.90           1.00 f        -0.10  (VIOLATED)
   u_is_array/gen_row[3].gen_col[3].pe_inst/clk_gate_input_valid_reg_reg/latch/E
                                0.33           0.43 r        -0.10  (VIOLATED)
   clk_r_REG2203_S8/D           0.85           0.95 r        -0.10  (VIOLATED)
   clk_r_REG2259_S8/D           0.85           0.94 r        -0.10  (VIOLATED)
   DP_OP_1029J2_132_808/clk_r_REG779_S8/D
                                0.90           1.00 f        -0.10  (VIOLATED)
   DP_OP_1021J2_124_808/clk_r_REG908_S2/D
                                0.85           0.95 r        -0.10  (VIOLATED)
   DP_OP_1025J2_128_808/clk_r_REG2032_S5/D
                                0.86           0.95 r        -0.10  (VIOLATED)
   clk_r_REG2262_S11/D          0.85           0.95 r        -0.10  (VIOLATED)
   DP_OP_1022J2_125_808/clk_r_REG1176_S2/D
                                0.85           0.95 r        -0.10  (VIOLATED)
   DP_OP_1034J2_137_808/clk_r_REG1967_S11/D
                                0.85           0.95 r        -0.09  (VIOLATED)
   DP_OP_1022J2_125_808/clk_r_REG1783_S2/D
                                0.90           0.99 r        -0.09  (VIOLATED)
   clk_r_REG441_S9/D            0.85           0.95 r        -0.09  (VIOLATED)
   DP_OP_1031J2_134_808/clk_r_REG1910_S11/D
                                0.85           0.95 r        -0.09  (VIOLATED)
   clk_r_REG52_S12/D            0.85           0.95 r        -0.09  (VIOLATED)
   clk_r_REG2179_S11/D          0.85           0.95 r        -0.09  (VIOLATED)
   DP_OP_1020J2_123_808/clk_r_REG636_S2/D
                                0.89           0.98 f        -0.09  (VIOLATED)
   DP_OP_1032J2_135_808/clk_r_REG341_S11/D
                                0.86           0.95 r        -0.09  (VIOLATED)
   DP_OP_1029J2_132_808/clk_r_REG774_S8/D
                                0.90           0.99 f        -0.09  (VIOLATED)
   DP_OP_1025J2_128_808/clk_r_REG1950_S5/D
                                0.85           0.94 r        -0.09  (VIOLATED)
   DP_OP_1027J2_130_808/clk_r_REG1245_S8/D
                                0.85           0.94 r        -0.09  (VIOLATED)
   DP_OP_1030J2_133_808/clk_r_REG1968_S8/D
                                0.85           0.94 r        -0.09  (VIOLATED)
   u_is_array/gen_row[2].gen_col[3].pe_inst/clk_gate_input_valid_reg_reg/latch/E
                                0.33           0.42 r        -0.09  (VIOLATED)
   DP_OP_1023J2_126_808/clk_r_REG250_S5/D
                                0.90           0.99 f        -0.09  (VIOLATED)
   DP_OP_1028J2_131_808/clk_r_REG479_S8/D
                                0.90           0.99 f        -0.09  (VIOLATED)
   DP_OP_1034J2_137_808/clk_r_REG1003_S11/D
                                0.89           0.98 r        -0.09  (VIOLATED)
   DP_OP_1019J2_122_808/clk_r_REG313_S2/D
                                0.89           0.98 f        -0.09  (VIOLATED)
   DP_OP_1025J2_128_808/clk_r_REG1664_S5/D
                                0.89           0.98 f        -0.09  (VIOLATED)
   clk_r_REG685_S12/D           0.85           0.94 r        -0.09  (VIOLATED)
   DP_OP_1027J2_130_808/clk_r_REG8_S8/D
                                0.86           0.94 r        -0.09  (VIOLATED)
   DP_OP_1022J2_125_808/clk_r_REG1194_S2/D
                                0.89           0.98 f        -0.09  (VIOLATED)
   DP_OP_1024J2_127_808/clk_r_REG541_S5/D
                                0.90           0.99 f        -0.09  (VIOLATED)
   DP_OP_1031J2_134_808/clk_r_REG118_S11/D
                                0.86           0.94 r        -0.09  (VIOLATED)
   clk_r_REG2273_S8/D           0.85           0.94 r        -0.09  (VIOLATED)
   clk_r_REG32_S12/D            0.85           0.94 r        -0.09  (VIOLATED)
   clk_r_REG2276_S11/D          0.85           0.94 r        -0.09  (VIOLATED)
   DP_OP_1022J2_125_808/clk_r_REG1175_S2/D
                                0.86           0.94 r        -0.09  (VIOLATED)
   clk_r_REG72_S12/D            0.85           0.94 r        -0.09  (VIOLATED)
   clk_r_REG76_S12/D            0.85           0.94 r        -0.09  (VIOLATED)
   DP_OP_1026J2_129_808/clk_r_REG1144_S5/D
                                0.86           0.94 r        -0.09  (VIOLATED)
   DP_OP_1028J2_131_808/clk_r_REG487_S8/D
                                0.89           0.98 f        -0.09  (VIOLATED)
   DP_OP_1031J2_134_808/clk_r_REG120_S11/D
                                0.86           0.94 r        -0.09  (VIOLATED)
   DP_OP_1032J2_135_808/clk_r_REG430_S11/D
                                0.85           0.94 r        -0.09  (VIOLATED)
   clk_r_REG2270_S5/D           0.85           0.94 r        -0.08  (VIOLATED)
   DP_OP_1034J2_137_808/clk_r_REG1965_S11/D
                                0.85           0.94 r        -0.08  (VIOLATED)
   DP_OP_1024J2_127_808/clk_r_REG553_S5/D
                                0.90           0.98 f        -0.08  (VIOLATED)
   clk_r_REG2231_S11/D          0.85           0.94 r        -0.08  (VIOLATED)
   DP_OP_1031J2_134_808/clk_r_REG1905_S11/D
                                0.86           0.94 r        -0.08  (VIOLATED)
   DP_OP_1023J2_126_808/clk_r_REG5_S5/D
                                0.89           0.97 r        -0.08  (VIOLATED)
   DP_OP_1024J2_127_808/clk_r_REG335_S5/D
                                0.89           0.97 r        -0.08  (VIOLATED)
   DP_OP_1028J2_131_808/clk_r_REG338_S8/D
                                0.89           0.97 r        -0.08  (VIOLATED)
   DP_OP_1031J2_134_808/clk_r_REG11_S11/D
                                0.89           0.97 r        -0.08  (VIOLATED)
   DP_OP_1029J2_132_808/clk_r_REG646_S8/D
                                0.89           0.97 r        -0.08  (VIOLATED)
   DP_OP_1025J2_128_808/clk_r_REG643_S5/D
                                0.89           0.97 r        -0.08  (VIOLATED)
   DP_OP_1031J2_134_808/clk_r_REG113_S11/D
                                0.86           0.94 r        -0.08  (VIOLATED)
   DP_OP_1025J2_128_808/clk_r_REG1938_S5/D
                                0.85           0.94 r        -0.08  (VIOLATED)
   DP_OP_1029J2_132_808/clk_r_REG1949_S8/D
                                0.85           0.94 r        -0.08  (VIOLATED)
   DP_OP_1025J2_128_808/clk_r_REG1285_S5/D
                                0.90           0.98 f        -0.08  (VIOLATED)
   DP_OP_1030J2_133_808/clk_r_REG1961_S8/D
                                0.86           0.94 r        -0.08  (VIOLATED)
   clk_r_REG521_S6/D            0.85           0.93 r        -0.08  (VIOLATED)
   clk_r_REG523_S6/D            0.85           0.93 r        -0.08  (VIOLATED)
   clk_r_REG516_S6/D            0.85           0.93 r        -0.08  (VIOLATED)
   clk_r_REG391_S12/D           0.85           0.94 r        -0.08  (VIOLATED)
   DP_OP_1031J2_134_808/clk_r_REG1630_S11/D
                                0.86           0.94 r        -0.08  (VIOLATED)
   DP_OP_1029J2_132_808/clk_r_REG794_S8/D
                                0.86           0.94 r        -0.08  (VIOLATED)
   DP_OP_1019J2_122_808/clk_r_REG310_S2/D
                                0.89           0.97 f        -0.08  (VIOLATED)
   DP_OP_1022J2_125_808/clk_r_REG1768_S2/D
                                0.89           0.97 r        -0.08  (VIOLATED)
   DP_OP_1021J2_124_808/clk_r_REG909_S2/D
                                0.89           0.97 r        -0.08  (VIOLATED)
   DP_OP_1030J2_133_808/clk_r_REG1052_S8/D
                                0.90           0.98 f        -0.08  (VIOLATED)
   DP_OP_1021J2_124_808/clk_r_REG1749_S2/D
                                0.89           0.97 r        -0.08  (VIOLATED)
   DP_OP_1025J2_128_808/clk_r_REG853_S5/D
                                0.89           0.97 r        -0.08  (VIOLATED)
   DP_OP_1028J2_131_808/clk_r_REG486_S8/D
                                0.86           0.93 r        -0.08  (VIOLATED)
   DP_OP_1034J2_137_808/clk_r_REG939_S11/D
                                0.86           0.93 r        -0.08  (VIOLATED)
   DP_OP_1021J2_124_808/clk_r_REG926_S2/D
                                0.89           0.97 f        -0.08  (VIOLATED)
   DP_OP_1023J2_126_808/clk_r_REG1898_S5/D
                                0.89           0.96 f        -0.07  (VIOLATED)
   DP_OP_1019J2_122_808/clk_r_REG311_S2/D
                                0.89           0.96 r        -0.07  (VIOLATED)
   clk_r_REG1082_S6/D           0.85           0.93 r        -0.07  (VIOLATED)
   DP_OP_1026J2_129_808/clk_r_REG1121_S5/D
                                0.90           0.97 f        -0.07  (VIOLATED)
   DP_OP_1033J2_136_808/clk_r_REG736_S11/D
                                0.89           0.96 r        -0.07  (VIOLATED)
   u_is_array/gen_output[2].u_output_sync_fifo/clk_gate_gen_storage.storage_reg[0]/latch/E
                                0.33           0.40 r        -0.07  (VIOLATED)
   clk_r_REG2184_S2/D           0.85           0.92 r        -0.07  (VIOLATED)
   DP_OP_1031J2_134_808/clk_r_REG114_S11/D
                                0.88           0.96 r        -0.07  (VIOLATED)
   clk_r_REG2247_S11/D          0.85           0.92 r        -0.07  (VIOLATED)
   clk_r_REG2256_S5/D           0.85           0.92 r        -0.07  (VIOLATED)
   clk_r_REG595_S3/D            0.85           0.92 r        -0.07  (VIOLATED)
   clk_r_REG3_S3/D              0.85           0.92 r        -0.07  (VIOLATED)
   DP_OP_1034J2_137_808/clk_r_REG988_S11/D
                                0.90           0.97 f        -0.07  (VIOLATED)
   DP_OP_1034J2_137_808/clk_r_REG1006_S11/D
                                0.85           0.92 r        -0.07  (VIOLATED)
   DP_OP_1029J2_132_808/clk_r_REG1942_S8/D
                                0.86           0.93 r        -0.07  (VIOLATED)
   DP_OP_1025J2_128_808/clk_r_REG1754_S5/D
                                0.89           0.96 f        -0.07  (VIOLATED)
   DP_OP_1029J2_132_808/clk_r_REG795_S8/D
                                0.89           0.95 r        -0.07  (VIOLATED)
   clk_r_REG671_S12/D           0.84           0.91 r        -0.07  (VIOLATED)
   clk_r_REG894_S3/D            0.85           0.92 r        -0.07  (VIOLATED)
   clk_r_REG2155_S2/D           0.85           0.91 r        -0.07  (VIOLATED)
   clk_r_REG1162_S3/D           0.85           0.92 r        -0.07  (VIOLATED)
   DP_OP_1032J2_135_808/clk_r_REG406_S11/D
                                0.90           0.97 f        -0.07  (VIOLATED)
   DP_OP_1026J2_129_808/clk_r_REG1146_S5/D
                                0.89           0.95 r        -0.06  (VIOLATED)
   clk_r_REG2170_S2/D           0.85           0.91 r        -0.06  (VIOLATED)
   DP_OP_1033J2_136_808/clk_r_REG713_S11/D
                                0.90           0.96 f        -0.06  (VIOLATED)
   clk_r_REG382_S12/D           0.85           0.91 r        -0.06  (VIOLATED)
   DP_OP_1021J2_124_808/clk_r_REG1863_S2/D
                                0.85           0.91 r        -0.06  (VIOLATED)
   clk_r_REG2244_S8/D           0.85           0.91 r        -0.06  (VIOLATED)
   DP_OP_1025J2_128_808/clk_r_REG1753_S5/D
                                0.89           0.95 f        -0.06  (VIOLATED)
   DP_OP_1026J2_129_808/clk_r_REG1153_S5/D
                                0.85           0.91 r        -0.06  (VIOLATED)
   DP_OP_1026J2_129_808/clk_r_REG1307_S5/D
                                0.90           0.96 f        -0.06  (VIOLATED)
   DP_OP_1034J2_137_808/clk_r_REG976_S11/D
                                0.86           0.91 r        -0.06  (VIOLATED)
   DP_OP_1030J2_133_808/clk_r_REG1062_S8/D
                                0.86           0.91 r        -0.06  (VIOLATED)
   DP_OP_1034J2_137_808/clk_r_REG1964_S11/D
                                0.89           0.94 f        -0.06  (VIOLATED)
   clk_r_REG3166_S22/D          0.86           0.91 r        -0.06  (VIOLATED)
   DP_OP_1027J2_130_808/clk_r_REG165_S8/D
                                0.90           0.96 f        -0.06  (VIOLATED)
   DP_OP_1030J2_133_808/clk_r_REG1306_S8/D
                                0.90           0.96 f        -0.06  (VIOLATED)
   DP_OP_1031J2_134_808/clk_r_REG110_S11/D
                                0.90           0.96 f        -0.06  (VIOLATED)
   DP_OP_1031J2_134_808/clk_r_REG130_S11/D
                                0.89           0.95 f        -0.05  (VIOLATED)
   clk_r_REG3092_S1/D           0.84           0.89 r        -0.05  (VIOLATED)
   DP_OP_1021J2_124_808/clk_r_REG907_S2/D
                                0.89           0.94 r        -0.05  (VIOLATED)
   DP_OP_1030J2_133_808/clk_r_REG936_S8/D
                                0.89           0.95 r        -0.05  (VIOLATED)
   DP_OP_1024J2_127_808/clk_r_REG579_S5/D
                                0.89           0.94 f        -0.05  (VIOLATED)
   DP_OP_1025J2_128_808/clk_r_REG1937_S5/D
                                0.89           0.94 f        -0.05  (VIOLATED)
   DP_OP_1034J2_137_808/clk_r_REG1002_S11/D
                                0.86           0.91 r        -0.05  (VIOLATED)
   DP_OP_1021J2_124_808/clk_r_REG1847_S2/D
                                0.85           0.90 r        -0.05  (VIOLATED)
   clk_r_REG669_S12/D           0.85           0.90 r        -0.05  (VIOLATED)
   DP_OP_1030J2_133_808/clk_r_REG1960_S8/D
                                0.89           0.94 f        -0.05  (VIOLATED)
   clk_r_REG2241_S5/D           0.85           0.90 r        -0.05  (VIOLATED)
   DP_OP_1030J2_133_808/clk_r_REG1077_S8/D
                                0.89           0.94 f        -0.05  (VIOLATED)
   clk_r_REG2516_S1/D           0.85           0.90 r        -0.05  (VIOLATED)
   DP_OP_1020J2_123_808/clk_r_REG332_S2/D
                                0.86           0.90 r        -0.05  (VIOLATED)
   clk_r_REG564_S3/D            0.85           0.89 r        -0.05  (VIOLATED)
   clk_r_REG1017_S9/D           0.85           0.90 r        -0.05  (VIOLATED)
   DP_OP_1022J2_125_808/clk_r_REG1170_S2/D
                                0.90           0.94 f        -0.05  (VIOLATED)
   DP_OP_1034J2_137_808/clk_r_REG982_S11/D
                                0.85           0.90 r        -0.05  (VIOLATED)
   clk_r_REG100_S9/D            0.85           0.90 r        -0.05  (VIOLATED)
   clk_r_REG815_S6/D            0.85           0.90 r        -0.05  (VIOLATED)
   DP_OP_1034J2_137_808/clk_r_REG1001_S11/D
                                0.89           0.94 f        -0.04  (VIOLATED)
   DP_OP_1030J2_133_808/clk_r_REG1063_S8/D
                                0.89           0.93 r        -0.04  (VIOLATED)
   DP_OP_1024J2_127_808/clk_r_REG580_S5/D
                                0.89           0.93 f        -0.04  (VIOLATED)
   DP_OP_1030J2_133_808/clk_r_REG1040_S8/D
                                0.90           0.94 f        -0.04  (VIOLATED)
   DP_OP_1024J2_127_808/clk_r_REG587_S5/D
                                0.86           0.90 r        -0.04  (VIOLATED)
   DP_OP_1023J2_126_808/clk_r_REG259_S5/D
                                0.86           0.90 r        -0.04  (VIOLATED)
   clk_r_REG863_S3/D            0.85           0.89 r        -0.04  (VIOLATED)
   DP_OP_1020J2_123_808/clk_r_REG606_S2/D
                                0.90           0.94 f        -0.04  (VIOLATED)
   clk_r_REG176_S6/D            0.85           0.89 r        -0.04  (VIOLATED)
   DP_OP_1028J2_131_808/clk_r_REG482_S8/D
                                0.86           0.90 r        -0.04  (VIOLATED)
   DP_OP_1025J2_128_808/clk_r_REG884_S5/D
                                0.86           0.90 r        -0.04  (VIOLATED)
   DP_OP_1022J2_125_808/clk_r_REG1880_S2/D
                                0.85           0.89 r        -0.04  (VIOLATED)
   clk_r_REG2197_S2/D           0.85           0.89 r        -0.04  (VIOLATED)
   clk_r_REG1131_S3/D           0.85           0.89 r        -0.04  (VIOLATED)
   DP_OP_1021J2_124_808/clk_r_REG902_S2/D
                                0.90           0.94 f        -0.04  (VIOLATED)
   DP_OP_1030J2_133_808/clk_r_REG1046_S8/D
                                0.90           0.94 f        -0.04  (VIOLATED)
   DP_OP_1029J2_132_808/clk_r_REG1941_S8/D
                                0.89           0.93 f        -0.04  (VIOLATED)
   DP_OP_1019J2_122_808/clk_r_REG309_S2/D
                                0.89           0.93 r        -0.04  (VIOLATED)
   DP_OP_1027J2_130_808/clk_r_REG211_S8/D
                                0.89           0.92 r        -0.04  (VIOLATED)
   DP_OP_1033J2_136_808/clk_r_REG740_S11/D
                                0.89           0.92 r        -0.04  (VIOLATED)
   clk_r_REG388_S12/D           0.85           0.89 r        -0.04  (VIOLATED)
   DP_OP_1030J2_133_808/clk_r_REG1045_S8/D
                                0.90           0.93 f        -0.03  (VIOLATED)
   clk_r_REG751_S9/D            0.85           0.89 r        -0.03  (VIOLATED)
   DP_OP_1024J2_127_808/clk_r_REG588_S5/D
                                0.89           0.92 r        -0.03  (VIOLATED)
   DP_OP_1023J2_126_808/clk_r_REG260_S5/D
                                0.89           0.92 r        -0.03  (VIOLATED)
   clk_r_REG514_S6/D            0.85           0.89 r        -0.03  (VIOLATED)
   clk_r_REG667_S12/D           0.85           0.88 r        -0.03  (VIOLATED)
   DP_OP_1028J2_131_808/clk_r_REG483_S8/D
                                0.89           0.92 r        -0.03  (VIOLATED)
   DP_OP_1025J2_128_808/clk_r_REG885_S5/D
                                0.89           0.92 r        -0.03  (VIOLATED)
   clk_r_REG24_S9/D             0.85           0.89 r        -0.03  (VIOLATED)
   DP_OP_1023J2_126_808/clk_r_REG1230_S5/D
                                0.90           0.93 f        -0.03  (VIOLATED)
   DP_OP_1033J2_136_808/clk_r_REG1284_S11/D
                                0.89           0.92 r        -0.03  (VIOLATED)
   clk_r_REG3089_S2/D           0.86           0.89 r        -0.03  (VIOLATED)
   clk_r_REG295_S3/D            0.85           0.89 r        -0.03  (VIOLATED)
   clk_r_REG281_S3/D            0.85           0.89 r        -0.03  (VIOLATED)
   clk_r_REG270_S3/D            0.85           0.89 r        -0.03  (VIOLATED)
   clk_r_REG261_S3/D            0.85           0.89 r        -0.03  (VIOLATED)
   clk_r_REG289_S3/D            0.85           0.89 r        -0.03  (VIOLATED)
   clk_r_REG291_S3/D            0.85           0.89 r        -0.03  (VIOLATED)
   clk_r_REG272_S3/D            0.85           0.89 r        -0.03  (VIOLATED)
   clk_r_REG283_S3/D            0.85           0.89 r        -0.03  (VIOLATED)
   clk_r_REG293_S3/D            0.85           0.89 r        -0.03  (VIOLATED)
   DP_OP_1032J2_135_808/clk_r_REG429_S11/D
                                0.89           0.92 r        -0.03  (VIOLATED)
   clk_r_REG297_S3/D            0.85           0.89 r        -0.03  (VIOLATED)
   DP_OP_1026J2_129_808/clk_r_REG1113_S5/D
                                0.90           0.93 f        -0.03  (VIOLATED)
   clk_r_REG968_S12/D           0.85           0.88 r        -0.03  (VIOLATED)
   clk_r_REG225_S9/D            0.85           0.88 r        -0.03  (VIOLATED)
   DP_OP_1022J2_125_808/clk_r_REG1866_S2/D
                                0.85           0.88 r        -0.03  (VIOLATED)
   DP_OP_1034J2_137_808/clk_r_REG1300_S11/D
                                0.90           0.93 f        -0.03  (VIOLATED)
   clk_r_REG969_S12/D           0.85           0.88 r        -0.03  (VIOLATED)
   DP_OP_1026J2_129_808/clk_r_REG1112_S5/D
                                0.90           0.93 f        -0.03  (VIOLATED)
   DP_OP_1026J2_129_808/clk_r_REG1145_S5/D
                                0.89           0.92 f        -0.03  (VIOLATED)
   clk_r_REG447_S9/D            0.85           0.88 r        -0.03  (VIOLATED)
   DP_OP_1019J2_122_808/clk_r_REG2_S2/D
                                0.86           0.88 r        -0.02  (VIOLATED)
   clk_r_REG3167_S22/D          0.90           0.92 f        -0.02  (VIOLATED)
   clk_r_REG257_S3/D            0.85           0.87 r        -0.02  (VIOLATED)
   clk_r_REG3263_S1/D           0.85           0.87 r        -0.02  (VIOLATED)
   clk_r_REG2312_S11/D          0.85           0.87 r        -0.02  (VIOLATED)
   clk_r_REG846_S3/D            0.85           0.88 r        -0.02  (VIOLATED)
   DP_OP_1030J2_133_808/clk_r_REG1070_S8/D
                                0.89           0.91 f        -0.02  (VIOLATED)
   DP_OP_1021J2_124_808/clk_r_REG1846_S2/D
                                0.89           0.91 f        -0.02  (VIOLATED)
   DP_OP_1021J2_124_808/clk_r_REG906_S2/D
                                0.89           0.92 f        -0.02  (VIOLATED)
   clk_r_REG2539_S2/D           0.90           0.92 f        -0.02  (VIOLATED)
   clk_r_REG2573_S2/D           0.90           0.92 f        -0.02  (VIOLATED)
   clk_r_REG2607_S2/D           0.90           0.92 f        -0.02  (VIOLATED)
   clk_r_REG2641_S2/D           0.90           0.92 f        -0.02  (VIOLATED)
   clk_r_REG2675_S2/D           0.90           0.92 f        -0.02  (VIOLATED)
   clk_r_REG2709_S2/D           0.90           0.92 f        -0.02  (VIOLATED)
   clk_r_REG2743_S2/D           0.90           0.92 f        -0.02  (VIOLATED)
   clk_r_REG2777_S2/D           0.90           0.92 f        -0.02  (VIOLATED)
   clk_r_REG2811_S2/D           0.90           0.92 f        -0.02  (VIOLATED)
   clk_r_REG2845_S2/D           0.90           0.92 f        -0.02  (VIOLATED)
   clk_r_REG2879_S2/D           0.90           0.92 f        -0.02  (VIOLATED)
   clk_r_REG2913_S2/D           0.90           0.92 f        -0.02  (VIOLATED)
   clk_r_REG2947_S2/D           0.90           0.92 f        -0.02  (VIOLATED)
   clk_r_REG2981_S2/D           0.90           0.92 f        -0.02  (VIOLATED)
   clk_r_REG3015_S2/D           0.90           0.92 f        -0.02  (VIOLATED)
   clk_r_REG3061_S2/D           0.90           0.92 f        -0.02  (VIOLATED)
   DP_OP_1020J2_123_808/clk_r_REG608_S2/D
                                0.85           0.87 r        -0.02  (VIOLATED)
   DP_OP_1021J2_124_808/clk_r_REG640_S2/D
                                0.86           0.88 r        -0.02  (VIOLATED)
   DP_OP_1024J2_127_808/clk_r_REG547_S5/D
                                0.90           0.92 f        -0.02  (VIOLATED)
   DP_OP_1025J2_128_808/clk_r_REG1850_S5/D
                                0.89           0.91 f        -0.02  (VIOLATED)
   DP_OP_1025J2_128_808/clk_r_REG839_S5/D
                                0.90           0.92 f        -0.02  (VIOLATED)
   DP_OP_1034J2_137_808/clk_r_REG1005_S11/D
                                0.89           0.91 r        -0.02  (VIOLATED)
   clk_r_REG896_S3/D            0.85           0.87 r        -0.02  (VIOLATED)
   clk_r_REG92_S12/D            0.85           0.87 r        -0.02  (VIOLATED)
   DP_OP_1024J2_127_808/clk_r_REG546_S5/D
                                0.90           0.91 f        -0.02  (VIOLATED)
   DP_OP_1027J2_130_808/clk_r_REG210_S8/D
                                0.89           0.91 r        -0.02  (VIOLATED)
   clk_r_REG970_S12/D           0.85           0.86 r        -0.01  (VIOLATED)
   clk_r_REG842_S3/D            0.85           0.87 r        -0.01  (VIOLATED)
   clk_r_REG28_S12/D            0.85           0.87 r        -0.01  (VIOLATED)
   DP_OP_1026J2_129_808/clk_r_REG1152_S5/D
                                0.89           0.90 r        -0.01  (VIOLATED)
   DP_OP_1033J2_136_808/clk_r_REG739_S11/D
                                0.89           0.90 r        -0.01  (VIOLATED)
   DP_OP_1032J2_135_808/clk_r_REG412_S11/D
                                0.90           0.91 f        -0.01  (VIOLATED)
   clk_r_REG597_S3/D            0.85           0.86 r        -0.01  (VIOLATED)
   DP_OP_1022J2_125_808/clk_r_REG1173_S2/D
                                0.86           0.87 r        -0.01  (VIOLATED)
   clk_r_REG106_S12/D           0.85           0.86 r        -0.01  (VIOLATED)
   clk_r_REG230_S12/D           0.85           0.86 r        -0.01  (VIOLATED)
   DP_OP_1020J2_123_808/clk_r_REG610_S2/D
                                0.86           0.87 r        -0.01  (VIOLATED)
   clk_r_REG790_S6/D            0.85           0.86 r        -0.01  (VIOLATED)
   DP_OP_1031J2_134_808/clk_r_REG123_S11/D
                                0.89           0.90 f        -0.01  (VIOLATED)
   clk_r_REG2831_S1/D           0.88           0.88 f         0.00  (VIOLATED: increase significant digits)
   DP_OP_1026J2_129_808/clk_r_REG1107_S5/D
                                0.90           0.90 f         0.00  (VIOLATED: increase significant digits)
   clk_r_REG413_S9/D            0.84           0.84 r         0.00  (VIOLATED: increase significant digits)
   clk_r_REG1047_S6/D           0.85           0.86 r         0.00  (VIOLATED: increase significant digits)
   DP_OP_1023J2_126_808/clk_r_REG241_S5/D
                                0.90           0.90 f         0.00  (VIOLATED: increase significant digits)
   DP_OP_1022J2_125_808/clk_r_REG1865_S2/D
                                0.89           0.89 f         0.00  (VIOLATED: increase significant digits)
   clk_r_REG1043_S6/D           0.85           0.85 r         0.00  (VIOLATED: increase significant digits)
   clk_r_REG2534_S4/D           0.88           0.88 f         0.00  (VIOLATED: increase significant digits)
   clk_r_REG2536_S6/D           0.88           0.88 f         0.00  (VIOLATED: increase significant digits)
   clk_r_REG2550_S6/D           0.88           0.88 f         0.00  (VIOLATED: increase significant digits)
   clk_r_REG2767_S5/D           0.88           0.88 f         0.00  (VIOLATED: increase significant digits)
   clk_r_REG2784_S2/D           0.88           0.88 f         0.00  (VIOLATED: increase significant digits)
   clk_r_REG2818_S2/D           0.88           0.88 f         0.00  (VIOLATED: increase significant digits)
   clk_r_REG2840_S4/D           0.88           0.88 f         0.00  (VIOLATED: increase significant digits)
   clk_r_REG2856_S6/D           0.88           0.88 f         0.00  (VIOLATED: increase significant digits)
   clk_r_REG2917_S6/D           0.88           0.88 f         0.00  (VIOLATED: increase significant digits)
   clk_r_REG2920_S2/D           0.88           0.88 f         0.00  (VIOLATED: increase significant digits)


   max_area

                             Required        Actual
   Design                      Area           Area           Slack
   -----------------------------------------------------------------
   is_core_top_4x4              0.00       159651.17      -159651.17
                                                                    (VIOLATED)


1
