 
****************************************
Report : constraint
        -all_violators
Design : os_core_top_4x4
Version: O-2018.06-SP1
Date   : Mon Apr 20 20:42:58 2026
****************************************


   max_delay/setup ('clk' group)

                             Required        Actual
   Endpoint                 Path Delay     Path Delay        Slack
   -----------------------------------------------------------------
   DP_OP_699J3_135_296/clk_r_REG190_S2/D
                                0.91           1.19 r        -0.28  (VIOLATED)
   DP_OP_699J3_135_296/clk_r_REG191_S2/D
                                0.90           1.18 f        -0.28  (VIOLATED)
   clk_r_REG1551_S4/D           0.90           1.18 f        -0.28  (VIOLATED)
   clk_r_REG1574_S4/D           0.90           1.18 f        -0.28  (VIOLATED)
   clk_r_REG233_S2/D            0.90           1.18 f        -0.28  (VIOLATED)
   clk_r_REG248_S2/D            0.90           1.18 f        -0.28  (VIOLATED)
   DP_OP_693J3_129_296/clk_r_REG953_S6/D
                                0.91           1.19 f        -0.28  (VIOLATED)
   DP_OP_699J3_135_296/clk_r_REG175_S4/D
                                0.89           1.18 f        -0.28  (VIOLATED)
   DP_OP_699J3_135_296/clk_r_REG189_S2/D
                                0.91           1.19 f        -0.28  (VIOLATED)
   clk_r_REG1123_S6/D           0.90           1.18 f        -0.28  (VIOLATED)
   clk_r_REG1099_S6/D           0.90           1.18 f        -0.28  (VIOLATED)
   clk_r_REG1576_S2/D           0.90           1.18 f        -0.28  (VIOLATED)
   DP_OP_698J3_134_296/clk_r_REG1552_S4/D
                                0.89           1.17 r        -0.28  (VIOLATED)
   clk_r_REG1558_S2/D           0.90           1.18 f        -0.28  (VIOLATED)
   DP_OP_687J3_123_296/clk_r_REG46_S8/D
                                0.90           1.18 r        -0.28  (VIOLATED)
   DP_OP_694J3_130_296/clk_r_REG1420_S6/D
                                0.89           1.17 r        -0.28  (VIOLATED)
   clk_r_REG1146_S4/D           0.90           1.18 r        -0.28  (VIOLATED)
   DP_OP_696J3_132_296/clk_r_REG538_S4/D
                                0.90           1.18 f        -0.28  (VIOLATED)
   DP_OP_688J3_124_296/clk_r_REG475_S8/D
                                0.89           1.17 r        -0.28  (VIOLATED)
   DP_OP_697J3_133_296/clk_r_REG1102_S4/D
                                0.89           1.17 r        -0.28  (VIOLATED)
   clk_r_REG1124_S4/D           0.90           1.18 f        -0.28  (VIOLATED)
   DP_OP_700J3_136_296/clk_r_REG613_S2/D
                                0.90           1.18 r        -0.28  (VIOLATED)
   clk_r_REG1101_S4/D           0.90           1.18 f        -0.28  (VIOLATED)
   DP_OP_691J3_127_296/clk_r_REG69_S7/D
                                0.89           1.17 f        -0.28  (VIOLATED)
   DP_OP_699J3_135_296/clk_r_REG188_S2/D
                                0.89           1.17 r        -0.28  (VIOLATED)
   DP_OP_694J3_130_296/clk_r_REG1529_S6/D
                                0.91           1.18 r        -0.28  (VIOLATED)
   DP_OP_694J3_130_296/clk_r_REG1423_S6/D
                                0.91           1.18 r        -0.28  (VIOLATED)
   clk_r_REG1109_S2/D           0.90           1.18 f        -0.28  (VIOLATED)
   clk_r_REG1126_S2/D           0.90           1.18 f        -0.28  (VIOLATED)
   DP_OP_686J3_122_296/clk_r_REG1484_S2/D
                                0.90           1.18 f        -0.28  (VIOLATED)
   DP_OP_694J3_130_296/clk_r_REG1401_S8/D
                                0.90           1.18 f        -0.28  (VIOLATED)
   u_os_array/gen_row[0].gen_col[2].pe_inst/clk_gate_input_reg_reg/latch/E
                                0.34           0.61 r        -0.28  (VIOLATED)
   clk_r_REG674_S2/D            0.90           1.18 f        -0.27  (VIOLATED)
   clk_r_REG657_S2/D            0.90           1.18 f        -0.27  (VIOLATED)
   DP_OP_700J3_136_296/clk_r_REG615_S2/D
                                0.91           1.18 f        -0.27  (VIOLATED)
   clk_r_REG219_S8/D            0.90           1.18 f        -0.27  (VIOLATED)
   clk_r_REG1600_S2/D           0.90           1.18 r        -0.27  (VIOLATED)
   u_os_array/gen_row[0].gen_col[2].pe_inst/clk_gate_accumulator_reg/latch/E
                                0.34           0.61 r        -0.27  (VIOLATED)
   u_os_array/gen_row[0].gen_col[2].pe_inst/clk_gate_weight_out_reg_reg/latch/E
                                0.35           0.62 f        -0.27  (VIOLATED)
   clk_r_REG241_S8/D            0.90           1.17 f        -0.27  (VIOLATED)
   DP_OP_695J3_131_296/clk_r_REG207_S4/D
                                0.91           1.18 r        -0.27  (VIOLATED)
   clk_r_REG696_S2/D            0.90           1.18 r        -0.27  (VIOLATED)
   DP_OP_695J3_131_296/clk_r_REG144_S4/D
                                0.91           1.18 r        -0.27  (VIOLATED)
   DP_OP_697J3_133_296/clk_r_REG999_S4/D
                                0.91           1.18 r        -0.27  (VIOLATED)
   DP_OP_695J3_131_296/clk_r_REG140_S4/D
                                0.90           1.17 f        -0.27  (VIOLATED)
   DP_OP_688J3_124_296/clk_r_REG472_S9/D
                                0.90           1.18 r        -0.27  (VIOLATED)
   DP_OP_696J3_132_296/clk_r_REG536_S4/D
                                0.91           1.18 r        -0.27  (VIOLATED)
   DP_OP_696J3_132_296/clk_r_REG653_S4/D
                                0.89           1.16 r        -0.27  (VIOLATED)
   clk_r_REG257_S8/D            0.90           1.18 r        -0.27  (VIOLATED)
   DP_OP_694J3_130_296/clk_r_REG1414_S8/D
                                0.90           1.18 r        -0.27  (VIOLATED)
   DP_OP_698J3_134_296/clk_r_REG1467_S4/D
                                0.89           1.16 r        -0.27  (VIOLATED)
   DP_OP_691J3_127_296/clk_r_REG74_S7/D
                                0.90           1.17 r        -0.27  (VIOLATED)
   clk_r_REG1613_S4/D           0.90           1.18 r        -0.27  (VIOLATED)
   clk_r_REG246_S4/D            0.90           1.17 f        -0.27  (VIOLATED)
   DP_OP_697J3_133_296/clk_r_REG995_S4/D
                                0.90           1.18 r        -0.27  (VIOLATED)
   DP_OP_695J3_131_296/clk_r_REG141_S4/D
                                0.90           1.17 r        -0.27  (VIOLATED)
   DP_OP_701J3_137_296/clk_r_REG1035_S3/D
                                0.90           1.17 f        -0.27  (VIOLATED)
   DP_OP_692J3_128_296/clk_r_REG491_S7/D
                                0.90           1.17 f        -0.27  (VIOLATED)
   DP_OP_700J3_136_296/clk_r_REG609_S3/D
                                0.89           1.16 r        -0.27  (VIOLATED)
   DP_OP_696J3_132_296/clk_r_REG569_S5/D
                                0.90           1.17 f        -0.27  (VIOLATED)
   DP_OP_697J3_133_296/clk_r_REG984_S4/D
                                0.89           1.16 f        -0.27  (VIOLATED)
   DP_OP_697J3_133_296/clk_r_REG1000_S4/D
                                0.90           1.17 r        -0.27  (VIOLATED)
   DP_OP_689J3_125_296/clk_r_REG906_S8/D
                                0.90           1.17 r        -0.27  (VIOLATED)
   DP_OP_700J3_136_296/clk_r_REG597_S4/D
                                0.90           1.17 f        -0.27  (VIOLATED)
   DP_OP_691J3_127_296/clk_r_REG222_S6/D
                                0.90           1.17 r        -0.27  (VIOLATED)
   DP_OP_691J3_127_296/clk_r_REG92_S6/D
                                0.90           1.17 r        -0.27  (VIOLATED)
   DP_OP_701J3_137_296/clk_r_REG1043_S2/D
                                0.91           1.18 r        -0.27  (VIOLATED)
   clk_r_REG229_S4/D            0.90           1.17 f        -0.27  (VIOLATED)
   DP_OP_692J3_128_296/clk_r_REG497_S7/D
                                0.90           1.17 f        -0.27  (VIOLATED)
   DP_OP_688J3_124_296/clk_r_REG471_S9/D
                                0.90           1.17 r        -0.27  (VIOLATED)
   clk_r_REG736_S6/D            0.90           1.17 r        -0.27  (VIOLATED)
   DP_OP_692J3_128_296/clk_r_REG646_S6/D
                                0.90           1.17 r        -0.27  (VIOLATED)
   DP_OP_691J3_127_296/clk_r_REG91_S6/D
                                0.91           1.18 r        -0.27  (VIOLATED)
   DP_OP_692J3_128_296/clk_r_REG628_S6/D
                                0.90           1.17 r        -0.27  (VIOLATED)
   DP_OP_691J3_127_296/clk_r_REG71_S7/D
                                0.91           1.18 r        -0.27  (VIOLATED)
   clk_r_REG1615_S2/D           0.91           1.18 f        -0.27  (VIOLATED)
   DP_OP_698J3_134_296/clk_r_REG1462_S4/D
                                0.90           1.17 r        -0.27  (VIOLATED)
   DP_OP_688J3_124_296/clk_r_REG474_S9/D
                                0.89           1.16 r        -0.27  (VIOLATED)
   DP_OP_692J3_128_296/clk_r_REG501_S7/D
                                0.90           1.17 f        -0.27  (VIOLATED)
   DP_OP_700J3_136_296/clk_r_REG604_S4/D
                                0.90           1.17 r        -0.27  (VIOLATED)
   DP_OP_692J3_128_296/clk_r_REG481_S6/D
                                0.88           1.15 f        -0.27  (VIOLATED)
   clk_r_REG1641_S8/D           0.91           1.17 r        -0.27  (VIOLATED)
   DP_OP_689J3_125_296/clk_r_REG905_S8/D
                                0.90           1.17 r        -0.27  (VIOLATED)
   DP_OP_700J3_136_296/clk_r_REG606_S4/D
                                0.90           1.17 r        -0.27  (VIOLATED)
   DP_OP_692J3_128_296/clk_r_REG484_S7/D
                                0.90           1.17 f        -0.27  (VIOLATED)
   DP_OP_691J3_127_296/clk_r_REG68_S7/D
                                0.92           1.18 f        -0.27  (VIOLATED)
   DP_OP_697J3_133_296/clk_r_REG994_S4/D
                                0.91           1.18 r        -0.27  (VIOLATED)
   DP_OP_693J3_129_296/clk_r_REG948_S7/D
                                0.90           1.17 r        -0.27  (VIOLATED)
   DP_OP_700J3_136_296/clk_r_REG614_S2/D
                                0.90           1.17 r        -0.27  (VIOLATED)
   clk_r_REG1137_S8/D           0.89           1.16 f        -0.27  (VIOLATED)
   DP_OP_696J3_132_296/clk_r_REG565_S5/D
                                0.90           1.17 f        -0.27  (VIOLATED)
   DP_OP_700J3_136_296/clk_r_REG584_S2/D
                                0.90           1.17 f        -0.27  (VIOLATED)
   DP_OP_701J3_137_296/clk_r_REG1044_S2/D
                                0.89           1.16 f        -0.27  (VIOLATED)
   DP_OP_698J3_134_296/clk_r_REG1455_S4/D
                                0.90           1.16 f        -0.27  (VIOLATED)
   DP_OP_700J3_136_296/clk_r_REG599_S5/D
                                0.90           1.17 f        -0.27  (VIOLATED)
   DP_OP_697J3_133_296/clk_r_REG992_S4/D
                                0.90           1.17 f        -0.27  (VIOLATED)
   DP_OP_693J3_129_296/clk_r_REG946_S8/D
                                0.90           1.17 r        -0.27  (VIOLATED)
   DP_OP_699J3_135_296/clk_r_REG156_S4/D
                                0.90           1.16 f        -0.27  (VIOLATED)
   DP_OP_686J3_122_296/clk_r_REG1514_S2/D
                                0.90           1.17 r        -0.27  (VIOLATED)
   DP_OP_694J3_130_296/clk_r_REG1398_S9/D
                                0.88           1.15 f        -0.27  (VIOLATED)
   DP_OP_689J3_125_296/clk_r_REG879_S10/D
                                0.89           1.16 f        -0.27  (VIOLATED)
   DP_OP_697J3_133_296/clk_r_REG980_S5/D
                                0.89           1.16 f        -0.27  (VIOLATED)
   DP_OP_700J3_136_296/clk_r_REG608_S3/D
                                0.90           1.17 r        -0.27  (VIOLATED)
   DP_OP_689J3_125_296/clk_r_REG901_S9/D
                                0.89           1.16 f        -0.27  (VIOLATED)
   DP_OP_691J3_127_296/clk_r_REG88_S6/D
                                0.91           1.17 r        -0.27  (VIOLATED)
   DP_OP_690J3_126_296/clk_r_REG1360_S10/D
                                0.89           1.16 f        -0.27  (VIOLATED)
   DP_OP_690J3_126_296/clk_r_REG1624_S8/D
                                0.90           1.17 r        -0.27  (VIOLATED)
   DP_OP_699J3_135_296/clk_r_REG169_S5/D
                                0.89           1.15 f        -0.27  (VIOLATED)
   DP_OP_690J3_126_296/clk_r_REG1355_S10/D
                                0.90           1.17 f        -0.27  (VIOLATED)
   DP_OP_700J3_136_296/clk_r_REG612_S3/D
                                0.90           1.17 r        -0.27  (VIOLATED)
   clk_r_REG209_S2/D            0.90           1.17 f        -0.27  (VIOLATED)
   clk_r_REG1549_S6/D           0.90           1.17 f        -0.27  (VIOLATED)
   DP_OP_691J3_127_296/clk_r_REG83_S6/D
                                0.89           1.16 f        -0.27  (VIOLATED)
   clk_r_REG1656_S8/D           0.91           1.18 f        -0.27  (VIOLATED)
   clk_r_REG1164_S6/D           0.91           1.17 r        -0.27  (VIOLATED)
   DP_OP_699J3_135_296/clk_r_REG161_S4/D
                                0.89           1.16 r        -0.27  (VIOLATED)
   DP_OP_692J3_128_296/clk_r_REG502_S7/D
                                0.89           1.16 f        -0.27  (VIOLATED)
   DP_OP_697J3_133_296/clk_r_REG1001_S4/D
                                0.90           1.16 r        -0.27  (VIOLATED)
   DP_OP_689J3_125_296/clk_r_REG892_S10/D
                                0.89           1.16 f        -0.26  (VIOLATED)
   DP_OP_700J3_136_296/clk_r_REG590_S5/D
                                0.88           1.15 f        -0.26  (VIOLATED)
   clk_r_REG269_S2/D            0.90           1.17 r        -0.26  (VIOLATED)
   DP_OP_687J3_123_296/clk_r_REG40_S10/D
                                0.91           1.17 r        -0.26  (VIOLATED)
   clk_r_REG766_S6/D            0.91           1.17 r        -0.26  (VIOLATED)
   DP_OP_686J3_122_296/clk_r_REG1503_S3/D
                                0.90           1.17 r        -0.26  (VIOLATED)
   clk_r_REG1633_S2/D           0.90           1.17 r        -0.26  (VIOLATED)
   DP_OP_694J3_130_296/clk_r_REG1419_S7/D
                                0.89           1.16 r        -0.26  (VIOLATED)
   clk_r_REG710_S2/D            0.90           1.17 r        -0.26  (VIOLATED)
   DP_OP_690J3_126_296/clk_r_REG1373_S8/D
                                0.91           1.17 r        -0.26  (VIOLATED)
   DP_OP_689J3_125_296/clk_r_REG878_S10/D
                                0.91           1.18 r        -0.26  (VIOLATED)
   DP_OP_694J3_130_296/clk_r_REG1412_S8/D
                                0.91           1.17 r        -0.26  (VIOLATED)
   DP_OP_700J3_136_296/clk_r_REG596_S4/D
                                0.90           1.17 f        -0.26  (VIOLATED)
   DP_OP_696J3_132_296/clk_r_REG553_S5/D
                                0.89           1.15 f        -0.26  (VIOLATED)
   DP_OP_692J3_128_296/clk_r_REG706_S6/D
                                0.90           1.17 f        -0.26  (VIOLATED)
   clk_r_REG693_S4/D            0.90           1.17 f        -0.26  (VIOLATED)
   DP_OP_694J3_130_296/clk_r_REG1390_S6/D
                                0.89           1.16 r        -0.26  (VIOLATED)
   DP_OP_689J3_125_296/clk_r_REG876_S11/D
                                0.89           1.16 f        -0.26  (VIOLATED)
   DP_OP_691J3_127_296/clk_r_REG221_S6/D
                                0.91           1.18 r        -0.26  (VIOLATED)
   clk_r_REG1644_S6/D           0.91           1.17 r        -0.26  (VIOLATED)
   DP_OP_692J3_128_296/clk_r_REG721_S6/D
                                0.91           1.17 r        -0.26  (VIOLATED)
   DP_OP_689J3_125_296/clk_r_REG1094_S8/D
                                0.91           1.17 r        -0.26  (VIOLATED)
   DP_OP_700J3_136_296/clk_r_REG658_S2/D
                                0.90           1.17 f        -0.26  (VIOLATED)
   clk_r_REG277_S8/D            0.90           1.17 r        -0.26  (VIOLATED)
   DP_OP_689J3_125_296/clk_r_REG1121_S8/D
                                0.90           1.17 r        -0.26  (VIOLATED)
   DP_OP_689J3_125_296/clk_r_REG1136_S8/D
                                0.90           1.17 r        -0.26  (VIOLATED)
   DP_OP_693J3_129_296/clk_r_REG954_S6/D
                                0.91           1.18 r        -0.26  (VIOLATED)
   DP_OP_692J3_128_296/clk_r_REG492_S7/D
                                0.89           1.16 f        -0.26  (VIOLATED)
   DP_OP_701J3_137_296/clk_r_REG1045_S2/D
                                0.90           1.16 r        -0.26  (VIOLATED)
   DP_OP_689J3_125_296/clk_r_REG907_S8/D
                                0.89           1.15 f        -0.26  (VIOLATED)
   DP_OP_696J3_132_296/clk_r_REG570_S5/D
                                0.89           1.16 f        -0.26  (VIOLATED)
   DP_OP_690J3_126_296/clk_r_REG1340_S9/D
                                0.88           1.14 f        -0.26  (VIOLATED)
   clk_r_REG1591_S6/D           0.90           1.17 r        -0.26  (VIOLATED)
   clk_r_REG1630_S4/D           0.91           1.17 r        -0.26  (VIOLATED)
   DP_OP_692J3_128_296/clk_r_REG521_S6/D
                                0.90           1.17 r        -0.26  (VIOLATED)
   DP_OP_700J3_136_296/clk_r_REG601_S4/D
                                0.89           1.15 f        -0.26  (VIOLATED)
   DP_OP_692J3_128_296/clk_r_REG669_S6/D
                                0.89           1.15 f        -0.26  (VIOLATED)
   DP_OP_699J3_135_296/clk_r_REG158_S5/D
                                0.88           1.14 f        -0.26  (VIOLATED)
   DP_OP_690J3_126_296/clk_r_REG1609_S8/D
                                0.90           1.16 f        -0.26  (VIOLATED)
   DP_OP_686J3_122_296/clk_r_REG1489_S3/D
                                0.88           1.14 f        -0.26  (VIOLATED)
   DP_OP_701J3_137_296/clk_r_REG1034_S3/D
                                0.90           1.16 f        -0.26  (VIOLATED)
   DP_OP_696J3_132_296/clk_r_REG654_S4/D
                                0.90           1.16 r        -0.26  (VIOLATED)
   DP_OP_686J3_122_296/clk_r_REG1497_S3/D
                                0.90           1.17 f        -0.26  (VIOLATED)
   clk_r_REG344_S6/D            0.91           1.17 r        -0.26  (VIOLATED)
   DP_OP_696J3_132_296/clk_r_REG692_S4/D
                                0.90           1.16 r        -0.26  (VIOLATED)
   DP_OP_696J3_132_296/clk_r_REG672_S4/D
                                0.90           1.16 r        -0.26  (VIOLATED)
   DP_OP_697J3_133_296/clk_r_REG989_S4/D
                                0.89           1.16 f        -0.26  (VIOLATED)
   DP_OP_689J3_125_296/clk_r_REG887_S10/D
                                0.90           1.16 f        -0.26  (VIOLATED)
   DP_OP_691J3_127_296/clk_r_REG78_S6/D
                                0.90           1.16 f        -0.26  (VIOLATED)
   DP_OP_696J3_132_296/clk_r_REG567_S5/D
                                0.90           1.16 f        -0.26  (VIOLATED)
   output_data[383]             0.80           1.06 r        -0.26  (VIOLATED)
   DP_OP_698J3_134_296/clk_r_REG1450_S4/D
                                0.89           1.15 f        -0.26  (VIOLATED)
   DP_OP_697J3_133_296/clk_r_REG959_S4/D
                                0.88           1.14 f        -0.26  (VIOLATED)
   DP_OP_695J3_131_296/clk_r_REG125_S6/D
                                0.89           1.16 f        -0.26  (VIOLATED)
   clk_r_REG1595_S4/D           0.89           1.15 r        -0.26  (VIOLATED)
   DP_OP_699J3_135_296/clk_r_REG180_S4/D
                                0.90           1.17 r        -0.26  (VIOLATED)
   DP_OP_687J3_123_296/clk_r_REG34_S10/D
                                0.90           1.16 f        -0.26  (VIOLATED)
   DP_OP_692J3_128_296/clk_r_REG519_S6/D
                                0.91           1.17 r        -0.26  (VIOLATED)
   DP_OP_695J3_131_296/clk_r_REG142_S4/D
                                0.90           1.16 r        -0.26  (VIOLATED)
   clk_r_REG1571_S6/D           0.90           1.16 f        -0.26  (VIOLATED)
   DP_OP_699J3_135_296/clk_r_REG162_S4/D
                                0.89           1.15 f        -0.26  (VIOLATED)
   DP_OP_694J3_130_296/clk_r_REG1417_S7/D
                                0.90           1.16 r        -0.26  (VIOLATED)
   DP_OP_691J3_127_296/clk_r_REG80_S6/D
                                0.88           1.14 f        -0.26  (VIOLATED)
   DP_OP_691J3_127_296/clk_r_REG73_S7/D
                                0.91           1.17 f        -0.26  (VIOLATED)
   DP_OP_690J3_126_296/clk_r_REG1374_S8/D
                                0.90           1.16 r        -0.26  (VIOLATED)
   DP_OP_701J3_137_296/clk_r_REG1056_S2/D
                                0.90           1.16 f        -0.26  (VIOLATED)
   DP_OP_700J3_136_296/clk_r_REG586_S3/D
                                0.89           1.15 f        -0.26  (VIOLATED)
   DP_OP_698J3_134_296/clk_r_REG1456_S4/D
                                0.90           1.16 f        -0.26  (VIOLATED)
   clk_r_REG1162_S8/D           0.89           1.15 f        -0.26  (VIOLATED)
   output_data[191]             0.80           1.06 r        -0.26  (VIOLATED)
   DP_OP_690J3_126_296/clk_r_REG1568_S8/D
                                0.91           1.17 r        -0.26  (VIOLATED)
   DP_OP_692J3_128_296/clk_r_REG506_S6/D
                                0.88           1.14 f        -0.26  (VIOLATED)
   DP_OP_694J3_130_296/clk_r_REG1407_S9/D
                                0.89           1.15 f        -0.26  (VIOLATED)
   clk_r_REG312_S6/D            0.89           1.15 f        -0.26  (VIOLATED)
   DP_OP_693J3_129_296/clk_r_REG949_S7/D
                                0.90           1.16 r        -0.26  (VIOLATED)
   clk_r_REG735_S8/D            0.91           1.16 r        -0.26  (VIOLATED)
   DP_OP_692J3_128_296/clk_r_REG514_S6/D
                                0.89           1.15 f        -0.26  (VIOLATED)
   DP_OP_691J3_127_296/clk_r_REG53_S6/D
                                0.90           1.15 f        -0.26  (VIOLATED)
   DP_OP_687J3_123_296/clk_r_REG45_S9/D
                                0.90           1.16 r        -0.26  (VIOLATED)
   DP_OP_689J3_125_296/clk_r_REG898_S9/D
                                0.88           1.14 f        -0.26  (VIOLATED)
   DP_OP_700J3_136_296/clk_r_REG610_S3/D
                                0.90           1.16 r        -0.26  (VIOLATED)
   DP_OP_689J3_125_296/clk_r_REG902_S9/D
                                0.90           1.16 f        -0.26  (VIOLATED)
   DP_OP_697J3_133_296/clk_r_REG998_S4/D
                                0.90           1.16 r        -0.26  (VIOLATED)
   DP_OP_688J3_124_296/clk_r_REG469_S10/D
                                0.90           1.16 r        -0.26  (VIOLATED)
   DP_OP_694J3_130_296/clk_r_REG1416_S7/D
                                0.90           1.16 r        -0.26  (VIOLATED)
   DP_OP_686J3_122_296/clk_r_REG1505_S3/D
                                0.90           1.16 r        -0.26  (VIOLATED)
   output_data[380]             0.80           1.06 f        -0.26  (VIOLATED)
   DP_OP_691J3_127_296/clk_r_REG63_S7/D
                                0.90           1.16 f        -0.26  (VIOLATED)
   output_data[415]             0.80           1.06 r        -0.26  (VIOLATED)
   DP_OP_687J3_123_296/clk_r_REG43_S9/D
                                0.90           1.16 r        -0.26  (VIOLATED)
   DP_OP_701J3_137_296/clk_r_REG1051_S2/D
                                0.90           1.16 r        -0.26  (VIOLATED)
   DP_OP_689J3_125_296/clk_r_REG908_S8/D
                                0.89           1.15 f        -0.26  (VIOLATED)
   DP_OP_690J3_126_296/clk_r_REG1338_S8/D
                                0.91           1.17 r        -0.26  (VIOLATED)
   output_data[447]             0.80           1.06 r        -0.26  (VIOLATED)
   DP_OP_699J3_135_296/clk_r_REG178_S4/D
                                0.90           1.16 f        -0.26  (VIOLATED)
   DP_OP_691J3_127_296/clk_r_REG86_S6/D
                                0.91           1.17 r        -0.26  (VIOLATED)
   output_data[63]              0.80           1.06 f        -0.26  (VIOLATED)
   u_os_array/gen_row[0].gen_col[0].pe_inst/clk_gate_accumulator_reg/latch/E
                                0.34           0.60 r        -0.26  (VIOLATED)
   DP_OP_694J3_130_296/clk_r_REG1409_S8/D
                                0.89           1.15 f        -0.26  (VIOLATED)
   DP_OP_696J3_132_296/clk_r_REG564_S5/D
                                0.90           1.16 f        -0.26  (VIOLATED)
   DP_OP_692J3_128_296/clk_r_REG495_S8/D
                                0.90           1.16 f        -0.26  (VIOLATED)
   DP_OP_695J3_131_296/clk_r_REG117_S7/D
                                0.90           1.15 f        -0.26  (VIOLATED)
   DP_OP_698J3_134_296/clk_r_REG1446_S5/D
                                0.89           1.15 f        -0.26  (VIOLATED)
   output_data[351]             0.80           1.06 r        -0.26  (VIOLATED)
   DP_OP_694J3_130_296/clk_r_REG1411_S8/D
                                0.90           1.16 f        -0.26  (VIOLATED)
   DP_OP_691J3_127_296/clk_r_REG65_S7/D
                                0.91           1.16 r        -0.26  (VIOLATED)
   DP_OP_689J3_125_296/clk_r_REG900_S9/D
                                0.89           1.15 f        -0.26  (VIOLATED)
   DP_OP_697J3_133_296/clk_r_REG991_S4/D
                                0.90           1.15 f        -0.26  (VIOLATED)
   DP_OP_693J3_129_296/clk_r_REG940_S9/D
                                0.90           1.16 f        -0.26  (VIOLATED)
   DP_OP_699J3_135_296/clk_r_REG183_S3/D
                                0.90           1.16 r        -0.26  (VIOLATED)
   clk_r_REG704_S8/D            0.90           1.16 f        -0.26  (VIOLATED)
   clk_r_REG1183_S4/D           0.91           1.16 r        -0.26  (VIOLATED)
   DP_OP_699J3_135_296/clk_r_REG210_S2/D
                                0.90           1.16 r        -0.26  (VIOLATED)
   DP_OP_692J3_128_296/clk_r_REG496_S7/D
                                0.90           1.16 f        -0.26  (VIOLATED)
   DP_OP_692J3_128_296/clk_r_REG737_S6/D
                                0.85           1.11 r        -0.26  (VIOLATED)
   DP_OP_689J3_125_296/clk_r_REG896_S9/D
                                0.88           1.13 f        -0.26  (VIOLATED)
   DP_OP_699J3_135_296/clk_r_REG179_S4/D
                                0.91           1.17 r        -0.26  (VIOLATED)
   DP_OP_696J3_132_296/clk_r_REG547_S5/D
                                0.89           1.15 f        -0.26  (VIOLATED)
   DP_OP_694J3_130_296/clk_r_REG1421_S6/D
                                0.90           1.16 r        -0.26  (VIOLATED)
   DP_OP_697J3_133_296/clk_r_REG996_S4/D
                                0.90           1.15 f        -0.26  (VIOLATED)
   DP_OP_688J3_124_296/clk_r_REG461_S10/D
                                0.90           1.16 r        -0.26  (VIOLATED)
   DP_OP_701J3_137_296/clk_r_REG1039_S2/D
                                0.88           1.14 f        -0.26  (VIOLATED)
   DP_OP_694J3_130_296/clk_r_REG1396_S8/D
                                0.88           1.14 f        -0.26  (VIOLATED)
   DP_OP_692J3_128_296/clk_r_REG627_S6/D
                                0.91           1.17 f        -0.26  (VIOLATED)
   DP_OP_693J3_129_296/clk_r_REG944_S8/D
                                0.91           1.16 r        -0.26  (VIOLATED)
   DP_OP_691J3_127_296/clk_r_REG56_S7/D
                                0.89           1.15 f        -0.26  (VIOLATED)
   DP_OP_697J3_133_296/clk_r_REG979_S5/D
                                0.90           1.16 f        -0.26  (VIOLATED)
   DP_OP_688J3_124_296/clk_r_REG449_S9/D
                                0.90           1.16 f        -0.26  (VIOLATED)
   DP_OP_701J3_137_296/clk_r_REG1014_S2/D
                                0.88           1.14 f        -0.26  (VIOLATED)
   DP_OP_686J3_122_296/clk_r_REG1502_S3/D
                                0.90           1.16 f        -0.26  (VIOLATED)
   output_data[159]             0.80           1.06 r        -0.26  (VIOLATED)
   DP_OP_690J3_126_296/clk_r_REG1359_S10/D
                                0.90           1.16 f        -0.26  (VIOLATED)
   clk_r_REG1142_S6/D           0.90           1.16 r        -0.26  (VIOLATED)
   DP_OP_694J3_130_296/clk_r_REG1397_S9/D
                                0.90           1.16 f        -0.26  (VIOLATED)
   DP_OP_696J3_132_296/clk_r_REG549_S5/D
                                0.89           1.15 f        -0.26  (VIOLATED)
   DP_OP_686J3_122_296/clk_r_REG1487_S3/D
                                0.88           1.14 f        -0.26  (VIOLATED)
   DP_OP_693J3_129_296/clk_r_REG938_S8/D
                                0.90           1.16 f        -0.26  (VIOLATED)
   DP_OP_692J3_128_296/clk_r_REG508_S6/D
                                0.88           1.13 f        -0.26  (VIOLATED)
   DP_OP_688J3_124_296/clk_r_REG476_S8/D
                                0.90           1.16 f        -0.26  (VIOLATED)
   DP_OP_701J3_137_296/clk_r_REG1041_S2/D
                                0.88           1.13 f        -0.26  (VIOLATED)
   DP_OP_690J3_126_296/clk_r_REG1365_S9/D
                                0.88           1.13 f        -0.26  (VIOLATED)
   clk_r_REG295_S6/D            0.89           1.15 f        -0.26  (VIOLATED)
   DP_OP_700J3_136_296/clk_r_REG607_S3/D
                                0.91           1.16 f        -0.26  (VIOLATED)
   DP_OP_696J3_132_296/clk_r_REG573_S5/D
                                0.90           1.16 r        -0.26  (VIOLATED)
   DP_OP_698J3_134_296/clk_r_REG1460_S4/D
                                0.90           1.16 f        -0.26  (VIOLATED)
   DP_OP_698J3_134_296/clk_r_REG1445_S5/D
                                0.90           1.16 f        -0.26  (VIOLATED)
   DP_OP_701J3_137_296/clk_r_REG1054_S2/D
                                0.90           1.16 r        -0.26  (VIOLATED)
   DP_OP_687J3_123_296/clk_r_REG42_S9/D
                                0.91           1.16 r        -0.26  (VIOLATED)
   output_data[381]             0.80           1.06 r        -0.26  (VIOLATED)
   DP_OP_699J3_135_296/clk_r_REG192_S2/D
                                0.90           1.16 r        -0.26  (VIOLATED)
   DP_OP_692J3_128_296/clk_r_REG487_S7/D
                                0.89           1.14 f        -0.25  (VIOLATED)
   output_data[349]             0.80           1.05 r        -0.25  (VIOLATED)
   DP_OP_690J3_126_296/clk_r_REG1369_S9/D
                                0.90           1.15 f        -0.25  (VIOLATED)
   DP_OP_691J3_127_296/clk_r_REG57_S7/D
                                0.90           1.15 f        -0.25  (VIOLATED)
   DP_OP_689J3_125_296/clk_r_REG865_S8/D
                                0.91           1.16 f        -0.25  (VIOLATED)
   DP_OP_698J3_134_296/clk_r_REG1463_S4/D
                                0.90           1.15 f        -0.25  (VIOLATED)
   DP_OP_696J3_132_296/clk_r_REG558_S5/D
                                0.88           1.13 f        -0.25  (VIOLATED)
   DP_OP_690J3_126_296/clk_r_REG1348_S10/D
                                0.90           1.16 f        -0.25  (VIOLATED)
   DP_OP_689J3_125_296/clk_r_REG875_S11/D
                                0.91           1.16 r        -0.25  (VIOLATED)
   DP_OP_687J3_123_296/clk_r_REG38_S10/D
                                0.91           1.16 r        -0.25  (VIOLATED)
   DP_OP_696J3_132_296/clk_r_REG540_S5/D
                                0.90           1.16 f        -0.25  (VIOLATED)
   DP_OP_687J3_123_296/clk_r_REG41_S9/D
                                0.88           1.14 f        -0.25  (VIOLATED)
   DP_OP_687J3_123_296/clk_r_REG19_S11/D
                                0.88           1.13 f        -0.25  (VIOLATED)
   DP_OP_689J3_125_296/clk_r_REG873_S10/D
                                0.90           1.15 f        -0.25  (VIOLATED)
   clk_r_REG283_S2/D            0.90           1.16 r        -0.25  (VIOLATED)
   DP_OP_692J3_128_296/clk_r_REG645_S6/D
                                0.91           1.17 f        -0.25  (VIOLATED)
   clk_r_REG302_S2/D            0.91           1.16 r        -0.25  (VIOLATED)
   DP_OP_687J3_123_296/clk_r_REG39_S10/D
                                0.91           1.16 r        -0.25  (VIOLATED)
   DP_OP_690J3_126_296/clk_r_REG1367_S9/D
                                0.88           1.13 f        -0.25  (VIOLATED)
   DP_OP_690J3_126_296/clk_r_REG1350_S10/D
                                0.89           1.15 f        -0.25  (VIOLATED)
   DP_OP_699J3_135_296/clk_r_REG182_S3/D
                                0.91           1.16 r        -0.25  (VIOLATED)
   DP_OP_698J3_134_296/clk_r_REG1466_S4/D
                                0.91           1.16 r        -0.25  (VIOLATED)
   output_data[414]             0.80           1.05 r        -0.25  (VIOLATED)
   DP_OP_698J3_134_296/clk_r_REG1425_S4/D
                                0.88           1.13 f        -0.25  (VIOLATED)
   DP_OP_686J3_122_296/clk_r_REG1500_S3/D
                                0.90           1.15 f        -0.25  (VIOLATED)
   output_data[62]              0.80           1.05 f        -0.25  (VIOLATED)
   DP_OP_696J3_132_296/clk_r_REG535_S5/D
                                0.90           1.15 f        -0.25  (VIOLATED)
   DP_OP_699J3_135_296/clk_r_REG165_S4/D
                                0.90           1.15 f        -0.25  (VIOLATED)
   DP_OP_698J3_134_296/clk_r_REG1468_S4/D
                                0.90           1.15 r        -0.25  (VIOLATED)
   clk_r_REG1611_S6/D           0.90           1.16 r        -0.25  (VIOLATED)
   DP_OP_692J3_128_296/clk_r_REG518_S6/D
                                0.91           1.16 r        -0.25  (VIOLATED)
   DP_OP_698J3_134_296/clk_r_REG1452_S4/D
                                0.88           1.13 f        -0.25  (VIOLATED)
   DP_OP_696J3_132_296/clk_r_REG541_S5/D
                                0.90           1.15 f        -0.25  (VIOLATED)
   DP_OP_691J3_127_296/clk_r_REG77_S6/D
                                0.90           1.16 f        -0.25  (VIOLATED)
   DP_OP_693J3_129_296/clk_r_REG1100_S6/D
                                0.91           1.16 f        -0.25  (VIOLATED)
   DP_OP_697J3_133_296/clk_r_REG997_S4/D
                                0.90           1.15 f        -0.25  (VIOLATED)
   DP_OP_687J3_123_296/clk_r_REG47_S8/D
                                0.91           1.16 r        -0.25  (VIOLATED)
   DP_OP_700J3_136_296/clk_r_REG611_S3/D
                                0.91           1.16 f        -0.25  (VIOLATED)
   output_data[350]             0.80           1.05 r        -0.25  (VIOLATED)
   clk_r_REG724_S4/D            0.90           1.16 r        -0.25  (VIOLATED)
   DP_OP_686J3_122_296/clk_r_REG1559_S2/D
                                0.91           1.16 f        -0.25  (VIOLATED)
   DP_OP_686J3_122_296/clk_r_REG1493_S3/D
                                0.91           1.16 r        -0.25  (VIOLATED)
   DP_OP_700J3_136_296/clk_r_REG598_S5/D
                                0.90           1.15 f        -0.25  (VIOLATED)
   DP_OP_695J3_131_296/clk_r_REG143_S4/D
                                0.89           1.14 r        -0.25  (VIOLATED)
   DP_OP_701J3_137_296/clk_r_REG1110_S2/D
                                0.89           1.14 r        -0.25  (VIOLATED)
   DP_OP_689J3_125_296/clk_r_REG866_S8/D
                                0.91           1.16 f        -0.25  (VIOLATED)
   DP_OP_693J3_129_296/clk_r_REG929_S8/D
                                0.88           1.13 f        -0.25  (VIOLATED)
   DP_OP_690J3_126_296/clk_r_REG1347_S10/D
                                0.90           1.15 r        -0.25  (VIOLATED)
   DP_OP_693J3_129_296/clk_r_REG951_S7/D
                                0.91           1.16 r        -0.25  (VIOLATED)
   DP_OP_699J3_135_296/clk_r_REG174_S4/D
                                0.90           1.15 f        -0.25  (VIOLATED)
   DP_OP_696J3_132_296/clk_r_REG556_S5/D
                                0.90           1.15 f        -0.25  (VIOLATED)
   DP_OP_689J3_125_296/clk_r_REG889_S10/D
                                0.90           1.15 f        -0.25  (VIOLATED)
   DP_OP_693J3_129_296/clk_r_REG931_S9/D
                                0.90           1.15 f        -0.25  (VIOLATED)
   DP_OP_701J3_137_296/clk_r_REG1022_S3/D
                                0.90           1.15 f        -0.25  (VIOLATED)
   DP_OP_687J3_123_296/clk_r_REG8_S8/D
                                0.89           1.15 f        -0.25  (VIOLATED)
   DP_OP_698J3_134_296/clk_r_REG1439_S6/D
                                0.90           1.15 f        -0.25  (VIOLATED)
   DP_OP_700J3_136_296/clk_r_REG605_S4/D
                                0.91           1.16 r        -0.25  (VIOLATED)
   DP_OP_693J3_129_296/clk_r_REG939_S9/D
                                0.90           1.15 f        -0.25  (VIOLATED)
   DP_OP_686J3_122_296/clk_r_REG1507_S3/D
                                0.90           1.16 r        -0.25  (VIOLATED)
   DP_OP_687J3_123_296/clk_r_REG29_S11/D
                                0.89           1.14 f        -0.25  (VIOLATED)
   DP_OP_691J3_127_296/clk_r_REG90_S6/D
                                0.91           1.16 r        -0.25  (VIOLATED)
   DP_OP_693J3_129_296/clk_r_REG934_S8/D
                                0.89           1.15 r        -0.25  (VIOLATED)
   u_os_array/gen_row[0].gen_col[1].pe_inst/clk_gate_accumulator_reg/latch/E
                                0.34           0.59 r        -0.25  (VIOLATED)
   DP_OP_689J3_125_296/clk_r_REG1075_S8/D
                                0.89           1.14 f        -0.25  (VIOLATED)
   DP_OP_689J3_125_296/clk_r_REG886_S10/D
                                0.90           1.15 f        -0.25  (VIOLATED)
   DP_OP_701J3_137_296/clk_r_REG1030_S3/D
                                0.90           1.15 f        -0.25  (VIOLATED)
   DP_OP_688J3_124_296/clk_r_REG458_S10/D
                                0.90           1.15 f        -0.25  (VIOLATED)
   DP_OP_690J3_126_296/clk_r_REG1368_S9/D
                                0.90           1.15 f        -0.25  (VIOLATED)
   DP_OP_701J3_137_296/clk_r_REG1052_S2/D
                                0.90           1.15 f        -0.25  (VIOLATED)
   DP_OP_695J3_131_296/clk_r_REG132_S6/D
                                0.91           1.16 r        -0.25  (VIOLATED)
   DP_OP_700J3_136_296/clk_r_REG603_S4/D
                                0.91           1.16 r        -0.25  (VIOLATED)
   DP_OP_695J3_131_296/clk_r_REG138_S5/D
                                0.90           1.15 f        -0.25  (VIOLATED)
   DP_OP_698J3_134_296/clk_r_REG1441_S5/D
                                0.90           1.15 f        -0.25  (VIOLATED)
   clk_r_REG741_S2/D            0.90           1.15 r        -0.25  (VIOLATED)
   DP_OP_689J3_125_296/clk_r_REG869_S8/D
                                0.91           1.16 r        -0.25  (VIOLATED)
   output_data[382]             0.80           1.05 r        -0.25  (VIOLATED)
   DP_OP_692J3_128_296/clk_r_REG490_S7/D
                                0.89           1.14 f        -0.25  (VIOLATED)
   DP_OP_698J3_134_296/clk_r_REG1464_S4/D
                                0.90           1.15 f        -0.25  (VIOLATED)
   DP_OP_691J3_127_296/clk_r_REG223_S6/D
                                0.91           1.16 r        -0.25  (VIOLATED)
   DP_OP_691J3_127_296/clk_r_REG93_S6/D
                                0.90           1.16 f        -0.25  (VIOLATED)
   DP_OP_694J3_130_296/clk_r_REG1413_S8/D
                                0.91           1.16 r        -0.25  (VIOLATED)
   DP_OP_701J3_137_296/clk_r_REG1023_S3/D
                                0.89           1.14 f        -0.25  (VIOLATED)
   DP_OP_687J3_123_296/clk_r_REG220_S8/D
                                0.91           1.16 f        -0.25  (VIOLATED)
   clk_r_REG1627_S6/D           0.91           1.16 r        -0.25  (VIOLATED)
   DP_OP_700J3_136_296/clk_r_REG588_S4/D
                                0.88           1.13 f        -0.25  (VIOLATED)
   DP_OP_692J3_128_296/clk_r_REG520_S6/D
                                0.91           1.16 r        -0.25  (VIOLATED)
   DP_OP_701J3_137_296/clk_r_REG1018_S3/D
                                0.89           1.14 f        -0.25  (VIOLATED)
   DP_OP_696J3_132_296/clk_r_REG545_S5/D
                                0.89           1.14 f        -0.25  (VIOLATED)
   DP_OP_694J3_130_296/clk_r_REG1394_S7/D
                                0.90           1.15 f        -0.25  (VIOLATED)
   DP_OP_698J3_134_296/clk_r_REG1465_S4/D
                                0.90           1.15 r        -0.25  (VIOLATED)
   DP_OP_695J3_131_296/clk_r_REG133_S6/D
                                0.89           1.14 r        -0.25  (VIOLATED)
   DP_OP_686J3_122_296/clk_r_REG1508_S3/D
                                0.89           1.14 r        -0.25  (VIOLATED)
   DP_OP_695J3_131_296/clk_r_REG139_S5/D
                                0.89           1.14 r        -0.25  (VIOLATED)
   output_data[61]              0.80           1.05 r        -0.25  (VIOLATED)
   clk_r_REG310_S8/D            0.91           1.15 r        -0.25  (VIOLATED)
   DP_OP_695J3_131_296/clk_r_REG123_S6/D
                                0.90           1.15 f        -0.25  (VIOLATED)
   clk_r_REG1198_S4/D           0.91           1.15 r        -0.25  (VIOLATED)
   DP_OP_688J3_124_296/clk_r_REG455_S10/D
                                0.91           1.16 r        -0.25  (VIOLATED)
   DP_OP_689J3_125_296/clk_r_REG881_S10/D
                                0.90           1.15 f        -0.25  (VIOLATED)
   DP_OP_698J3_134_296/clk_r_REG1424_S4/D
                                0.90           1.15 f        -0.25  (VIOLATED)
   DP_OP_701J3_137_296/clk_r_REG1055_S2/D
                                0.91           1.16 r        -0.25  (VIOLATED)
   DP_OP_699J3_135_296/clk_r_REG184_S3/D
                                0.89           1.14 r        -0.25  (VIOLATED)
   DP_OP_694J3_130_296/clk_r_REG1406_S8/D
                                0.90           1.15 r        -0.25  (VIOLATED)
   DP_OP_693J3_129_296/clk_r_REG927_S8/D
                                0.91           1.16 r        -0.25  (VIOLATED)
   DP_OP_686J3_122_296/clk_r_REG1485_S3/D
                                0.89           1.13 f        -0.25  (VIOLATED)
   DP_OP_698J3_134_296/clk_r_REG1438_S6/D
                                0.90           1.15 f        -0.25  (VIOLATED)
   DP_OP_693J3_129_296/clk_r_REG936_S8/D
                                0.91           1.16 r        -0.25  (VIOLATED)
   DP_OP_699J3_135_296/clk_r_REG164_S4/D
                                0.90           1.15 f        -0.25  (VIOLATED)
   DP_OP_686J3_122_296/clk_r_REG1491_S3/D
                                0.90           1.15 f        -0.25  (VIOLATED)
   DP_OP_698J3_134_296/clk_r_REG1434_S5/D
                                0.89           1.14 r        -0.25  (VIOLATED)
   DP_OP_690J3_126_296/clk_r_REG1353_S11/D
                                0.90           1.15 f        -0.25  (VIOLATED)
   DP_OP_693J3_129_296/clk_r_REG952_S7/D
                                0.91           1.16 r        -0.25  (VIOLATED)
   DP_OP_689J3_125_296/clk_r_REG891_S10/D
                                0.90           1.15 f        -0.25  (VIOLATED)
   output_data[443]             0.80           1.05 r        -0.25  (VIOLATED)
   DP_OP_690J3_126_296/clk_r_REG1376_S8/D
                                0.90           1.15 r        -0.25  (VIOLATED)
   DP_OP_688J3_124_296/clk_r_REG464_S10/D
                                0.89           1.14 f        -0.25  (VIOLATED)
   DP_OP_693J3_129_296/clk_r_REG924_S6/D
                                0.91           1.16 r        -0.25  (VIOLATED)
   DP_OP_695J3_131_296/clk_r_REG122_S6/D
                                0.90           1.15 f        -0.25  (VIOLATED)
   DP_OP_697J3_133_296/clk_r_REG986_S4/D
                                0.88           1.13 f        -0.25  (VIOLATED)
   DP_OP_701J3_137_296/clk_r_REG1057_S2/D
                                0.91           1.15 f        -0.25  (VIOLATED)
   DP_OP_693J3_129_296/clk_r_REG922_S6/D
                                0.90           1.15 f        -0.25  (VIOLATED)
   DP_OP_695J3_131_296/clk_r_REG114_S6/D
                                0.88           1.13 f        -0.25  (VIOLATED)
   DP_OP_697J3_133_296/clk_r_REG983_S4/D
                                0.90           1.15 f        -0.25  (VIOLATED)
   DP_OP_693J3_129_296/clk_r_REG945_S8/D
                                0.91           1.15 f        -0.25  (VIOLATED)
   DP_OP_688J3_124_296/clk_r_REG473_S9/D
                                0.91           1.15 f        -0.25  (VIOLATED)
   DP_OP_690J3_126_296/clk_r_REG1336_S8/D
                                0.91           1.15 r        -0.25  (VIOLATED)
   DP_OP_686J3_122_296/clk_r_REG1496_S3/D
                                0.90           1.15 f        -0.25  (VIOLATED)
   DP_OP_686J3_122_296/clk_r_REG1511_S3/D
                                0.90           1.15 r        -0.25  (VIOLATED)
   DP_OP_692J3_128_296/clk_r_REG494_S8/D
                                0.89           1.13 f        -0.25  (VIOLATED)
   DP_OP_699J3_135_296/clk_r_REG152_S3/D
                                0.89           1.13 f        -0.25  (VIOLATED)
   DP_OP_688J3_124_296/clk_r_REG462_S11/D
                                0.89           1.14 f        -0.25  (VIOLATED)
   DP_OP_696J3_132_296/clk_r_REG566_S5/D
                                0.90           1.14 f        -0.25  (VIOLATED)
   DP_OP_698J3_134_296/clk_r_REG1530_S4/D
                                0.91           1.15 f        -0.25  (VIOLATED)
   DP_OP_700J3_136_296/clk_r_REG595_S4/D
                                0.90           1.15 f        -0.25  (VIOLATED)
   DP_OP_699J3_135_296/clk_r_REG160_S4/D
                                0.89           1.14 r        -0.25  (VIOLATED)
   DP_OP_691J3_127_296/clk_r_REG279_S6/D
                                0.91           1.15 f        -0.25  (VIOLATED)
   output_data[377]             0.80           1.05 r        -0.25  (VIOLATED)
   output_data[413]             0.80           1.05 r        -0.25  (VIOLATED)
   clk_r_REG708_S4/D            0.90           1.15 f        -0.25  (VIOLATED)
   DP_OP_694J3_130_296/clk_r_REG1408_S8/D
                                0.89           1.13 f        -0.25  (VIOLATED)
   DP_OP_700J3_136_296/clk_r_REG593_S4/D
                                0.89           1.14 f        -0.25  (VIOLATED)
   DP_OP_693J3_129_296/clk_r_REG947_S7/D
                                0.91           1.15 f        -0.25  (VIOLATED)
   DP_OP_688J3_124_296/clk_r_REG456_S10/D
                                0.89           1.14 f        -0.25  (VIOLATED)
   DP_OP_696J3_132_296/clk_r_REG575_S4/D
                                0.91           1.15 f        -0.25  (VIOLATED)
   DP_OP_700J3_136_296/clk_r_REG592_S4/D
                                0.91           1.16 r        -0.25  (VIOLATED)
   DP_OP_698J3_134_296/clk_r_REG1451_S4/D
                                0.90           1.15 f        -0.25  (VIOLATED)
   DP_OP_699J3_135_296/clk_r_REG154_S4/D
                                0.90           1.15 f        -0.25  (VIOLATED)
   clk_r_REG292_S8/D            0.90           1.15 f        -0.25  (VIOLATED)
   DP_OP_687J3_123_296/clk_r_REG44_S9/D
                                0.91           1.15 f        -0.25  (VIOLATED)
   DP_OP_701J3_137_296/clk_r_REG1029_S3/D
                                0.89           1.14 f        -0.25  (VIOLATED)
   DP_OP_688J3_124_296/clk_r_REG445_S8/D
                                0.91           1.16 r        -0.25  (VIOLATED)
   DP_OP_688J3_124_296/clk_r_REG467_S10/D
                                0.91           1.16 r        -0.25  (VIOLATED)
   DP_OP_701J3_137_296/clk_r_REG1082_S2/D
                                0.91           1.15 f        -0.25  (VIOLATED)
   DP_OP_687J3_123_296/clk_r_REG17_S10/D
                                0.90           1.15 f        -0.25  (VIOLATED)
   DP_OP_695J3_131_296/clk_r_REG135_S5/D
                                0.90           1.15 r        -0.25  (VIOLATED)
   DP_OP_693J3_129_296/clk_r_REG942_S8/D
                                0.89           1.14 f        -0.25  (VIOLATED)
   DP_OP_696J3_132_296/clk_r_REG572_S5/D
                                0.90           1.15 f        -0.25  (VIOLATED)
   DP_OP_695J3_131_296/clk_r_REG116_S7/D
                                0.90           1.15 f        -0.25  (VIOLATED)
   clk_r_REG727_S2/D            0.91           1.15 r        -0.25  (VIOLATED)
   DP_OP_693J3_129_296/clk_r_REG925_S6/D
                                0.91           1.15 r        -0.25  (VIOLATED)
   DP_OP_688J3_124_296/clk_r_REG470_S9/D
                                0.90           1.15 f        -0.25  (VIOLATED)
   clk_r_REG1673_S8/D           0.90           1.15 r        -0.25  (VIOLATED)
   output_data[412]             0.80           1.05 r        -0.25  (VIOLATED)
   DP_OP_695J3_131_296/clk_r_REG128_S6/D
                                0.89           1.14 f        -0.25  (VIOLATED)
   clk_r_REG1166_S4/D           0.90           1.15 r        -0.25  (VIOLATED)
   clk_r_REG739_S4/D            0.90           1.15 r        -0.25  (VIOLATED)
   DP_OP_696J3_132_296/clk_r_REG555_S5/D
                                0.89           1.13 f        -0.25  (VIOLATED)
   DP_OP_700J3_136_296/clk_r_REG582_S2/D
                                0.89           1.14 f        -0.25  (VIOLATED)
   DP_OP_695J3_131_296/clk_r_REG109_S4/D
                                0.91           1.15 r        -0.25  (VIOLATED)
   DP_OP_689J3_125_296/clk_r_REG871_S9/D
                                0.88           1.12 f        -0.25  (VIOLATED)
   DP_OP_688J3_124_296/clk_r_REG468_S10/D
                                0.91           1.15 r        -0.25  (VIOLATED)
   DP_OP_694J3_130_296/clk_r_REG1400_S8/D
                                0.92           1.16 f        -0.25  (VIOLATED)
   DP_OP_687J3_123_296/clk_r_REG31_S11/D
                                0.89           1.13 f        -0.24  (VIOLATED)
   DP_OP_694J3_130_296/clk_r_REG1415_S7/D
                                0.91           1.15 r        -0.24  (VIOLATED)
   DP_OP_698J3_134_296/clk_r_REG1449_S4/D
                                0.90           1.15 f        -0.24  (VIOLATED)
   u_os_array/gen_row[0].gen_col[2].pe_inst/clk_gate_weight_reg_reg/latch/E
                                0.34           0.58 f        -0.24  (VIOLATED)
   DP_OP_698J3_134_296/clk_r_REG1454_S4/D
                                0.89           1.14 f        -0.24  (VIOLATED)
   DP_OP_700J3_136_296/clk_r_REG600_S4/D
                                0.89           1.13 f        -0.24  (VIOLATED)
   DP_OP_695J3_131_296/clk_r_REG230_S4/D
                                0.90           1.15 f        -0.24  (VIOLATED)
   DP_OP_695J3_131_296/clk_r_REG121_S6/D
                                0.89           1.14 f        -0.24  (VIOLATED)
   clk_r_REG1180_S6/D           0.91           1.15 r        -0.24  (VIOLATED)
   DP_OP_699J3_135_296/clk_r_REG159_S4/D
                                0.91           1.16 r        -0.24  (VIOLATED)
   DP_OP_690J3_126_296/clk_r_REG1525_S8/D
                                0.90           1.15 r        -0.24  (VIOLATED)
   DP_OP_697J3_133_296/clk_r_REG1080_S4/D
                                0.91           1.15 f        -0.24  (VIOLATED)
   output_data[445]             0.80           1.04 r        -0.24  (VIOLATED)
   DP_OP_701J3_137_296/clk_r_REG1049_S2/D
                                0.90           1.15 f        -0.24  (VIOLATED)
   DP_OP_686J3_122_296/clk_r_REG1504_S3/D
                                0.90           1.15 f        -0.24  (VIOLATED)
   DP_OP_693J3_129_296/clk_r_REG935_S8/D
                                0.90           1.14 f        -0.24  (VIOLATED)
   DP_OP_701J3_137_296/clk_r_REG1053_S2/D
                                0.91           1.15 f        -0.24  (VIOLATED)
   DP_OP_699J3_135_296/clk_r_REG155_S4/D
                                0.90           1.14 f        -0.24  (VIOLATED)
   DP_OP_699J3_135_296/clk_r_REG177_S4/D
                                0.90           1.14 f        -0.24  (VIOLATED)
   DP_OP_695J3_131_296/clk_r_REG120_S6/D
                                0.91           1.15 r        -0.24  (VIOLATED)
   DP_OP_699J3_135_296/clk_r_REG186_S3/D
                                0.89           1.13 f        -0.24  (VIOLATED)
   u_os_array/gen_row[1].gen_col[2].pe_inst/clk_gate_input_out_reg_reg/latch/E
                                0.34           0.58 r        -0.24  (VIOLATED)
   DP_OP_698J3_134_296/clk_r_REG1433_S5/D
                                0.90           1.15 f        -0.24  (VIOLATED)
   DP_OP_695J3_131_296/clk_r_REG131_S6/D
                                0.90           1.15 f        -0.24  (VIOLATED)
   DP_OP_693J3_129_296/clk_r_REG937_S8/D
                                0.91           1.15 f        -0.24  (VIOLATED)
   DP_OP_686J3_122_296/clk_r_REG1494_S3/D
                                0.89           1.14 f        -0.24  (VIOLATED)
   DP_OP_695J3_131_296/clk_r_REG119_S6/D
                                0.90           1.14 f        -0.24  (VIOLATED)
   clk_r_REG719_S8/D            0.90           1.15 f        -0.24  (VIOLATED)
   DP_OP_690J3_126_296/clk_r_REG1567_S8/D
                                0.90           1.14 f        -0.24  (VIOLATED)
   DP_OP_686J3_122_296/clk_r_REG1482_S2/D
                                0.89           1.13 f        -0.24  (VIOLATED)
   output_data[223]             0.80           1.04 r        -0.24  (VIOLATED)
   DP_OP_688J3_124_296/clk_r_REG457_S10/D
                                0.90           1.14 f        -0.24  (VIOLATED)
   DP_OP_693J3_129_296/clk_r_REG926_S7/D
                                0.90           1.15 r        -0.24  (VIOLATED)
   DP_OP_692J3_128_296/clk_r_REG489_S7/D
                                0.90           1.14 f        -0.24  (VIOLATED)
   DP_OP_696J3_132_296/clk_r_REG539_S5/D
                                0.92           1.16 f        -0.24  (VIOLATED)
   DP_OP_691J3_127_296/clk_r_REG204_S6/D
                                0.91           1.15 f        -0.24  (VIOLATED)
   DP_OP_697J3_133_296/clk_r_REG961_S5/D
                                0.90           1.14 r        -0.24  (VIOLATED)
   DP_OP_691J3_127_296/clk_r_REG59_S7/D
                                0.90           1.14 f        -0.24  (VIOLATED)
   DP_OP_690J3_126_296/clk_r_REG1335_S8/D
                                0.91           1.15 f        -0.24  (VIOLATED)
   DP_OP_696J3_132_296/clk_r_REG546_S5/D
                                0.89           1.13 f        -0.24  (VIOLATED)
   DP_OP_694J3_130_296/clk_r_REG1399_S8/D
                                0.89           1.13 r        -0.24  (VIOLATED)
   DP_OP_694J3_130_296/clk_r_REG1393_S6/D
                                0.90           1.14 f        -0.24  (VIOLATED)
   DP_OP_687J3_123_296/clk_r_REG22_S10/D
                                0.89           1.13 f        -0.24  (VIOLATED)
   output_data[348]             0.80           1.04 r        -0.24  (VIOLATED)
   DP_OP_696J3_132_296/clk_r_REG552_S5/D
                                0.90           1.14 f        -0.24  (VIOLATED)
   output_data[446]             0.80           1.04 r        -0.24  (VIOLATED)
   clk_r_REG768_S4/D            0.90           1.14 f        -0.24  (VIOLATED)
   u_os_array/gen_row[1].gen_col[2].pe_inst/clk_gate_input_reg_reg/latch/E
                                0.34           0.58 r        -0.24  (VIOLATED)
   DP_OP_690J3_126_296/clk_r_REG1526_S8/D
                                0.91           1.15 f        -0.24  (VIOLATED)
   DP_OP_690J3_126_296/clk_r_REG1364_S9/D
                                0.90           1.14 f        -0.24  (VIOLATED)
   DP_OP_697J3_133_296/clk_r_REG974_S5/D
                                0.90           1.14 f        -0.24  (VIOLATED)
   DP_OP_699J3_135_296/clk_r_REG168_S5/D
                                0.90           1.14 f        -0.24  (VIOLATED)
   DP_OP_698J3_134_296/clk_r_REG1443_S5/D
                                0.90           1.14 f        -0.24  (VIOLATED)
   DP_OP_697J3_133_296/clk_r_REG985_S4/D
                                0.90           1.14 f        -0.24  (VIOLATED)
   clk_r_REG1168_S2/D           0.90           1.14 f        -0.24  (VIOLATED)
   clk_r_REG1646_S4/D           0.91           1.14 r        -0.24  (VIOLATED)
   DP_OP_691J3_127_296/clk_r_REG89_S6/D
                                0.91           1.15 r        -0.24  (VIOLATED)
   output_data[157]             0.80           1.04 r        -0.24  (VIOLATED)
   DP_OP_692J3_128_296/clk_r_REG483_S7/D
                                0.90           1.14 f        -0.24  (VIOLATED)
   DP_OP_686J3_122_296/clk_r_REG1492_S3/D
                                0.91           1.15 r        -0.24  (VIOLATED)
   DP_OP_686J3_122_296/clk_r_REG1509_S3/D
                                0.90           1.14 r        -0.24  (VIOLATED)
   DP_OP_689J3_125_296/clk_r_REG885_S11/D
                                0.88           1.12 f        -0.24  (VIOLATED)
   DP_OP_689J3_125_296/clk_r_REG895_S9/D
                                0.90           1.14 f        -0.24  (VIOLATED)
   DP_OP_687J3_123_296/clk_r_REG16_S10/D
                                0.90           1.14 f        -0.24  (VIOLATED)
   DP_OP_698J3_134_296/clk_r_REG1440_S5/D
                                0.90           1.14 f        -0.24  (VIOLATED)
   output_data[158]             0.80           1.04 r        -0.24  (VIOLATED)
   DP_OP_693J3_129_296/clk_r_REG930_S9/D
                                0.90           1.14 f        -0.24  (VIOLATED)
   DP_OP_688J3_124_296/clk_r_REG460_S10/D
                                0.91           1.15 r        -0.24  (VIOLATED)
   DP_OP_690J3_126_296/clk_r_REG1344_S11/D
                                0.88           1.12 f        -0.24  (VIOLATED)
   DP_OP_695J3_131_296/clk_r_REG137_S5/D
                                0.91           1.14 f        -0.24  (VIOLATED)
   DP_OP_700J3_136_296/clk_r_REG589_S5/D
                                0.90           1.14 f        -0.24  (VIOLATED)
   DP_OP_699J3_135_296/clk_r_REG185_S3/D
                                0.90           1.14 r        -0.24  (VIOLATED)
   DP_OP_691J3_127_296/clk_r_REG55_S7/D
                                0.90           1.13 f        -0.24  (VIOLATED)
   DP_OP_695J3_131_296/clk_r_REG112_S6/D
                                0.90           1.14 f        -0.24  (VIOLATED)
   DP_OP_688J3_124_296/clk_r_REG466_S10/D
                                0.91           1.15 f        -0.24  (VIOLATED)
   clk_r_REG1648_S2/D           0.91           1.14 r        -0.24  (VIOLATED)
   DP_OP_689J3_125_296/clk_r_REG897_S9/D
                                0.90           1.14 f        -0.24  (VIOLATED)
   clk_r_REG1152_S2/D           0.89           1.13 r        -0.24  (VIOLATED)
   DP_OP_691J3_127_296/clk_r_REG79_S6/D
                                0.91           1.15 r        -0.24  (VIOLATED)
   DP_OP_692J3_128_296/clk_r_REG668_S6/D
                                0.90           1.14 f        -0.24  (VIOLATED)
   output_data[190]             0.80           1.04 r        -0.24  (VIOLATED)
   clk_r_REG751_S6/D            0.90           1.14 r        -0.24  (VIOLATED)
   clk_r_REG1196_S6/D           0.90           1.14 f        -0.24  (VIOLATED)
   DP_OP_691J3_127_296/clk_r_REG82_S6/D
                                0.90           1.13 f        -0.24  (VIOLATED)
   u_os_array/gen_row[1].gen_col[2].pe_inst/clk_gate_weight_reg_reg/latch/E
                                0.34           0.57 r        -0.24  (VIOLATED)
   DP_OP_687J3_123_296/clk_r_REG37_S10/D
                                0.91           1.14 r        -0.24  (VIOLATED)
   output_data[58]              0.80           1.04 r        -0.24  (VIOLATED)
   DP_OP_690J3_126_296/clk_r_REG1343_S11/D
                                0.89           1.13 r        -0.24  (VIOLATED)
   DP_OP_686J3_122_296/clk_r_REG1506_S3/D
                                0.91           1.14 r        -0.24  (VIOLATED)
   DP_OP_695J3_131_296/clk_r_REG136_S5/D
                                0.89           1.13 r        -0.24  (VIOLATED)
   DP_OP_694J3_130_296/clk_r_REG1405_S8/D
                                0.91           1.14 r        -0.24  (VIOLATED)
   DP_OP_696J3_132_296/clk_r_REG561_S5/D
                                0.89           1.13 f        -0.24  (VIOLATED)
   DP_OP_699J3_135_296/clk_r_REG187_S3/D
                                0.90           1.14 r        -0.24  (VIOLATED)
   clk_r_REG266_S4/D            0.89           1.13 r        -0.24  (VIOLATED)
   DP_OP_687J3_123_296/clk_r_REG28_S11/D
                                0.90           1.14 f        -0.24  (VIOLATED)
   DP_OP_698J3_134_296/clk_r_REG1428_S5/D
                                0.90           1.14 f        -0.24  (VIOLATED)
   DP_OP_693J3_129_296/clk_r_REG933_S8/D
                                0.90           1.14 f        -0.24  (VIOLATED)
   DP_OP_699J3_135_296/clk_r_REG181_S3/D
                                0.90           1.14 f        -0.24  (VIOLATED)
   DP_OP_686J3_122_296/clk_r_REG1488_S3/D
                                0.90           1.14 f        -0.24  (VIOLATED)
   DP_OP_690J3_126_296/clk_r_REG1545_S8/D
                                0.90           1.14 r        -0.24  (VIOLATED)
   DP_OP_701J3_137_296/clk_r_REG1036_S3/D
                                0.90           1.14 f        -0.24  (VIOLATED)
   DP_OP_686J3_122_296/clk_r_REG1499_S3/D
                                0.88           1.11 f        -0.23  (VIOLATED)
   DP_OP_689J3_125_296/clk_r_REG1093_S8/D
                                0.90           1.13 r        -0.23  (VIOLATED)
   DP_OP_686J3_122_296/clk_r_REG1510_S3/D
                                0.91           1.14 f        -0.23  (VIOLATED)
   DP_OP_696J3_132_296/clk_r_REG560_S5/D
                                0.91           1.15 r        -0.23  (VIOLATED)
   DP_OP_692J3_128_296/clk_r_REG480_S6/D
                                0.91           1.14 r        -0.23  (VIOLATED)
   u_os_array/gen_row[0].gen_col[1].pe_inst/clk_gate_input_out_reg_reg/latch/E
                                0.34           0.57 r        -0.23  (VIOLATED)
   DP_OP_691J3_127_296/clk_r_REG64_S7/D
                                0.91           1.14 f        -0.23  (VIOLATED)
   DP_OP_691J3_127_296/clk_r_REG243_S6/D
                                0.90           1.14 r        -0.23  (VIOLATED)
   DP_OP_695J3_131_296/clk_r_REG134_S5/D
                                0.91           1.14 r        -0.23  (VIOLATED)
   DP_OP_697J3_133_296/clk_r_REG966_S5/D
                                0.90           1.13 f        -0.23  (VIOLATED)
   DP_OP_694J3_130_296/clk_r_REG1402_S8/D
                                0.90           1.13 f        -0.23  (VIOLATED)
   DP_OP_701J3_137_296/clk_r_REG1040_S2/D
                                0.90           1.13 f        -0.23  (VIOLATED)
   DP_OP_686J3_122_296/clk_r_REG1495_S3/D
                                0.90           1.13 f        -0.23  (VIOLATED)
   DP_OP_686J3_122_296/clk_r_REG1512_S2/D
                                0.91           1.14 r        -0.23  (VIOLATED)
   clk_r_REG1177_S8/D           0.89           1.13 f        -0.23  (VIOLATED)
   DP_OP_696J3_132_296/clk_r_REG544_S5/D
                                0.89           1.13 f        -0.23  (VIOLATED)
   DP_OP_697J3_133_296/clk_r_REG971_S5/D
                                0.90           1.13 f        -0.23  (VIOLATED)
   DP_OP_688J3_124_296/clk_r_REG451_S10/D
                                0.88           1.11 f        -0.23  (VIOLATED)
   DP_OP_690J3_126_296/clk_r_REG1354_S10/D
                                0.90           1.13 f        -0.23  (VIOLATED)
   DP_OP_694J3_130_296/clk_r_REG1392_S6/D
                                0.91           1.14 r        -0.23  (VIOLATED)
   DP_OP_695J3_131_296/clk_r_REG107_S4/D
                                0.89           1.13 f        -0.23  (VIOLATED)
   DP_OP_701J3_137_296/clk_r_REG1037_S3/D
                                0.90           1.14 f        -0.23  (VIOLATED)
   DP_OP_701J3_137_296/clk_r_REG1013_S2/D
                                0.90           1.13 f        -0.23  (VIOLATED)
   output_data[379]             0.80           1.03 r        -0.23  (VIOLATED)
   DP_OP_690J3_126_296/clk_r_REG1351_S10/D
                                0.89           1.13 f        -0.23  (VIOLATED)
   DP_OP_700J3_136_296/clk_r_REG594_S4/D
                                0.90           1.14 f        -0.23  (VIOLATED)
   DP_OP_697J3_133_296/clk_r_REG975_S5/D
                                0.90           1.13 f        -0.23  (VIOLATED)
   DP_OP_694J3_130_296/clk_r_REG1395_S8/D
                                0.89           1.12 f        -0.23  (VIOLATED)
   DP_OP_691J3_127_296/clk_r_REG296_S6/D
                                0.91           1.14 r        -0.23  (VIOLATED)
   DP_OP_697J3_133_296/clk_r_REG967_S5/D
                                0.89           1.13 f        -0.23  (VIOLATED)
   DP_OP_688J3_124_296/clk_r_REG454_S10/D
                                0.91           1.14 r        -0.23  (VIOLATED)
   clk_r_REG316_S2/D            0.90           1.13 f        -0.23  (VIOLATED)
   clk_r_REG1194_S8/D           0.89           1.13 f        -0.23  (VIOLATED)
   DP_OP_700J3_136_296/clk_r_REG591_S4/D
                                0.91           1.14 r        -0.23  (VIOLATED)
   DP_OP_689J3_125_296/clk_r_REG882_S10/D
                                0.90           1.13 f        -0.23  (VIOLATED)
   DP_OP_698J3_134_296/clk_r_REG1436_S5/D
                                0.90           1.13 f        -0.23  (VIOLATED)
   DP_OP_701J3_137_296/clk_r_REG1028_S4/D
                                0.88           1.11 f        -0.23  (VIOLATED)
   DP_OP_691J3_127_296/clk_r_REG62_S7/D
                                0.91           1.14 f        -0.23  (VIOLATED)
   DP_OP_694J3_130_296/clk_r_REG1418_S7/D
                                0.90           1.13 f        -0.23  (VIOLATED)
   DP_OP_688J3_124_296/clk_r_REG453_S11/D
                                0.90           1.13 f        -0.23  (VIOLATED)
   DP_OP_687J3_123_296/clk_r_REG33_S10/D
                                0.90           1.13 f        -0.23  (VIOLATED)
   DP_OP_697J3_133_296/clk_r_REG958_S4/D
                                0.90           1.13 f        -0.23  (VIOLATED)
   DP_OP_692J3_128_296/clk_r_REG513_S6/D
                                0.90           1.13 f        -0.23  (VIOLATED)
   DP_OP_691J3_127_296/clk_r_REG70_S7/D
                                0.92           1.15 f        -0.23  (VIOLATED)
   DP_OP_687J3_123_296/clk_r_REG13_S9/D
                                0.90           1.13 f        -0.23  (VIOLATED)
   DP_OP_686J3_122_296/clk_r_REG1501_S3/D
                                0.88           1.11 f        -0.23  (VIOLATED)
   DP_OP_696J3_132_296/clk_r_REG577_S4/D
                                0.89           1.12 f        -0.23  (VIOLATED)
   DP_OP_691J3_127_296/clk_r_REG60_S7/D
                                0.90           1.13 f        -0.23  (VIOLATED)
   clk_r_REG684_S8/D            0.90           1.13 f        -0.23  (VIOLATED)
   output_data[188]             0.80           1.03 r        -0.23  (VIOLATED)
   DP_OP_690J3_126_296/clk_r_REG1337_S9/D
                                0.90           1.13 f        -0.23  (VIOLATED)
   DP_OP_694J3_130_296/clk_r_REG1403_S8/D
                                0.89           1.12 f        -0.23  (VIOLATED)
   DP_OP_686J3_122_296/clk_r_REG1486_S3/D
                                0.89           1.11 f        -0.23  (VIOLATED)
   DP_OP_688J3_124_296/clk_r_REG452_S11/D
                                0.89           1.12 f        -0.23  (VIOLATED)
   DP_OP_697J3_133_296/clk_r_REG963_S5/D
                                0.90           1.12 f        -0.23  (VIOLATED)
   output_data[187]             0.80           1.03 r        -0.23  (VIOLATED)
   DP_OP_690J3_126_296/clk_r_REG1339_S9/D
                                0.90           1.12 f        -0.23  (VIOLATED)
   clk_r_REG765_S8/D            0.90           1.13 f        -0.23  (VIOLATED)
   DP_OP_698J3_134_296/clk_r_REG1458_S4/D
                                0.89           1.12 f        -0.23  (VIOLATED)
   DP_OP_692J3_128_296/clk_r_REG510_S6/D
                                0.90           1.13 f        -0.23  (VIOLATED)
   output_data[410]             0.80           1.03 r        -0.23  (VIOLATED)
   DP_OP_688J3_124_296/clk_r_REG644_S8/D
                                0.91           1.14 f        -0.23  (VIOLATED)
   output_data[183]             0.80           1.03 r        -0.23  (VIOLATED)
   DP_OP_701J3_137_296/clk_r_REG1020_S3/D
                                0.90           1.13 f        -0.23  (VIOLATED)
   DP_OP_687J3_123_296/clk_r_REG12_S9/D
                                0.89           1.11 f        -0.23  (VIOLATED)
   DP_OP_688J3_124_296/clk_r_REG683_S8/D
                                0.90           1.13 r        -0.23  (VIOLATED)
   DP_OP_696J3_132_296/clk_r_REG542_S5/D
                                0.87           1.10 r        -0.23  (VIOLATED)
   DP_OP_694J3_130_296/clk_r_REG1410_S8/D
                                0.90           1.12 r        -0.23  (VIOLATED)
   DP_OP_696J3_132_296/clk_r_REG574_S4/D
                                0.91           1.13 r        -0.23  (VIOLATED)
   u_os_array/gen_row[0].gen_col[2].pe_inst/clk_gate_input_out_reg_reg/latch/E
                                0.34           0.56 r        -0.23  (VIOLATED)
   DP_OP_686J3_122_296/clk_r_REG1498_S3/D
                                0.90           1.13 f        -0.23  (VIOLATED)
   DP_OP_687J3_123_296/clk_r_REG27_S10/D
                                0.89           1.11 f        -0.23  (VIOLATED)
   DP_OP_692J3_128_296/clk_r_REG499_S7/D
                                0.89           1.12 f        -0.22  (VIOLATED)
   DP_OP_692J3_128_296/clk_r_REG486_S8/D
                                0.88           1.10 f        -0.22  (VIOLATED)
   DP_OP_689J3_125_296/clk_r_REG868_S9/D
                                0.91           1.13 r        -0.22  (VIOLATED)
   DP_OP_694J3_130_296/clk_r_REG1550_S6/D
                                0.91           1.13 f        -0.22  (VIOLATED)
   DP_OP_699J3_135_296/clk_r_REG148_S3/D
                                0.90           1.13 f        -0.22  (VIOLATED)
   DP_OP_689J3_125_296/clk_r_REG888_S10/D
                                0.90           1.12 f        -0.22  (VIOLATED)
   DP_OP_692J3_128_296/clk_r_REG517_S6/D
                                0.89           1.11 f        -0.22  (VIOLATED)
   DP_OP_691J3_127_296/clk_r_REG203_S6/D
                                0.89           1.11 f        -0.22  (VIOLATED)
   DP_OP_688J3_124_296/clk_r_REG667_S8/D
                                0.90           1.12 r        -0.22  (VIOLATED)
   DP_OP_698J3_134_296/clk_r_REG1430_S6/D
                                0.88           1.10 f        -0.22  (VIOLATED)
   DP_OP_697J3_133_296/clk_r_REG988_S4/D
                                0.90           1.13 r        -0.22  (VIOLATED)
   output_data[411]             0.80           1.02 r        -0.22  (VIOLATED)
   DP_OP_689J3_125_296/clk_r_REG870_S9/D
                                0.90           1.12 f        -0.22  (VIOLATED)
   DP_OP_689J3_125_296/clk_r_REG880_S10/D
                                0.89           1.11 f        -0.22  (VIOLATED)
   DP_OP_690J3_126_296/clk_r_REG1569_S8/D
                                0.89           1.11 f        -0.22  (VIOLATED)
   DP_OP_687J3_123_296/clk_r_REG10_S8/D
                                0.91           1.13 f        -0.22  (VIOLATED)
   DP_OP_691J3_127_296/clk_r_REG76_S7/D
                                0.90           1.12 f        -0.22  (VIOLATED)
   u_os_array/gen_row[1].gen_col[2].pe_inst/clk_gate_accumulator_reg/latch/E
                                0.34           0.56 r        -0.22  (VIOLATED)
   DP_OP_699J3_135_296/clk_r_REG171_S5/D
                                0.90           1.12 f        -0.22  (VIOLATED)
   output_data[409]             0.80           1.02 r        -0.22  (VIOLATED)
   DP_OP_696J3_132_296/clk_r_REG557_S5/D
                                0.90           1.12 f        -0.22  (VIOLATED)
   DP_OP_696J3_132_296/clk_r_REG551_S5/D
                                0.88           1.10 f        -0.22  (VIOLATED)
   DP_OP_701J3_137_296/clk_r_REG1021_S3/D
                                0.90           1.12 f        -0.22  (VIOLATED)
   DP_OP_689J3_125_296/clk_r_REG867_S9/D
                                0.91           1.13 r        -0.22  (VIOLATED)
   DP_OP_698J3_134_296/clk_r_REG1459_S4/D
                                0.90           1.12 f        -0.22  (VIOLATED)
   DP_OP_689J3_125_296/clk_r_REG883_S10/D
                                0.89           1.11 f        -0.22  (VIOLATED)
   DP_OP_691J3_127_296/clk_r_REG52_S6/D
                                0.90           1.12 f        -0.22  (VIOLATED)
   DP_OP_692J3_128_296/clk_r_REG505_S6/D
                                0.89           1.10 f        -0.22  (VIOLATED)
   DP_OP_699J3_135_296/clk_r_REG151_S2/D
                                0.91           1.12 r        -0.22  (VIOLATED)
   DP_OP_695J3_131_296/clk_r_REG206_S4/D
                                0.90           1.12 r        -0.22  (VIOLATED)
   DP_OP_686J3_122_296/clk_r_REG1515_S2/D
                                0.90           1.12 r        -0.22  (VIOLATED)
   DP_OP_691J3_127_296/clk_r_REG244_S6/D
                                0.90           1.12 f        -0.22  (VIOLATED)
   DP_OP_701J3_137_296/clk_r_REG1047_S2/D
                                0.89           1.11 f        -0.22  (VIOLATED)
   DP_OP_699J3_135_296/clk_r_REG157_S5/D
                                0.91           1.13 r        -0.22  (VIOLATED)
   DP_OP_692J3_128_296/clk_r_REG485_S8/D
                                0.88           1.10 f        -0.22  (VIOLATED)
   DP_OP_693J3_129_296/clk_r_REG950_S7/D
                                0.90           1.12 f        -0.22  (VIOLATED)
   clk_r_REG334_S2/D            0.90           1.12 f        -0.22  (VIOLATED)
   DP_OP_696J3_132_296/clk_r_REG548_S5/D
                                0.90           1.12 f        -0.22  (VIOLATED)
   DP_OP_690J3_126_296/clk_r_REG1642_S8/D
                                0.91           1.12 r        -0.22  (VIOLATED)
   DP_OP_687J3_123_296/clk_r_REG21_S10/D
                                0.90           1.12 r        -0.22  (VIOLATED)
   DP_OP_701J3_137_296/clk_r_REG1031_S3/D
                                0.90           1.12 f        -0.22  (VIOLATED)
   clk_r_REG1679_S2/D           0.91           1.12 f        -0.22  (VIOLATED)
   DP_OP_692J3_128_296/clk_r_REG686_S6/D
                                0.90           1.12 r        -0.22  (VIOLATED)
   DP_OP_695J3_131_296/clk_r_REG108_S4/D
                                0.91           1.12 r        -0.22  (VIOLATED)
   DP_OP_693J3_129_296/clk_r_REG941_S8/D
                                0.91           1.13 r        -0.22  (VIOLATED)
   clk_r_REG754_S4/D            0.90           1.12 f        -0.22  (VIOLATED)
   DP_OP_689J3_125_296/clk_r_REG890_S10/D
                                0.88           1.10 f        -0.22  (VIOLATED)
   DP_OP_699J3_135_296/clk_r_REG150_S2/D
                                0.91           1.12 r        -0.22  (VIOLATED)
   DP_OP_688J3_124_296/clk_r_REG465_S10/D
                                0.89           1.10 f        -0.22  (VIOLATED)
   DP_OP_690J3_126_296/clk_r_REG1544_S8/D
                                0.91           1.12 r        -0.22  (VIOLATED)
   DP_OP_701J3_137_296/clk_r_REG1032_S3/D
                                0.89           1.11 f        -0.21  (VIOLATED)
   DP_OP_688J3_124_296/clk_r_REG447_S8/D
                                0.91           1.12 r        -0.21  (VIOLATED)
   DP_OP_694J3_130_296/clk_r_REG1422_S6/D
                                0.90           1.12 r        -0.21  (VIOLATED)
   DP_OP_688J3_124_296/clk_r_REG463_S10/D
                                0.90           1.11 f        -0.21  (VIOLATED)
   output_data[444]             0.80           1.01 r        -0.21  (VIOLATED)
   clk_r_REG1186_S2/D           0.89           1.11 r        -0.21  (VIOLATED)
   DP_OP_689J3_125_296/clk_r_REG884_S11/D
                                0.89           1.10 f        -0.21  (VIOLATED)
   DP_OP_690J3_126_296/clk_r_REG1366_S9/D
                                0.89           1.10 f        -0.21  (VIOLATED)
   clk_r_REG1230_S4/D           0.91           1.12 f        -0.21  (VIOLATED)
   DP_OP_697J3_133_296/clk_r_REG1081_S4/D
                                0.90           1.12 f        -0.21  (VIOLATED)
   DP_OP_687J3_123_296/clk_r_REG11_S8/D
                                0.91           1.12 r        -0.21  (VIOLATED)
   DP_OP_695J3_131_296/clk_r_REG111_S5/D
                                0.91           1.12 r        -0.21  (VIOLATED)
   DP_OP_697J3_133_296/clk_r_REG973_S6/D
                                0.88           1.09 f        -0.21  (VIOLATED)
   DP_OP_690J3_126_296/clk_r_REG1623_S8/D
                                0.90           1.12 f        -0.21  (VIOLATED)
   DP_OP_691J3_127_296/clk_r_REG75_S7/D
                                0.91           1.12 r        -0.21  (VIOLATED)
   DP_OP_690J3_126_296/clk_r_REG1352_S11/D
                                0.90           1.11 f        -0.21  (VIOLATED)
   DP_OP_698J3_134_296/clk_r_REG1431_S5/D
                                0.84           1.06 r        -0.21  (VIOLATED)
   DP_OP_701J3_137_296/clk_r_REG1048_S2/D
                                0.90           1.11 f        -0.21  (VIOLATED)
   output_data[155]             0.80           1.01 r        -0.21  (VIOLATED)
   DP_OP_697J3_133_296/clk_r_REG982_S5/D
                                0.90           1.11 f        -0.21  (VIOLATED)
   DP_OP_691J3_127_296/clk_r_REG85_S6/D
                                0.90           1.11 f        -0.21  (VIOLATED)
   DP_OP_697J3_133_296/clk_r_REG964_S5/D
                                0.89           1.11 f        -0.21  (VIOLATED)
   u_os_array/gen_row[2].gen_col[2].pe_inst/clk_gate_accumulator_reg/latch/E
                                0.34           0.55 r        -0.21  (VIOLATED)
   clk_r_REG1665_S2/D           0.90           1.11 f        -0.21  (VIOLATED)
   clk_r_REG342_S8/D            0.90           1.11 f        -0.21  (VIOLATED)
   output_data[57]              0.80           1.01 r        -0.21  (VIOLATED)
   output_data[378]             0.80           1.01 r        -0.21  (VIOLATED)
   output_data[342]             0.80           1.01 r        -0.21  (VIOLATED)
   DP_OP_695J3_131_296/clk_r_REG124_S6/D
                                0.90           1.11 f        -0.21  (VIOLATED)
   clk_r_REG1675_S6/D           0.91           1.12 f        -0.21  (VIOLATED)
   DP_OP_701J3_137_296/clk_r_REG1017_S3/D
                                0.88           1.09 f        -0.21  (VIOLATED)
   DP_OP_698J3_134_296/clk_r_REG1448_S5/D
                                0.90           1.11 f        -0.21  (VIOLATED)
   DP_OP_695J3_131_296/clk_r_REG127_S6/D
                                0.91           1.12 r        -0.21  (VIOLATED)
   DP_OP_695J3_131_296/clk_r_REG130_S6/D
                                0.88           1.09 f        -0.21  (VIOLATED)
   output_data[186]             0.80           1.01 r        -0.21  (VIOLATED)
   DP_OP_693J3_129_296/clk_r_REG921_S6/D
                                0.90           1.11 f        -0.21  (VIOLATED)
   DP_OP_695J3_131_296/clk_r_REG118_S6/D
                                0.90           1.11 f        -0.21  (VIOLATED)
   DP_OP_701J3_137_296/clk_r_REG1015_S3/D
                                0.89           1.10 f        -0.21  (VIOLATED)
   DP_OP_692J3_128_296/clk_r_REG498_S7/D
                                0.91           1.12 r        -0.21  (VIOLATED)
   DP_OP_700J3_136_296/clk_r_REG583_S2/D
                                0.91           1.12 r        -0.21  (VIOLATED)
   DP_OP_698J3_134_296/clk_r_REG1435_S5/D
                                0.90           1.11 f        -0.21  (VIOLATED)
   DP_OP_701J3_137_296/clk_r_REG1038_S2/D
                                0.89           1.10 f        -0.21  (VIOLATED)
   DP_OP_699J3_135_296/clk_r_REG170_S5/D
                                0.90           1.11 f        -0.21  (VIOLATED)
   DP_OP_690J3_126_296/clk_r_REG1363_S10/D
                                0.90           1.11 f        -0.21  (VIOLATED)
   DP_OP_693J3_129_296/clk_r_REG932_S8/D
                                0.89           1.10 r        -0.21  (VIOLATED)
   DP_OP_698J3_134_296/clk_r_REG1427_S5/D
                                0.90           1.11 f        -0.21  (VIOLATED)
   clk_r_REG348_S2/D            0.90           1.11 f        -0.21  (VIOLATED)
   DP_OP_687J3_123_296/clk_r_REG18_S11/D
                                0.90           1.10 f        -0.21  (VIOLATED)
   DP_OP_691J3_127_296/clk_r_REG242_S6/D
                                0.90           1.11 f        -0.21  (VIOLATED)
   DP_OP_697J3_133_296/clk_r_REG969_S5/D
                                0.90           1.11 f        -0.21  (VIOLATED)
   DP_OP_696J3_132_296/clk_r_REG578_S4/D
                                0.90           1.10 r        -0.21  (VIOLATED)
   DP_OP_688J3_124_296/clk_r_REG448_S8/D
                                0.90           1.11 r        -0.21  (VIOLATED)
   DP_OP_700J3_136_296/clk_r_REG587_S4/D
                                0.89           1.09 f        -0.21  (VIOLATED)
   DP_OP_697J3_133_296/clk_r_REG970_S5/D
                                0.90           1.11 f        -0.21  (VIOLATED)
   output_data[60]              0.80           1.00 r        -0.20  (VIOLATED)
   output_data[189]             0.80           1.00 r        -0.20  (VIOLATED)
   DP_OP_697J3_133_296/clk_r_REG972_S6/D
                                0.88           1.09 f        -0.20  (VIOLATED)
   DP_OP_690J3_126_296/clk_r_REG1356_S10/D
                                0.91           1.11 r        -0.20  (VIOLATED)
   DP_OP_697J3_133_296/clk_r_REG968_S5/D
                                0.90           1.11 f        -0.20  (VIOLATED)
   DP_OP_692J3_128_296/clk_r_REG503_S7/D
                                0.90           1.11 f        -0.20  (VIOLATED)
   DP_OP_689J3_125_296/clk_r_REG893_S10/D
                                0.90           1.10 f        -0.20  (VIOLATED)
   DP_OP_690J3_126_296/clk_r_REG1341_S10/D
                                0.90           1.10 f        -0.20  (VIOLATED)
   DP_OP_697J3_133_296/clk_r_REG987_S4/D
                                0.90           1.10 f        -0.20  (VIOLATED)
   DP_OP_698J3_134_296/clk_r_REG1429_S6/D
                                0.90           1.10 f        -0.20  (VIOLATED)
   DP_OP_691J3_127_296/clk_r_REG259_S6/D
                                0.91           1.11 r        -0.20  (VIOLATED)
   DP_OP_692J3_128_296/clk_r_REG685_S6/D
                                0.90           1.11 f        -0.20  (VIOLATED)
   DP_OP_696J3_132_296/clk_r_REG571_S5/D
                                0.88           1.08 f        -0.20  (VIOLATED)
   DP_OP_693J3_129_296/clk_r_REG956_S6/D
                                0.91           1.11 r        -0.20  (VIOLATED)
   DP_OP_692J3_128_296/clk_r_REG504_S7/D
                                0.90           1.10 f        -0.20  (VIOLATED)
   u_os_array/gen_row[2].gen_col[0].pe_inst/clk_gate_accumulator_reg/latch/E
                                0.34           0.54 r        -0.20  (VIOLATED)
   clk_r_REG1226_S8/D           0.90           1.10 f        -0.20  (VIOLATED)
   DP_OP_695J3_131_296/clk_r_REG110_S4/D
                                0.91           1.11 r        -0.20  (VIOLATED)
   output_data[156]             0.80           1.00 r        -0.20  (VIOLATED)
   DP_OP_688J3_124_296/clk_r_REG450_S10/D
                                0.89           1.09 f        -0.20  (VIOLATED)
   DP_OP_693J3_129_296/clk_r_REG943_S8/D
                                0.90           1.10 r        -0.20  (VIOLATED)
   u_os_array/gen_row[1].gen_col[2].pe_inst/clk_gate_weight_out_reg_reg/latch/E
                                0.34           0.54 r        -0.20  (VIOLATED)
   u_os_array/gen_row[0].gen_col[1].pe_inst/clk_gate_input_reg_reg/latch/E
                                0.33           0.53 r        -0.20  (VIOLATED)
   u_os_array/gen_row[0].gen_col[1].pe_inst/clk_gate_weight_out_reg_reg/latch/E
                                0.33           0.53 r        -0.20  (VIOLATED)
   DP_OP_701J3_137_296/clk_r_REG1016_S3/D
                                0.90           1.10 f        -0.20  (VIOLATED)
   DP_OP_698J3_134_296/clk_r_REG1442_S5/D
                                0.90           1.10 f        -0.20  (VIOLATED)
   DP_OP_694J3_130_296/clk_r_REG1528_S6/D
                                0.89           1.09 r        -0.20  (VIOLATED)
   DP_OP_687J3_123_296/clk_r_REG48_S8/D
                                0.90           1.10 r        -0.20  (VIOLATED)
   DP_OP_689J3_125_296/clk_r_REG894_S10/D
                                0.90           1.10 f        -0.20  (VIOLATED)
   DP_OP_690J3_126_296/clk_r_REG1362_S10/D
                                0.90           1.10 f        -0.20  (VIOLATED)
   output_data[347]             0.80           1.00 r        -0.20  (VIOLATED)
   DP_OP_692J3_128_296/clk_r_REG509_S6/D
                                0.90           1.10 f        -0.20  (VIOLATED)
   DP_OP_701J3_137_296/clk_r_REG1027_S4/D
                                0.89           1.09 f        -0.20  (VIOLATED)
   DP_OP_689J3_125_296/clk_r_REG1076_S8/D
                                0.89           1.08 f        -0.20  (VIOLATED)
   DP_OP_691J3_127_296/clk_r_REG278_S6/D
                                0.90           1.10 f        -0.20  (VIOLATED)
   DP_OP_690J3_126_296/clk_r_REG1357_S10/D
                                0.89           1.09 f        -0.20  (VIOLATED)
   clk_r_REG780_S6/D            0.91           1.11 f        -0.20  (VIOLATED)
   DP_OP_698J3_134_296/clk_r_REG1531_S4/D
                                0.90           1.10 f        -0.20  (VIOLATED)
   DP_OP_700J3_136_296/clk_r_REG633_S2/D
                                0.91           1.10 f        -0.20  (VIOLATED)
   DP_OP_689J3_125_296/clk_r_REG874_S10/D
                                0.90           1.10 f        -0.20  (VIOLATED)
   DP_OP_696J3_132_296/clk_r_REG652_S4/D
                                0.91           1.11 r        -0.20  (VIOLATED)
   DP_OP_701J3_137_296/clk_r_REG1083_S2/D
                                0.90           1.10 f        -0.20  (VIOLATED)
   DP_OP_692J3_128_296/clk_r_REG507_S6/D
                                0.90           1.09 f        -0.20  (VIOLATED)
   DP_OP_687J3_123_296/clk_r_REG30_S11/D
                                0.91           1.11 r        -0.20  (VIOLATED)
   DP_OP_687J3_123_296/clk_r_REG9_S8/D
                                0.91           1.10 r        -0.20  (VIOLATED)
   u_os_array/gen_row[0].gen_col[0].pe_inst/clk_gate_weight_reg_reg/latch/E
                                0.34           0.53 r        -0.19  (VIOLATED)
   DP_OP_690J3_126_296/clk_r_REG1361_S10/D
                                0.88           1.08 r        -0.19  (VIOLATED)
   DP_OP_691J3_127_296/clk_r_REG54_S7/D
                                0.90           1.10 f        -0.19  (VIOLATED)
   clk_r_REG281_S4/D            0.90           1.10 f        -0.19  (VIOLATED)
   DP_OP_693J3_129_296/clk_r_REG928_S8/D
                                0.89           1.08 f        -0.19  (VIOLATED)
   clk_r_REG1659_S6/D           0.91           1.10 f        -0.19  (VIOLATED)
   output_data[127]             0.80           0.99 r        -0.19  (VIOLATED)
   clk_r_REG1662_S4/D           0.90           1.10 r        -0.19  (VIOLATED)
   DP_OP_690J3_126_296/clk_r_REG1342_S10/D
                                0.89           1.09 f        -0.19  (VIOLATED)
   clk_r_REG1687_S8/D           0.91           1.10 f        -0.19  (VIOLATED)
   DP_OP_692J3_128_296/clk_r_REG720_S6/D
                                0.90           1.09 f        -0.19  (VIOLATED)
   u_os_array/gen_row[0].gen_col[1].pe_inst/clk_gate_weight_reg_reg/latch/E
                                0.34           0.53 r        -0.19  (VIOLATED)
   DP_OP_700J3_136_296/clk_r_REG602_S4/D
                                0.88           1.07 f        -0.19  (VIOLATED)
   DP_OP_688J3_124_296/clk_r_REG477_S8/D
                                0.90           1.10 r        -0.19  (VIOLATED)
   DP_OP_698J3_134_296/clk_r_REG1447_S5/D
                                0.90           1.09 f        -0.19  (VIOLATED)
   output_data[345]             0.80           0.99 r        -0.19  (VIOLATED)
   clk_r_REG1228_S6/D           0.90           1.10 f        -0.19  (VIOLATED)
   DP_OP_700J3_136_296/clk_r_REG585_S2/D
                                0.91           1.10 r        -0.19  (VIOLATED)
   clk_r_REG750_S8/D            0.90           1.09 f        -0.19  (VIOLATED)
   DP_OP_694J3_130_296/clk_r_REG1404_S8/D
                                0.89           1.09 f        -0.19  (VIOLATED)
   DP_OP_700J3_136_296/clk_r_REG616_S2/D
                                0.91           1.10 r        -0.19  (VIOLATED)
   DP_OP_690J3_126_296/clk_r_REG1349_S10/D
                                0.89           1.08 r        -0.19  (VIOLATED)
   DP_OP_692J3_128_296/clk_r_REG493_S7/D
                                0.89           1.08 f        -0.19  (VIOLATED)
   DP_OP_688J3_124_296/clk_r_REG446_S8/D
                                0.91           1.10 r        -0.19  (VIOLATED)
   output_data[346]             0.80           0.99 r        -0.19  (VIOLATED)
   clk_r_REG359_S6/D            0.91           1.10 f        -0.19  (VIOLATED)
   DP_OP_693J3_129_296/clk_r_REG923_S6/D
                                0.91           1.10 f        -0.19  (VIOLATED)
   DP_OP_695J3_131_296/clk_r_REG113_S6/D
                                0.90           1.09 r        -0.19  (VIOLATED)
   DP_OP_699J3_135_296/clk_r_REG153_S4/D
                                0.89           1.08 f        -0.19  (VIOLATED)
   DP_OP_692J3_128_296/clk_r_REG705_S6/D
                                0.91           1.10 r        -0.19  (VIOLATED)
   DP_OP_701J3_137_296/clk_r_REG1025_S3/D
                                0.89           1.08 r        -0.19  (VIOLATED)
   DP_OP_693J3_129_296/clk_r_REG957_S6/D
                                0.91           1.10 f        -0.19  (VIOLATED)
   DP_OP_688J3_124_296/clk_r_REG478_S8/D
                                0.89           1.08 r        -0.19  (VIOLATED)
   DP_OP_690J3_126_296/clk_r_REG1608_S8/D
                                0.91           1.10 r        -0.19  (VIOLATED)
   DP_OP_687J3_123_296/clk_r_REG49_S8/D
                                0.89           1.08 r        -0.19  (VIOLATED)
   DP_OP_697J3_133_296/clk_r_REG981_S5/D
                                0.90           1.09 f        -0.19  (VIOLATED)
   output_data[511]             0.80           0.99 r        -0.19  (VIOLATED)
   u_os_array/gen_row[0].gen_col[0].pe_inst/clk_gate_input_reg_reg/latch/E
                                0.34           0.52 r        -0.19  (VIOLATED)
   u_os_array/gen_row[0].gen_col[0].pe_inst/clk_gate_weight_out_reg_reg/latch/E
                                0.34           0.52 r        -0.19  (VIOLATED)
   clk_r_REG328_S6/D            0.89           1.08 f        -0.19  (VIOLATED)
   DP_OP_689J3_125_296/clk_r_REG872_S10/D
                                0.89           1.07 f        -0.19  (VIOLATED)
   DP_OP_687J3_123_296/clk_r_REG36_S10/D
                                0.90           1.09 f        -0.18  (VIOLATED)
   DP_OP_695J3_131_296/clk_r_REG126_S7/D
                                0.88           1.06 f        -0.18  (VIOLATED)
   DP_OP_700J3_136_296/clk_r_REG617_S2/D
                                0.91           1.10 f        -0.18  (VIOLATED)
   u_os_array/gen_row[2].gen_col[0].pe_inst/clk_gate_weight_out_reg_reg/latch/E
                                0.34           0.52 r        -0.18  (VIOLATED)
   DP_OP_689J3_125_296/clk_r_REG1120_S8/D
                                0.88           1.07 f        -0.18  (VIOLATED)
   DP_OP_693J3_129_296/clk_r_REG955_S6/D
                                0.91           1.09 f        -0.18  (VIOLATED)
   u_os_array/gen_row[2].gen_col[1].pe_inst/clk_gate_accumulator_reg/latch/E
                                0.34           0.52 r        -0.18  (VIOLATED)
   clk_r_REG325_S8/D            0.90           1.09 f        -0.18  (VIOLATED)
   u_os_array/gen_row[0].gen_col[0].pe_inst/clk_gate_input_out_reg_reg/latch/E
                                0.34           0.52 r        -0.18  (VIOLATED)
   DP_OP_690J3_126_296/clk_r_REG1346_S10/D
                                0.87           1.05 r        -0.18  (VIOLATED)
   DP_OP_686J3_122_296/clk_r_REG1513_S2/D
                                0.91           1.09 r        -0.18  (VIOLATED)
   DP_OP_694J3_130_296/clk_r_REG1391_S6/D
                                0.90           1.08 r        -0.18  (VIOLATED)
   DP_OP_687J3_123_296/clk_r_REG25_S10/D
                                0.89           1.07 f        -0.18  (VIOLATED)
   clk_r_REG1215_S4/D           0.91           1.09 f        -0.18  (VIOLATED)
   DP_OP_699J3_135_296/clk_r_REG167_S4/D
                                0.89           1.07 f        -0.18  (VIOLATED)
   clk_r_REG757_S2/D            0.90           1.08 r        -0.18  (VIOLATED)
   clk_r_REG770_S2/D            0.91           1.08 f        -0.18  (VIOLATED)
   DP_OP_686J3_122_296/clk_r_REG1516_S2/D
                                0.90           1.07 r        -0.18  (VIOLATED)
   DP_OP_688J3_124_296/clk_r_REG459_S10/D
                                0.90           1.07 f        -0.18  (VIOLATED)
   DP_OP_696J3_132_296/clk_r_REG550_S5/D
                                0.89           1.07 f        -0.18  (VIOLATED)
   DP_OP_687J3_123_296/clk_r_REG20_S10/D
                                0.89           1.07 f        -0.18  (VIOLATED)
   DP_OP_690J3_126_296/clk_r_REG1345_S10/D
                                0.88           1.06 r        -0.18  (VIOLATED)
   DP_OP_691J3_127_296/clk_r_REG66_S8/D
                                0.90           1.08 f        -0.18  (VIOLATED)
   DP_OP_687J3_123_296/clk_r_REG26_S10/D
                                0.90           1.08 f        -0.17  (VIOLATED)
   DP_OP_697J3_133_296/clk_r_REG977_S5/D
                                0.89           1.07 f        -0.17  (VIOLATED)
   DP_OP_691J3_127_296/clk_r_REG61_S7/D
                                0.91           1.08 r        -0.17  (VIOLATED)
   DP_OP_690J3_126_296/clk_r_REG1586_S8/D
                                0.90           1.08 r        -0.17  (VIOLATED)
   DP_OP_696J3_132_296/clk_r_REG563_S5/D
                                0.89           1.06 f        -0.17  (VIOLATED)
   DP_OP_698J3_134_296/clk_r_REG1437_S5/D
                                0.88           1.05 f        -0.17  (VIOLATED)
   clk_r_REG299_S4/D            0.90           1.07 f        -0.17  (VIOLATED)
   DP_OP_691J3_127_296/clk_r_REG67_S8/D
                                0.90           1.07 f        -0.17  (VIOLATED)
   output_data[59]              0.80           0.97 r        -0.17  (VIOLATED)
   DP_OP_687J3_123_296/clk_r_REG24_S10/D
                                0.89           1.06 f        -0.17  (VIOLATED)
   DP_OP_701J3_137_296/clk_r_REG1026_S3/D
                                0.89           1.07 f        -0.17  (VIOLATED)
   DP_OP_696J3_132_296/clk_r_REG559_S5/D
                                0.88           1.05 f        -0.17  (VIOLATED)
   DP_OP_690J3_126_296/clk_r_REG1585_S8/D
                                0.91           1.08 f        -0.17  (VIOLATED)
   DP_OP_701J3_137_296/clk_r_REG1024_S3/D
                                0.89           1.07 f        -0.17  (VIOLATED)
   DP_OP_699J3_135_296/clk_r_REG166_S4/D
                                0.90           1.08 f        -0.17  (VIOLATED)
   DP_OP_697J3_133_296/clk_r_REG976_S5/D
                                0.90           1.07 f        -0.17  (VIOLATED)
   DP_OP_701J3_137_296/clk_r_REG1019_S3/D
                                0.91           1.08 r        -0.17  (VIOLATED)
   clk_r_REG1212_S6/D           0.91           1.08 f        -0.17  (VIOLATED)
   DP_OP_697J3_133_296/clk_r_REG965_S5/D
                                0.89           1.06 f        -0.17  (VIOLATED)
   u_os_array/gen_row[1].gen_col[0].pe_inst/clk_gate_accumulator_reg/latch/E
                                0.33           0.50 r        -0.17  (VIOLATED)
   clk_r_REG314_S4/D            0.90           1.07 f        -0.17  (VIOLATED)
   DP_OP_686J3_122_296/clk_r_REG1490_S3/D
                                0.91           1.08 r        -0.17  (VIOLATED)
   DP_OP_696J3_132_296/clk_r_REG630_S4/D
                                0.91           1.08 f        -0.17  (VIOLATED)
   u_os_array/gen_row[1].gen_col[1].pe_inst/clk_gate_accumulator_reg/latch/E
                                0.34           0.50 r        -0.17  (VIOLATED)
   u_os_array/gen_row[2].gen_col[1].pe_inst/clk_gate_input_out_reg_reg/latch/E
                                0.34           0.50 r        -0.17  (VIOLATED)
   clk_r_REG1200_S2/D           0.90           1.06 f        -0.17  (VIOLATED)
   DP_OP_699J3_135_296/clk_r_REG149_S2/D
                                0.90           1.07 r        -0.17  (VIOLATED)
   clk_r_REG1677_S4/D           0.91           1.07 f        -0.17  (VIOLATED)
   u_os_array/gen_row[3].gen_col[2].pe_inst/clk_gate_accumulator_reg/latch/E
                                0.34           0.50 r        -0.16  (VIOLATED)
   DP_OP_690J3_126_296/clk_r_REG1372_S9/D
                                0.88           1.05 f        -0.16  (VIOLATED)
   DP_OP_692J3_128_296/clk_r_REG482_S7/D
                                0.90           1.07 f        -0.16  (VIOLATED)
   DP_OP_696J3_132_296/clk_r_REG576_S4/D
                                0.90           1.07 r        -0.16  (VIOLATED)
   clk_r_REG1209_S8/D           0.89           1.06 f        -0.16  (VIOLATED)
   output_data[124]             0.80           0.96 r        -0.16  (VIOLATED)
   DP_OP_691J3_127_296/clk_r_REG81_S6/D
                                0.90           1.06 f        -0.16  (VIOLATED)
   DP_OP_696J3_132_296/clk_r_REG537_S4/D
                                0.88           1.04 f        -0.16  (VIOLATED)
   DP_OP_691J3_127_296/clk_r_REG260_S6/D
                                0.89           1.05 r        -0.16  (VIOLATED)
   DP_OP_698J3_134_296/clk_r_REG1453_S4/D
                                0.89           1.05 f        -0.16  (VIOLATED)
   clk_r_REG783_S4/D            0.91           1.07 f        -0.16  (VIOLATED)
   DP_OP_690J3_126_296/clk_r_REG1371_S9/D
                                0.88           1.04 f        -0.15  (VIOLATED)
   DP_OP_692J3_128_296/clk_r_REG512_S6/D
                                0.88           1.04 f        -0.15  (VIOLATED)
   DP_OP_701J3_137_296/clk_r_REG1042_S2/D
                                0.90           1.06 f        -0.15  (VIOLATED)
   DP_OP_699J3_135_296/clk_r_REG173_S4/D
                                0.88           1.03 f        -0.15  (VIOLATED)
   DP_OP_696J3_132_296/clk_r_REG543_S5/D
                                0.90           1.05 r        -0.15  (VIOLATED)
   clk_r_REG779_S8/D            0.90           1.06 f        -0.15  (VIOLATED)
   DP_OP_699J3_135_296/clk_r_REG163_S4/D
                                0.92           1.07 f        -0.15  (VIOLATED)
   DP_OP_689J3_125_296/clk_r_REG899_S9/D
                                0.90           1.05 f        -0.15  (VIOLATED)
   output_data[185]             0.80           0.95 r        -0.15  (VIOLATED)
   output_data[344]             0.80           0.95 r        -0.15  (VIOLATED)
   DP_OP_697J3_133_296/clk_r_REG960_S5/D
                                0.89           1.03 f        -0.15  (VIOLATED)
   DP_OP_688J3_124_296/clk_r_REG643_S8/D
                                0.91           1.05 r        -0.15  (VIOLATED)
   DP_OP_698J3_134_296/clk_r_REG1432_S5/D
                                0.89           1.04 r        -0.14  (VIOLATED)
   output_data[154]             0.80           0.94 r        -0.14  (VIOLATED)
   DP_OP_686J3_122_296/clk_r_REG1483_S2/D
                                0.91           1.05 r        -0.14  (VIOLATED)
   clk_r_REG1696_S2/D           0.90           1.05 f        -0.14  (VIOLATED)
   DP_OP_696J3_132_296/clk_r_REG631_S4/D
                                0.90           1.04 f        -0.14  (VIOLATED)
   DP_OP_691J3_127_296/clk_r_REG72_S7/D
                                0.88           1.02 f        -0.14  (VIOLATED)
   DP_OP_696J3_132_296/clk_r_REG671_S4/D
                                0.89           1.03 f        -0.14  (VIOLATED)
   clk_r_REG1247_S4/D           0.90           1.04 f        -0.14  (VIOLATED)
   DP_OP_691J3_127_296/clk_r_REG258_S6/D
                                0.90           1.04 r        -0.14  (VIOLATED)
   output_data[507]             0.80           0.94 r        -0.14  (VIOLATED)
   DP_OP_692J3_128_296/clk_r_REG500_S7/D
                                0.88           1.02 f        -0.14  (VIOLATED)
   output_data[439]             0.80           0.94 r        -0.14  (VIOLATED)
   output_data[375]             0.80           0.94 f        -0.14  (VIOLATED)
   DP_OP_690J3_126_296/clk_r_REG1370_S9/D
                                0.89           1.02 f        -0.14  (VIOLATED)
   DP_OP_696J3_132_296/clk_r_REG554_S5/D
                                0.88           1.02 f        -0.14  (VIOLATED)
   DP_OP_687J3_123_296/clk_r_REG50_S8/D
                                0.90           1.04 r        -0.14  (VIOLATED)
   clk_r_REG1690_S6/D           0.91           1.04 f        -0.13  (VIOLATED)
   output_data[222]             0.80           0.93 r        -0.13  (VIOLATED)
   DP_OP_692J3_128_296/clk_r_REG516_S7/D
                                0.88           1.02 f        -0.13  (VIOLATED)
   clk_r_REG374_S6/D            0.90           1.04 r        -0.13  (VIOLATED)
   clk_r_REG357_S8/D            0.91           1.04 f        -0.13  (VIOLATED)
   output_data[408]             0.80           0.93 r        -0.13  (VIOLATED)
   DP_OP_690J3_126_296/clk_r_REG1375_S8/D
                                0.89           1.02 f        -0.13  (VIOLATED)
   output_data[125]             0.80           0.93 r        -0.13  (VIOLATED)
   clk_r_REG365_S2/D            0.90           1.03 f        -0.13  (VIOLATED)
   DP_OP_686J3_122_296/clk_r_REG1517_S2/D
                                0.90           1.03 r        -0.13  (VIOLATED)
   DP_OP_688J3_124_296/clk_r_REG479_S8/D
                                0.91           1.04 f        -0.13  (VIOLATED)
   u_os_array/gen_row[2].gen_col[1].pe_inst/clk_gate_input_reg_reg/latch/E
                                0.33           0.46 r        -0.13  (VIOLATED)
   DP_OP_688J3_124_296/clk_r_REG625_S8/D
                                0.91           1.04 f        -0.13  (VIOLATED)
   output_data[255]             0.80           0.93 r        -0.13  (VIOLATED)
   DP_OP_687J3_123_296/clk_r_REG202_S8/D
                                0.91           1.03 f        -0.13  (VIOLATED)
   output_data[123]             0.80           0.93 f        -0.13  (VIOLATED)
   u_os_array/gen_row[2].gen_col[0].pe_inst/clk_gate_input_reg_reg/latch/E
                                0.33           0.46 r        -0.12  (VIOLATED)
   clk_r_REG1241_S8/D           0.89           1.02 f        -0.12  (VIOLATED)
   DP_OP_692J3_128_296/clk_r_REG515_S7/D
                                0.88           1.01 f        -0.12  (VIOLATED)
   DP_OP_687J3_123_296/clk_r_REG15_S10/D
                                0.88           1.01 f        -0.12  (VIOLATED)
   u_os_array/gen_row[2].gen_col[1].pe_inst/clk_gate_weight_reg_reg/latch/E
                                0.34           0.46 r        -0.12  (VIOLATED)
   output_data[220]             0.80           0.92 r        -0.12  (VIOLATED)
   output_data[441]             0.80           0.92 r        -0.12  (VIOLATED)
   clk_r_REG346_S4/D            0.90           1.02 f        -0.12  (VIOLATED)
   DP_OP_690J3_126_296/clk_r_REG1358_S10/D
                                0.88           1.00 f        -0.12  (VIOLATED)
   output_data[376]             0.80           0.92 r        -0.12  (VIOLATED)
   DP_OP_686J3_122_296/clk_r_REG1533_S2/D
                                0.91           1.03 f        -0.12  (VIOLATED)
   DP_OP_698J3_134_296/clk_r_REG1444_S5/D
                                0.89           1.01 f        -0.12  (VIOLATED)
   u_os_array/gen_row[2].gen_col[1].pe_inst/clk_gate_weight_out_reg_reg/latch/E
                                0.34           0.46 r        -0.12  (VIOLATED)
   u_os_array/gen_row[2].gen_col[0].pe_inst/clk_gate_weight_reg_reg/latch/E
                                0.34           0.46 r        -0.12  (VIOLATED)
   DP_OP_697J3_133_296/clk_r_REG978_S5/D
                                0.89           1.00 f        -0.12  (VIOLATED)
   output_data[126]             0.80           0.92 r        -0.12  (VIOLATED)
   clk_r_REG331_S4/D            0.89           1.01 r        -0.12  (VIOLATED)
   DP_OP_687J3_123_296/clk_r_REG32_S10/D
                                0.89           1.00 f        -0.12  (VIOLATED)
   clk_r_REG1232_S2/D           0.90           1.01 f        -0.12  (VIOLATED)
   u_os_array/gen_row[2].gen_col[0].pe_inst/clk_gate_input_out_reg_reg/latch/E
                                0.34           0.45 r        -0.12  (VIOLATED)
   u_os_array/gen_row[2].gen_col[2].pe_inst/clk_gate_input_out_reg_reg/latch/E
                                0.34           0.45 r        -0.11  (VIOLATED)
   clk_r_REG1244_S6/D           0.90           1.02 f        -0.11  (VIOLATED)
   DP_OP_693J3_129_296/clk_r_REG1078_S6/D
                                0.91           1.03 f        -0.11  (VIOLATED)
   output_data[440]             0.80           0.91 r        -0.11  (VIOLATED)
   output_data[407]             0.80           0.91 r        -0.11  (VIOLATED)
   u_os_array/gen_row[2].gen_col[2].pe_inst/clk_gate_weight_reg_reg/latch/E
                                0.34           0.45 r        -0.11  (VIOLATED)
   clk_r_REG1704_S8/D           0.90           1.01 r        -0.11  (VIOLATED)
   output_data[442]             0.80           0.91 r        -0.11  (VIOLATED)
   clk_r_REG1218_S2/D           0.89           1.00 r        -0.11  (VIOLATED)
   output_data[510]             0.80           0.91 r        -0.11  (VIOLATED)
   DP_OP_695J3_131_296/clk_r_REG115_S7/D
                                0.90           1.01 f        -0.11  (VIOLATED)
   DP_OP_688J3_124_296/clk_r_REG666_S8/D
                                0.88           0.99 f        -0.11  (VIOLATED)
   u_os_array/gen_row[2].gen_col[2].pe_inst/clk_gate_input_reg_reg/latch/E
                                0.34           0.44 r        -0.11  (VIOLATED)
   u_os_array/gen_row[2].gen_col[2].pe_inst/clk_gate_weight_out_reg_reg/latch/E
                                0.34           0.44 r        -0.11  (VIOLATED)
   output_data[55]              0.80           0.90 r        -0.10  (VIOLATED)
   clk_r_REG388_S6/D            0.91           1.01 f        -0.10  (VIOLATED)
   output_data[509]             0.80           0.90 r        -0.10  (VIOLATED)
   clk_r_REG786_S2/D            0.91           1.01 f        -0.10  (VIOLATED)
   clk_r_REG1718_S8/D           0.90           1.00 f        -0.10  (VIOLATED)
   u_os_array/gen_row[3].gen_col[0].pe_inst/clk_gate_accumulator_reg/latch/E
                                0.34           0.43 r        -0.10  (VIOLATED)
   u_os_array/gen_row[3].gen_col[1].pe_inst/clk_gate_accumulator_reg/latch/E
                                0.34           0.43 r        -0.10  (VIOLATED)
   DP_OP_692J3_128_296/clk_r_REG488_S7/D
                                0.90           0.99 f        -0.10  (VIOLATED)
   output_data[122]             0.80           0.90 f        -0.10  (VIOLATED)
   DP_OP_701J3_137_296/clk_r_REG1050_S3/D
                                0.89           0.98 f        -0.09  (VIOLATED)
   DP_OP_693J3_129_296/clk_r_REG1079_S6/D
                                0.90           0.99 f        -0.09  (VIOLATED)
   clk_r_REG795_S6/D            0.90           1.00 f        -0.09  (VIOLATED)
   clk_r_REG1693_S4/D           0.90           1.00 r        -0.09  (VIOLATED)
   clk_r_REG794_S8/D            0.90           0.99 f        -0.09  (VIOLATED)
   u_os_array/gen_row[0].gen_col[3].pe_inst/clk_gate_accumulator_reg/latch/E
                                0.34           0.43 f        -0.09  (VIOLATED)
   u_os_array/gen_row[1].gen_col[3].pe_inst/clk_gate_accumulator_reg/latch/E
                                0.34           0.43 f        -0.09  (VIOLATED)
   u_os_array/gen_row[2].gen_col[3].pe_inst/clk_gate_accumulator_reg/latch/E
                                0.34           0.43 f        -0.09  (VIOLATED)
   u_os_array/gen_row[3].gen_col[3].pe_inst/clk_gate_accumulator_reg/latch/E
                                0.34           0.43 f        -0.09  (VIOLATED)
   clk_r_REG797_S4/D            0.90           0.99 f        -0.09  (VIOLATED)
   output_data[221]             0.80           0.89 r        -0.09  (VIOLATED)
   u_os_array/gen_row[1].gen_col[0].pe_inst/clk_gate_weight_out_reg_reg/latch/E
                                0.34           0.43 r        -0.09  (VIOLATED)
   clk_r_REG1273_S8/D           0.90           0.99 f        -0.09  (VIOLATED)
   u_os_array/gen_row[1].gen_col[0].pe_inst/clk_gate_input_out_reg_reg/latch/E
                                0.33           0.42 r        -0.09  (VIOLATED)
   u_os_array/gen_row[1].gen_col[0].pe_inst/clk_gate_input_reg_reg/latch/E
                                0.33           0.42 r        -0.09  (VIOLATED)
   DP_OP_687J3_123_296/clk_r_REG201_S8/D
                                0.90           0.99 f        -0.09  (VIOLATED)
   DP_OP_700J3_136_296/clk_r_REG634_S2/D
                                0.90           0.98 f        -0.08  (VIOLATED)
   DP_OP_687J3_123_296/clk_r_REG23_S10/D
                                0.90           0.99 r        -0.08  (VIOLATED)
   output_data[153]             0.80           0.88 r        -0.08  (VIOLATED)
   DP_OP_696J3_132_296/clk_r_REG562_S5/D
                                0.90           0.98 f        -0.08  (VIOLATED)
   clk_r_REG809_S6/D            0.91           0.99 f        -0.08  (VIOLATED)
   output_data[151]             0.80           0.88 r        -0.08  (VIOLATED)
   DP_OP_686J3_122_296/clk_r_REG1534_S2/D
                                0.90           0.98 f        -0.08  (VIOLATED)
   DP_OP_686J3_122_296/clk_r_REG1726_S1/D
                                0.88           0.95 f        -0.08  (VIOLATED)
   DP_OP_699J3_135_296/clk_r_REG232_S1/D
                                0.88           0.95 f        -0.08  (VIOLATED)
   DP_OP_699J3_135_296/clk_r_REG364_S1/D
                                0.88           0.95 f        -0.08  (VIOLATED)
   DP_OP_700J3_136_296/clk_r_REG695_S1/D
                                0.88           0.95 f        -0.08  (VIOLATED)
   DP_OP_700J3_136_296/clk_r_REG756_S1/D
                                0.88           0.95 f        -0.08  (VIOLATED)
   DP_OP_701J3_137_296/clk_r_REG1185_S1/D
                                0.88           0.95 f        -0.08  (VIOLATED)
   DP_OP_701J3_137_296/clk_r_REG1217_S1/D
                                0.88           0.95 f        -0.08  (VIOLATED)
   DP_OP_698J3_134_296/clk_r_REG1426_S5/D
                                0.88           0.95 f        -0.08  (VIOLATED)
   clk_r_REG1706_S6/D           0.90           0.98 f        -0.08  (VIOLATED)
   output_data[56]              0.80           0.87 r        -0.07  (VIOLATED)
   DP_OP_701J3_137_296/clk_r_REG1033_S3/D
                                0.89           0.96 f        -0.07  (VIOLATED)
   output_data[508]             0.80           0.87 r        -0.07  (VIOLATED)
   DP_OP_689J3_125_296/clk_r_REG903_S9/D
                                0.89           0.96 f        -0.07  (VIOLATED)
   DP_OP_701J3_137_296/clk_r_REG1046_S2/D
                                0.89           0.96 f        -0.07  (VIOLATED)
   DP_OP_699J3_135_296/clk_r_REG172_S4/D
                                0.89           0.97 r        -0.07  (VIOLATED)
   DP_OP_689J3_125_296/clk_r_REG877_S12/D
                                0.89           0.96 f        -0.07  (VIOLATED)
   output_data[219]             0.80           0.87 r        -0.07  (VIOLATED)
   u_os_array/gen_row[1].gen_col[1].pe_inst/clk_gate_input_out_reg_reg/latch/E
                                0.33           0.41 r        -0.07  (VIOLATED)
   u_os_array/gen_row[1].gen_col[1].pe_inst/clk_gate_input_reg_reg/latch/E
                                0.33           0.41 r        -0.07  (VIOLATED)
   DP_OP_688J3_124_296/clk_r_REG626_S8/D
                                0.90           0.97 f        -0.07  (VIOLATED)
   u_os_array/gen_row[1].gen_col[1].pe_inst/clk_gate_weight_out_reg_reg/latch/E
                                0.34           0.41 r        -0.07  (VIOLATED)
   clk_r_REG1260_S6/D           0.90           0.97 f        -0.07  (VIOLATED)
   DP_OP_700J3_136_296/clk_r_REG656_S1/D
                                0.88           0.95 f        -0.07  (VIOLATED)
   DP_OP_686J3_122_296/clk_r_REG1695_S1/D
                                0.88           0.95 f        -0.07  (VIOLATED)
   DP_OP_700J3_136_296/clk_r_REG726_S1/D
                                0.88           0.95 f        -0.07  (VIOLATED)
   output_data[184]             0.80           0.87 r        -0.07  (VIOLATED)
   DP_OP_701J3_137_296/clk_r_REG1150_S1/D
                                0.88           0.95 f        -0.07  (VIOLATED)
   DP_OP_699J3_135_296/clk_r_REG333_S1/D
                                0.88           0.95 f        -0.07  (VIOLATED)
   DP_OP_699J3_135_296/clk_r_REG146_S1/D
                                0.88           0.95 f        -0.07  (VIOLATED)
   output_data[479]             0.80           0.87 r        -0.07  (VIOLATED)
   u_os_array/gen_row[3].gen_col[2].pe_inst/clk_gate_weight_out_reg_reg/latch/E
                                0.34           0.41 r        -0.07  (VIOLATED)
   clk_r_REG373_S8/D            0.90           0.97 f        -0.07  (VIOLATED)
   u_os_array/gen_row[1].gen_col[1].pe_inst/clk_gate_weight_reg_reg/latch/E
                                0.34           0.41 f        -0.07  (VIOLATED)
   DP_OP_697J3_133_296/clk_r_REG962_S5/D
                                0.89           0.95 r        -0.07  (VIOLATED)
   DP_OP_692J3_128_296/clk_r_REG511_S6/D
                                0.88           0.95 f        -0.07  (VIOLATED)
   u_os_array/gen_row[3].gen_col[2].pe_inst/clk_gate_input_reg_reg/latch/E
                                0.34           0.40 r        -0.07  (VIOLATED)
   output_data[319]             0.80           0.87 r        -0.07  (VIOLATED)
   u_os_array/gen_row[1].gen_col[0].pe_inst/clk_gate_weight_reg_reg/latch/E
                                0.34           0.40 r        -0.06  (VIOLATED)
   DP_OP_691J3_127_296/clk_r_REG58_S7/D
                                0.89           0.96 f        -0.06  (VIOLATED)
   output_data[254]             0.80           0.86 r        -0.06  (VIOLATED)
   DP_OP_698J3_134_296/clk_r_REG1457_S4/D
                                0.89           0.95 f        -0.06  (VIOLATED)
   output_data[374]             0.80           0.86 r        -0.06  (VIOLATED)
   clk_r_REG1710_S2/D           0.90           0.96 f        -0.06  (VIOLATED)
   DP_OP_697J3_133_296/clk_r_REG990_S4/D
                                0.89           0.95 f        -0.06  (VIOLATED)
   clk_r_REG1276_S6/D           0.90           0.96 f        -0.06  (VIOLATED)
   DP_OP_698J3_134_296/clk_r_REG1461_S5/D
                                0.89           0.94 f        -0.06  (VIOLATED)
   DP_OP_691J3_127_296/clk_r_REG84_S6/D
                                0.88           0.93 f        -0.05  (VIOLATED)
   DP_OP_691J3_127_296/clk_r_REG87_S7/D
                                0.89           0.94 f        -0.05  (VIOLATED)
   clk_r_REG362_S4/D            0.89           0.95 r        -0.05  (VIOLATED)
   clk_r_REG1262_S4/D           0.90           0.96 f        -0.05  (VIOLATED)
   DP_OP_697J3_133_296/clk_r_REG1144_S3/D
                                0.88           0.93 f        -0.05  (VIOLATED)
   DP_OP_698J3_134_296/clk_r_REG1593_S3/D
                                0.88           0.93 f        -0.05  (VIOLATED)
   DP_OP_698J3_134_296/clk_r_REG1661_S3/D
                                0.88           0.93 f        -0.05  (VIOLATED)
   DP_OP_698J3_134_296/clk_r_REG1692_S3/D
                                0.88           0.93 f        -0.05  (VIOLATED)
   DP_OP_695J3_131_296/clk_r_REG106_S3/D
                                0.88           0.93 f        -0.05  (VIOLATED)
   DP_OP_695J3_131_296/clk_r_REG265_S3/D
                                0.88           0.93 f        -0.05  (VIOLATED)
   DP_OP_695J3_131_296/clk_r_REG298_S3/D
                                0.88           0.93 f        -0.05  (VIOLATED)
   DP_OP_695J3_131_296/clk_r_REG330_S3/D
                                0.88           0.93 f        -0.05  (VIOLATED)
   DP_OP_695J3_131_296/clk_r_REG361_S3/D
                                0.88           0.93 f        -0.05  (VIOLATED)
   DP_OP_695J3_131_296/clk_r_REG390_S3/D
                                0.88           0.93 f        -0.05  (VIOLATED)
   DP_OP_696J3_132_296/clk_r_REG723_S3/D
                                0.88           0.93 f        -0.05  (VIOLATED)
   DP_OP_698J3_134_296/clk_r_REG1629_S3/D
                                0.88           0.93 f        -0.05  (VIOLATED)
   DP_OP_698J3_134_296/clk_r_REG1723_S3/D
                                0.88           0.93 f        -0.05  (VIOLATED)
   DP_OP_696J3_132_296/clk_r_REG691_S3/D
                                0.88           0.93 f        -0.05  (VIOLATED)
   DP_OP_697J3_133_296/clk_r_REG1246_S3/D
                                0.88           0.93 f        -0.05  (VIOLATED)
   output_data[95]              0.80           0.85 r        -0.05  (VIOLATED)
   clk_r_REG812_S4/D            0.90           0.95 f        -0.05  (VIOLATED)
   output_data[253]             0.80           0.85 r        -0.05  (VIOLATED)
   output_data[405]             0.80           0.84 r        -0.04  (VIOLATED)
   u_os_array/gen_row[3].gen_col[1].pe_inst/clk_gate_weight_out_reg_reg/latch/E
                                0.33           0.38 f        -0.04  (VIOLATED)
   u_os_array/gen_row[3].gen_col[0].pe_inst/clk_gate_weight_out_reg_reg/latch/E
                                0.33           0.38 f        -0.04  (VIOLATED)
   DP_OP_697J3_133_296/clk_r_REG993_S5/D
                                0.88           0.93 f        -0.04  (VIOLATED)
   output_data[152]             0.80           0.84 r        -0.04  (VIOLATED)
   clk_r_REG378_S2/D            0.90           0.94 f        -0.04  (VIOLATED)
   output_data[343]             0.80           0.84 r        -0.04  (VIOLATED)
   DP_OP_687J3_123_296/clk_r_REG7_S7/D
                                0.88           0.92 f        -0.04  (VIOLATED)
   DP_OP_689J3_125_296/clk_r_REG1272_S7/D
                                0.88           0.92 f        -0.04  (VIOLATED)
   clk_r_REG1708_S4/D           0.90           0.94 f        -0.04  (VIOLATED)
   clk_r_REG1250_S2/D           0.90           0.94 f        -0.04  (VIOLATED)
   DP_OP_701J3_137_296/clk_r_REG1107_S1/D
                                0.88           0.92 f        -0.04  (VIOLATED)
   DP_OP_686J3_122_296/clk_r_REG1481_S1/D
                                0.88           0.92 f        -0.04  (VIOLATED)
   DP_OP_700J3_136_296/clk_r_REG581_S1/D
                                0.88           0.92 f        -0.04  (VIOLATED)
   clk_r_REG1727_S2/D           0.90           0.94 f        -0.04  (VIOLATED)
   output_data[478]             0.80           0.84 r        -0.04  (VIOLATED)
   output_data[54]              0.80           0.84 r        -0.04  (VIOLATED)
   clk_r_REG799_S2/D            0.90           0.94 f        -0.04  (VIOLATED)
   clk_r_REG1721_S6/D           0.90           0.94 f        -0.04  (VIOLATED)
   DP_OP_687J3_123_296/clk_r_REG35_S10/D
                                0.90           0.94 f        -0.04  (VIOLATED)
   output_data[436]             0.80           0.83 r        -0.03  (VIOLATED)
   DP_OP_688J3_124_296/clk_r_REG444_S7/D
                                0.88           0.91 f        -0.03  (VIOLATED)
   DP_OP_687J3_123_296/clk_r_REG14_S10/D
                                0.88           0.91 f        -0.03  (VIOLATED)
   DP_OP_686J3_122_296/clk_r_REG1632_S1/D
                                0.88           0.91 f        -0.03  (VIOLATED)
   DP_OP_686J3_122_296/clk_r_REG1664_S1/D
                                0.88           0.91 f        -0.03  (VIOLATED)
   DP_OP_699J3_135_296/clk_r_REG268_S1/D
                                0.88           0.91 f        -0.03  (VIOLATED)
   DP_OP_700J3_136_296/clk_r_REG814_S1/D
                                0.88           0.91 f        -0.03  (VIOLATED)
   DP_OP_701J3_137_296/clk_r_REG1249_S1/D
                                0.88           0.91 f        -0.03  (VIOLATED)
   DP_OP_701J3_137_296/clk_r_REG1281_S1/D
                                0.88           0.91 f        -0.03  (VIOLATED)
   DP_OP_686J3_122_296/clk_r_REG1557_S1/D
                                0.88           0.91 f        -0.03  (VIOLATED)
   DP_OP_699J3_135_296/clk_r_REG301_S1/D
                                0.88           0.91 f        -0.03  (VIOLATED)
   DP_OP_699J3_135_296/clk_r_REG393_S1/D
                                0.88           0.91 f        -0.03  (VIOLATED)
   output_data[341]             0.80           0.83 r        -0.03  (VIOLATED)
   DP_OP_695J3_131_296/clk_r_REG228_S3/D
                                0.88           0.91 f        -0.03  (VIOLATED)
   DP_OP_699J3_135_296/clk_r_REG176_S4/D
                                0.90           0.93 f        -0.03  (VIOLATED)
   DP_OP_689J3_125_296/clk_r_REG1176_S7/D
                                0.88           0.91 f        -0.03  (VIOLATED)
   DP_OP_687J3_123_296/clk_r_REG324_S7/D
                                0.88           0.91 f        -0.03  (VIOLATED)
   DP_OP_687J3_123_296/clk_r_REG356_S7/D
                                0.88           0.91 f        -0.03  (VIOLATED)
   DP_OP_687J3_123_296/clk_r_REG386_S7/D
                                0.88           0.91 f        -0.03  (VIOLATED)
   DP_OP_688J3_124_296/clk_r_REG807_S7/D
                                0.88           0.91 f        -0.03  (VIOLATED)
   DP_OP_689J3_125_296/clk_r_REG1134_S7/D
                                0.88           0.91 f        -0.03  (VIOLATED)
   DP_OP_689J3_125_296/clk_r_REG1208_S7/D
                                0.88           0.91 f        -0.03  (VIOLATED)
   DP_OP_687J3_123_296/clk_r_REG291_S7/D
                                0.88           0.91 f        -0.03  (VIOLATED)
   DP_OP_688J3_124_296/clk_r_REG682_S7/D
                                0.88           0.91 f        -0.03  (VIOLATED)
   output_data[406]             0.80           0.83 r        -0.03  (VIOLATED)
   DP_OP_696J3_132_296/clk_r_REG753_S3/D
                                0.88           0.90 f        -0.02  (VIOLATED)
   clk_r_REG1258_S8/D           0.89           0.92 f        -0.02  (VIOLATED)
   DP_OP_693J3_129_296/clk_r_REG1141_S5/D
                                0.88           0.90 f        -0.02  (VIOLATED)
   DP_OP_686J3_122_296/clk_r_REG1599_S1/D
                                0.88           0.90 f        -0.02  (VIOLATED)
   DP_OP_700J3_136_296/clk_r_REG785_S1/D
                                0.88           0.90 f        -0.02  (VIOLATED)
   DP_OP_696J3_132_296/clk_r_REG568_S5/D
                                0.89           0.91 f        -0.02  (VIOLATED)
   output_data[181]             0.80           0.82 r        -0.02  (VIOLATED)
   DP_OP_689J3_125_296/clk_r_REG904_S9/D
                                0.89           0.91 f        -0.02  (VIOLATED)
   output_data[404]             0.80           0.82 r        -0.02  (VIOLATED)
   clk_r_REG1279_S4/D           0.90           0.92 f        -0.02  (VIOLATED)
   DP_OP_691J3_127_296/clk_r_REG327_S5/D
                                0.88           0.90 f        -0.02  (VIOLATED)
   DP_OP_697J3_133_296/clk_r_REG1278_S3/D
                                0.88           0.90 f        -0.02  (VIOLATED)
   DP_OP_696J3_132_296/clk_r_REG651_S3/D
                                0.88           0.90 f        -0.02  (VIOLATED)
   output_data[340]             0.80           0.82 r        -0.02  (VIOLATED)
   clk_r_REG808_S8/D            0.90           0.92 f        -0.02  (VIOLATED)
   clk_r_REG387_S8/D            0.90           0.92 f        -0.02  (VIOLATED)
   DP_OP_693J3_129_296/clk_r_REG1179_S5/D
                                0.88           0.89 f        -0.01  (VIOLATED)
   DP_OP_697J3_133_296/clk_r_REG1214_S3/D
                                0.88           0.89 f        -0.01  (VIOLATED)
   DP_OP_696J3_132_296/clk_r_REG782_S3/D
                                0.88           0.89 f        -0.01  (VIOLATED)
   output_data[30]              0.80           0.81 r        -0.01  (VIOLATED)
   output_data[218]             0.80           0.81 r        -0.01  (VIOLATED)
   DP_OP_693J3_129_296/clk_r_REG1275_S5/D
                                0.88           0.89 f        -0.01  (VIOLATED)
   output_data[476]             0.80           0.81 r        -0.01  (VIOLATED)
   DP_OP_696J3_132_296/clk_r_REG811_S3/D
                                0.88           0.89 f        -0.01  (VIOLATED)
   DP_OP_696J3_132_296/clk_r_REG533_S3/D
                                0.88           0.89 f        -0.01  (VIOLATED)
   DP_OP_691J3_127_296/clk_r_REG294_S5/D
                                0.88           0.89 f        -0.01  (VIOLATED)
   output_data[91]              0.80           0.81 r        -0.01  (VIOLATED)
   clk_r_REG815_S2/D            0.90           0.91 f        -0.01  (VIOLATED)
   clk_r_REG394_S2/D            0.90           0.91 f        -0.01  (VIOLATED)
   DP_OP_697J3_133_296/clk_r_REG1182_S3/D
                                0.88           0.88 f        -0.01  (VIOLATED)
   u_os_array/gen_row[1].gen_col[3].pe_inst/clk_gate_input_out_reg_reg/latch/E
                                0.34           0.35 f        -0.01  (VIOLATED)
   u_os_array/gen_row[0].gen_col[3].pe_inst/clk_gate_input_out_reg_reg/latch/E
                                0.34           0.35 f        -0.01  (VIOLATED)
   output_data[215]             0.80           0.81 f        -0.01  (VIOLATED)
   clk_r_REG1724_S4/D           0.90           0.91 f         0.00  (VIOLATED: increase significant digits)
   u_os_array/gen_row[2].gen_col[3].pe_inst/clk_gate_input_out_reg_reg/latch/E
                                0.34           0.34 f         0.00  (VIOLATED: increase significant digits)
   u_os_array/gen_row[3].gen_col[3].pe_inst/clk_gate_input_reg_reg/latch/E
                                0.34           0.34 f         0.00  (VIOLATED: increase significant digits)
   u_os_array/gen_row[1].gen_col[3].pe_inst/clk_gate_input_reg_reg/latch/E
                                0.34           0.34 f         0.00  (VIOLATED: increase significant digits)
   u_os_array/gen_row[2].gen_col[3].pe_inst/clk_gate_input_reg_reg/latch/E
                                0.34           0.34 f         0.00  (VIOLATED: increase significant digits)
   output_data[94]              0.80           0.80 r         0.00  (VIOLATED: increase significant digits)
   output_data[477]             0.80           0.80 r         0.00  (VIOLATED: increase significant digits)
   DP_OP_688J3_124_296/clk_r_REG778_S7/D
                                0.88           0.88 f         0.00  (VIOLATED: increase significant digits)
   DP_OP_689J3_125_296/clk_r_REG1091_S7/D
                                0.88           0.88 f         0.00  (VIOLATED: increase significant digits)
   u_os_array/gen_row[3].gen_col[3].pe_inst/clk_gate_weight_reg_reg/latch/E
                                0.35           0.35 f         0.00  (VIOLATED: increase significant digits)
   output_data[403]             0.80           0.80 r         0.00  (VIOLATED: increase significant digits)


   max_area

                             Required        Actual
   Design                      Area           Area           Slack
   -----------------------------------------------------------------
   os_core_top_4x4              0.00       208278.31      -208278.31
                                                                    (VIOLATED)


1
